I_N;I_Co;I_Co2;Espece;Genre;Famille;I_Ci;I_D;I_R;I_Lo;I_La;F_N;F_M_F;F_M_S;F_T_M_S;F_S;F_S_S;F_M_P;F_A;F_B;F_Ba;F_Cd;F_Cu;F_Fe;F_K;F_Li;F_Mg;F_Mn;F_Ni;F_P;F_Pb;F_Zn;R_M_S;R_L;R_L_S;R_V;R_D_T;R_D;R_M_P;R_Al;R_B;R_Ba;R_Ca;R_Cd;R_Cu;R_Fe;R_K;R_Li;R_Mg;R_Mn;R_Ni;R_P;R_Pb;R_Zn;S_M_P;S_M_C;S_pH;S_C;S_M_E;S_Al;S_As;S_B;S_Ca;S_Cd;S_Co;S_Cr;S_Cu;S_K;S_Mg;S_Mn;S_Ni;S_P;S_Pb;S_Zn;;;
1;Que_Rub_1;Que_Rub_1;Que_Rub;Que;Fagaceae;97;30,87605896;4;4,35798333;50,78380000;1;0,4161;0,1379;0,331410719;40,476;293,5170413;0,3094;58,8123908;35,8804003;8,59822889;0,05377194;10,5073226;176,483926;20077,2534;0,0966813;1085,20526;143,150494;6,56977263;1674,01298;0,80808292;30,3255605;0,1755;3805,158;21,68181197;1085,602;0,161661456;0,543;0,3374;1618,27986;14,1196895;33,9772771;4710,92977;0,62565775;12,083836;1125,03956;4769,26972;0,17490269;1198,3913;226,507098;5,21722396;1978,2707;34,2412168;51,5929211;223,75;0;3,97;123,9;10,02;254,012722;0,03688529;0,21428845;384,332669;0,06568586;0,22322156;0,29116536;1,94707217;75,8941573;60,9432317;16,6004085;0,43653265;11,7267701;9,16937762;3,77587772;;;
1;Que_Rub_1;Que_Rub_1;Que_Rub;Que;Fagaceae;97;30,87605896;4;4,35798333;50,78380000;2;0,9882;0,3308;0,334750051;94,882;286,8258767;0,3094;58,8123908;35,8804003;8,59822889;0,05377194;10,5073226;176,483926;20077,2534;0,0966813;1085,20526;143,150494;6,56977263;1674,01298;0,80808292;30,3255605;0,1755;3805,158;21,68181197;1085,602;0,161661456;0,543;0,3374;1618,27986;14,1196895;33,9772771;4710,92977;0,62565775;12,083836;1125,03956;4769,26972;0,17490269;1198,3913;226,507098;5,21722396;1978,2707;34,2412168;51,5929211;223,75;0;3,97;123,9;10,02;254,012722;0,03688529;0,21428845;384,332669;0,06568586;0,22322156;0,29116536;1,94707217;75,8941573;60,9432317;16,6004085;0,43653265;11,7267701;9,16937762;3,77587772;;;
1;Que_Rub_1;Que_Rub_1;Que_Rub;Que;Fagaceae;97;30,87605896;4;4,35798333;50,78380000;3;0,5359;0,1718;0,320582198;51,322;298,7310827;0,3094;58,8123908;35,8804003;8,59822889;0,05377194;10,5073226;176,483926;20077,2534;0,0966813;1085,20526;143,150494;6,56977263;1674,01298;0,80808292;30,3255605;0,1755;3805,158;21,68181197;1085,602;0,161661456;0,543;0,3374;1618,27986;14,1196895;33,9772771;4710,92977;0,62565775;12,083836;1125,03956;4769,26972;0,17490269;1198,3913;226,507098;5,21722396;1978,2707;34,2412168;51,5929211;223,75;0;3,97;123,9;10,02;254,012722;0,03688529;0,21428845;384,332669;0,06568586;0,22322156;0,29116536;1,94707217;75,8941573;60,9432317;16,6004085;0,43653265;11,7267701;9,16937762;3,77587772;;;
1;Que_Rub_1;Que_Rub_1;Que_Rub;Que;Fagaceae;97;30,87605896;4;4,35798333;50,78380000;4;0,7828;0,2456;0,313745529;92,867;378,1229642;0,3094;58,8123908;35,8804003;8,59822889;0,05377194;10,5073226;176,483926;20077,2534;0,0966813;1085,20526;143,150494;6,56977263;1674,01298;0,80808292;30,3255605;0,1755;3805,158;21,68181197;1085,602;0,161661456;0,543;0,3374;1618,27986;14,1196895;33,9772771;4710,92977;0,62565775;12,083836;1125,03956;4769,26972;0,17490269;1198,3913;226,507098;5,21722396;1978,2707;34,2412168;51,5929211;223,75;0;3,97;123,9;10,02;254,012722;0,03688529;0,21428845;384,332669;0,06568586;0,22322156;0,29116536;1,94707217;75,8941573;60,9432317;16,6004085;0,43653265;11,7267701;9,16937762;3,77587772;;;
1;Que_Rub_1;Que_Rub_1;Que_Rub;Que;Fagaceae;97;30,87605896;4;4,35798333;50,78380000;5;0,6155;0,208;0,337936637;70,449;338,6971154;0,3094;58,8123908;35,8804003;8,59822889;0,05377194;10,5073226;176,483926;20077,2534;0,0966813;1085,20526;143,150494;6,56977263;1674,01298;0,80808292;30,3255605;0,1755;3805,158;21,68181197;1085,602;0,161661456;0,543;0,3374;1618,27986;14,1196895;33,9772771;4710,92977;0,62565775;12,083836;1125,03956;4769,26972;0,17490269;1198,3913;226,507098;5,21722396;1978,2707;34,2412168;51,5929211;223,75;0;3,97;123,9;10,02;254,012722;0,03688529;0,21428845;384,332669;0,06568586;0,22322156;0,29116536;1,94707217;75,8941573;60,9432317;16,6004085;0,43653265;11,7267701;9,16937762;3,77587772;;;
1;Que_Rub_1;Que_Rub_1;Que_Rub;Que;Fagaceae;97;30,87605896;4;4,35798333;50,78380000;6;0,5223;0,1691;0,323760291;53,642;317,2205795;0,3094;58,8123908;35,8804003;8,59822889;0,05377194;10,5073226;176,483926;20077,2534;0,0966813;1085,20526;143,150494;6,56977263;1674,01298;0,80808292;30,3255605;0,1755;3805,158;21,68181197;1085,602;0,161661456;0,543;0,3374;1618,27986;14,1196895;33,9772771;4710,92977;0,62565775;12,083836;1125,03956;4769,26972;0,17490269;1198,3913;226,507098;5,21722396;1978,2707;34,2412168;51,5929211;223,75;0;3,97;123,9;10,02;254,012722;0,03688529;0,21428845;384,332669;0,06568586;0,22322156;0,29116536;1,94707217;75,8941573;60,9432317;16,6004085;0,43653265;11,7267701;9,16937762;3,77587772;;;
1;Que_Rub_1;Que_Rub_1;Que_Rub;Que;Fagaceae;97;30,87605896;4;4,35798333;50,78380000;7;0,62;0,2129;0,343387097;63,13;296,5241898;0,3094;58,8123908;35,8804003;8,59822889;0,05377194;10,5073226;176,483926;20077,2534;0,0966813;1085,20526;143,150494;6,56977263;1674,01298;0,80808292;30,3255605;0,1755;3805,158;21,68181197;1085,602;0,161661456;0,543;0,3374;1618,27986;14,1196895;33,9772771;4710,92977;0,62565775;12,083836;1125,03956;4769,26972;0,17490269;1198,3913;226,507098;5,21722396;1978,2707;34,2412168;51,5929211;223,75;0;3,97;123,9;10,02;254,012722;0,03688529;0,21428845;384,332669;0,06568586;0,22322156;0,29116536;1,94707217;75,8941573;60,9432317;16,6004085;0,43653265;11,7267701;9,16937762;3,77587772;;;
1;Que_Rub_1;Que_Rub_1;Que_Rub;Que;Fagaceae;97;30,87605896;4;4,35798333;50,78380000;8;0,2542;0,0842;0,331235248;28,671;340,5106888;0,3094;58,8123908;35,8804003;8,59822889;0,05377194;10,5073226;176,483926;20077,2534;0,0966813;1085,20526;143,150494;6,56977263;1674,01298;0,80808292;30,3255605;0,1755;3805,158;21,68181197;1085,602;0,161661456;0,543;0,3374;1618,27986;14,1196895;33,9772771;4710,92977;0,62565775;12,083836;1125,03956;4769,26972;0,17490269;1198,3913;226,507098;5,21722396;1978,2707;34,2412168;51,5929211;223,75;0;3,97;123,9;10,02;254,012722;0,03688529;0,21428845;384,332669;0,06568586;0,22322156;0,29116536;1,94707217;75,8941573;60,9432317;16,6004085;0,43653265;11,7267701;9,16937762;3,77587772;;;
1;Que_Rub_1;Que_Rub_1;Que_Rub;Que;Fagaceae;97;30,87605896;4;4,35798333;50,78380000;9;0,244;0,082;0,336065574;27,155;331,1585366;0,3094;58,8123908;35,8804003;8,59822889;0,05377194;10,5073226;176,483926;20077,2534;0,0966813;1085,20526;143,150494;6,56977263;1674,01298;0,80808292;30,3255605;0,1755;3805,158;21,68181197;1085,602;0,161661456;0,543;0,3374;1618,27986;14,1196895;33,9772771;4710,92977;0,62565775;12,083836;1125,03956;4769,26972;0,17490269;1198,3913;226,507098;5,21722396;1978,2707;34,2412168;51,5929211;223,75;0;3,97;123,9;10,02;254,012722;0,03688529;0,21428845;384,332669;0,06568586;0,22322156;0,29116536;1,94707217;75,8941573;60,9432317;16,6004085;0,43653265;11,7267701;9,16937762;3,77587772;;;
1;Que_Rub_1;Que_Rub_1;Que_Rub;Que;Fagaceae;97;30,87605896;4;4,35798333;50,78380000;10;0,582;0,1799;0,309106529;57,866;321,6564758;0,3094;58,8123908;35,8804003;8,59822889;0,05377194;10,5073226;176,483926;20077,2534;0,0966813;1085,20526;143,150494;6,56977263;1674,01298;0,80808292;30,3255605;0,1755;3805,158;21,68181197;1085,602;0,161661456;0,543;0,3374;1618,27986;14,1196895;33,9772771;4710,92977;0,62565775;12,083836;1125,03956;4769,26972;0,17490269;1198,3913;226,507098;5,21722396;1978,2707;34,2412168;51,5929211;223,75;0;3,97;123,9;10,02;254,012722;0,03688529;0,21428845;384,332669;0,06568586;0,22322156;0,29116536;1,94707217;75,8941573;60,9432317;16,6004085;0,43653265;11,7267701;9,16937762;3,77587772;;;
2;Que_Rub_2;Que_Rub_2;Que_Rub;Que;Fagaceae;66,5;21,16760743;5;4,35835000;50,78395000;1;0,4187;0,1245;0,297348937;48,609;390,4337349;0,3453;47,955466;38,4335067;24,5177926;0,06785196;9,83328266;149,171717;12565,8063;0,2065857;1691,13096;191,449323;5,92853748;2081,0281;0,6206954;67,0161298;0,1161;5219,729;44,95890612;646,786;0,179502958;0,352;0,3364;1951,1476;12,195972;45,4590392;2671,79506;0,54743957;15,438946;2255,85289;3251,05128;0,66070536;1402,92776;516,972186;8,73465043;2474,7495;63,5164292;58,5955932;354,35;0;3,95;75,4;10,01;398,238454;0,03531416;-0,0982883;73,4389667;0,02852351;0,18313893;0,36495894;1,7536485;45,6495553;17,3226525;15,0939107;0,29549122;24,7131737;12,0662745;1,86327893;;;
2;Que_Rub_2;Que_Rub_2;Que_Rub;Que;Fagaceae;66,5;21,16760743;5;4,35835000;50,78395000;2;0,4168;0,1291;0,309740883;48,28;373,9736638;0,3453;47,955466;38,4335067;24,5177926;0,06785196;9,83328266;149,171717;12565,8063;0,2065857;1691,13096;191,449323;5,92853748;2081,0281;0,6206954;67,0161298;0,1161;5219,729;44,95890612;646,786;0,179502958;0,352;0,3364;1951,1476;12,195972;45,4590392;2671,79506;0,54743957;15,438946;2255,85289;3251,05128;0,66070536;1402,92776;516,972186;8,73465043;2474,7495;63,5164292;58,5955932;354,35;0;3,95;75,4;10,01;398,238454;0,03531416;-0,0982883;73,4389667;0,02852351;0,18313893;0,36495894;1,7536485;45,6495553;17,3226525;15,0939107;0,29549122;24,7131737;12,0662745;1,86327893;;;
2;Que_Rub_2;Que_Rub_2;Que_Rub;Que;Fagaceae;66,5;21,16760743;5;4,35835000;50,78395000;3;0,5167;0,1673;0,323785562;59,077;353,1201435;0,3453;47,955466;38,4335067;24,5177926;0,06785196;9,83328266;149,171717;12565,8063;0,2065857;1691,13096;191,449323;5,92853748;2081,0281;0,6206954;67,0161298;0,1161;5219,729;44,95890612;646,786;0,179502958;0,352;0,3364;1951,1476;12,195972;45,4590392;2671,79506;0,54743957;15,438946;2255,85289;3251,05128;0,66070536;1402,92776;516,972186;8,73465043;2474,7495;63,5164292;58,5955932;354,35;0;3,95;75,4;10,01;398,238454;0,03531416;-0,0982883;73,4389667;0,02852351;0,18313893;0,36495894;1,7536485;45,6495553;17,3226525;15,0939107;0,29549122;24,7131737;12,0662745;1,86327893;;;
2;Que_Rub_2;Que_Rub_2;Que_Rub;Que;Fagaceae;66,5;21,16760743;5;4,35835000;50,78395000;4;0,474;0,1408;0,297046414;51,788;367,8125;0,3453;47,955466;38,4335067;24,5177926;0,06785196;9,83328266;149,171717;12565,8063;0,2065857;1691,13096;191,449323;5,92853748;2081,0281;0,6206954;67,0161298;0,1161;5219,729;44,95890612;646,786;0,179502958;0,352;0,3364;1951,1476;12,195972;45,4590392;2671,79506;0,54743957;15,438946;2255,85289;3251,05128;0,66070536;1402,92776;516,972186;8,73465043;2474,7495;63,5164292;58,5955932;354,35;0;3,95;75,4;10,01;398,238454;0,03531416;-0,0982883;73,4389667;0,02852351;0,18313893;0,36495894;1,7536485;45,6495553;17,3226525;15,0939107;0,29549122;24,7131737;12,0662745;1,86327893;;;
2;Que_Rub_2;Que_Rub_2;Que_Rub;Que;Fagaceae;66,5;21,16760743;5;4,35835000;50,78395000;5;0,7303;0,2475;0,338901821;87,503;353,5474747;0,3453;47,955466;38,4335067;24,5177926;0,06785196;9,83328266;149,171717;12565,8063;0,2065857;1691,13096;191,449323;5,92853748;2081,0281;0,6206954;67,0161298;0,1161;5219,729;44,95890612;646,786;0,179502958;0,352;0,3364;1951,1476;12,195972;45,4590392;2671,79506;0,54743957;15,438946;2255,85289;3251,05128;0,66070536;1402,92776;516,972186;8,73465043;2474,7495;63,5164292;58,5955932;354,35;0;3,95;75,4;10,01;398,238454;0,03531416;-0,0982883;73,4389667;0,02852351;0,18313893;0,36495894;1,7536485;45,6495553;17,3226525;15,0939107;0,29549122;24,7131737;12,0662745;1,86327893;;;
3;Que_Rub_3;Que_Rub_3;Que_Rub;Que;Fagaceae;143;45,51831372;5;4,35856667;50,78385000;1;1,3277;0,402;0,302779242;118,242;294,1343284;0,3965;83,6525658;46,1849606;12,0455025;0,08494473;10,2203675;200,898255;22417,2989;0,10263136;1615,03982;196,212534;5,26693464;2084,98479;1,08944804;122,918243;0,2656;5379,638;20,25466114;1153,543;0,23024716;0,414;0,3634;2056,46009;11,5115031;45,7811085;3251,00427;0,78773509;14,0128055;1728,87458;3167,38501;0,50496176;1160,53733;531,063937;5,30155831;1925,2323;22,1038906;51,0724826;256,79;0;3,75;83,8;10;408,701001;0,07180791;-0,0902739;86,5244977;0,05549782;0,36905672;0,4092052;2,76542202;65,293837;26,6231672;9,52590405;0,71300905;44,5087758;21,3702307;5,05079351;;;
3;Que_Rub_3;Que_Rub_3;Que_Rub;Que;Fagaceae;143;45,51831372;5;4,35856667;50,78385000;2;1,3665;0,4172;0,305305525;125,904;301,7833174;0,3965;83,6525658;46,1849606;12,0455025;0,08494473;10,2203675;200,898255;22417,2989;0,10263136;1615,03982;196,212534;5,26693464;2084,98479;1,08944804;122,918243;0,2656;5379,638;20,25466114;1153,543;0,23024716;0,414;0,3634;2056,46009;11,5115031;45,7811085;3251,00427;0,78773509;14,0128055;1728,87458;3167,38501;0,50496176;1160,53733;531,063937;5,30155831;1925,2323;22,1038906;51,0724826;256,79;0;3,75;83,8;10;408,701001;0,07180791;-0,0902739;86,5244977;0,05549782;0,36905672;0,4092052;2,76542202;65,293837;26,6231672;9,52590405;0,71300905;44,5087758;21,3702307;5,05079351;;;
3;Que_Rub_3;Que_Rub_3;Que_Rub;Que;Fagaceae;143;45,51831372;5;4,35856667;50,78385000;3;1,4254;0,4787;0,335835555;124,449;259,9728431;0,3965;83,6525658;46,1849606;12,0455025;0,08494473;10,2203675;200,898255;22417,2989;0,10263136;1615,03982;196,212534;5,26693464;2084,98479;1,08944804;122,918243;0,2656;5379,638;20,25466114;1153,543;0,23024716;0,414;0,3634;2056,46009;11,5115031;45,7811085;3251,00427;0,78773509;14,0128055;1728,87458;3167,38501;0,50496176;1160,53733;531,063937;5,30155831;1925,2323;22,1038906;51,0724826;256,79;0;3,75;83,8;10;408,701001;0,07180791;-0,0902739;86,5244977;0,05549782;0,36905672;0,4092052;2,76542202;65,293837;26,6231672;9,52590405;0,71300905;44,5087758;21,3702307;5,05079351;;;
3;Que_Rub_3;Que_Rub_3;Que_Rub;Que;Fagaceae;143;45,51831372;5;4,35856667;50,78385000;4;1,3305;0,4217;0,316948516;129,388;306,8247569;0,3965;83,6525658;46,1849606;12,0455025;0,08494473;10,2203675;200,898255;22417,2989;0,10263136;1615,03982;196,212534;5,26693464;2084,98479;1,08944804;122,918243;0,2656;5379,638;20,25466114;1153,543;0,23024716;0,414;0,3634;2056,46009;11,5115031;45,7811085;3251,00427;0,78773509;14,0128055;1728,87458;3167,38501;0,50496176;1160,53733;531,063937;5,30155831;1925,2323;22,1038906;51,0724826;256,79;0;3,75;83,8;10;408,701001;0,07180791;-0,0902739;86,5244977;0,05549782;0,36905672;0,4092052;2,76542202;65,293837;26,6231672;9,52590405;0,71300905;44,5087758;21,3702307;5,05079351;;;
4;Rib_Rub_1;Rib_Rub_1;Rib_Rub;Rib;Grossulariaceae;6,283185307;2;4;4,35838333;50,78473333;1;0,5601;0,1465;0,261560436;49,557;338,2730375;0,3207;39,9826106;37,8831706;50,2576536;0,12296406;6,01290367;102,253729;14701,6779;0,08162863;4332,27021;207,94607;1,93224086;1511,76737;0,5647387;66,2971544;0,6264;4188,719;6,686971584;4317,216;0,145093505;0,842;0,3145;654,727847;20,5569107;37,397849;12959,0473;1,80791545;20,3750111;971,282578;5485,2022;0,46670928;1697,3422;201,717999;4,62175255;3110,4401;12,368796;173,613201;328,27;0;4,87;53,9;9,99;204,171353;0,0583815;-0,0985849;885,303864;0,17361763;0,20514132;0,28632499;2,6600392;69,1210766;62,735841;20,2048774;0,85040231;19,5152057;13,4637474;10,4052333;;;
4;Rib_Rub_1;Rib_Rub_1;Rib_Rub;Rib;Grossulariaceae;6,283185307;2;4;4,35838333;50,78473333;2;0,3556;0,0682;0,191788526;33,04;484,457478;0,3207;39,9826106;37,8831706;50,2576536;0,12296406;6,01290367;102,253729;14701,6779;0,08162863;4332,27021;207,94607;1,93224086;1511,76737;0,5647387;66,2971544;0,6264;4188,719;6,686971584;4317,216;0,145093505;0,842;0,3145;654,727847;20,5569107;37,397849;12959,0473;1,80791545;20,3750111;971,282578;5485,2022;0,46670928;1697,3422;201,717999;4,62175255;3110,4401;12,368796;173,613201;328,27;0;4,87;53,9;9,99;204,171353;0,0583815;-0,0985849;885,303864;0,17361763;0,20514132;0,28632499;2,6600392;69,1210766;62,735841;20,2048774;0,85040231;19,5152057;13,4637474;10,4052333;;;
4;Rib_Rub_1;Rib_Rub_1;Rib_Rub;Rib;Grossulariaceae;6,283185307;2;4;4,35838333;50,78473333;3;0,4918;0,0999;0,203131354;38,844;388,8288288;0,3207;39,9826106;37,8831706;50,2576536;0,12296406;6,01290367;102,253729;14701,6779;0,08162863;4332,27021;207,94607;1,93224086;1511,76737;0,5647387;66,2971544;0,6264;4188,719;6,686971584;4317,216;0,145093505;0,842;0,3145;654,727847;20,5569107;37,397849;12959,0473;1,80791545;20,3750111;971,282578;5485,2022;0,46670928;1697,3422;201,717999;4,62175255;3110,4401;12,368796;173,613201;328,27;0;4,87;53,9;9,99;204,171353;0,0583815;-0,0985849;885,303864;0,17361763;0,20514132;0,28632499;2,6600392;69,1210766;62,735841;20,2048774;0,85040231;19,5152057;13,4637474;10,4052333;;;
4;Rib_Rub_1;Rib_Rub_1;Rib_Rub;Rib;Grossulariaceae;6,283185307;2;4;4,35838333;50,78473333;4;0,7407;0,2079;0,280680437;60,291;290;0,3207;39,9826106;37,8831706;50,2576536;0,12296406;6,01290367;102,253729;14701,6779;0,08162863;4332,27021;207,94607;1,93224086;1511,76737;0,5647387;66,2971544;0,6264;4188,719;6,686971584;4317,216;0,145093505;0,842;0,3145;654,727847;20,5569107;37,397849;12959,0473;1,80791545;20,3750111;971,282578;5485,2022;0,46670928;1697,3422;201,717999;4,62175255;3110,4401;12,368796;173,613201;328,27;0;4,87;53,9;9,99;204,171353;0,0583815;-0,0985849;885,303864;0,17361763;0,20514132;0,28632499;2,6600392;69,1210766;62,735841;20,2048774;0,85040231;19,5152057;13,4637474;10,4052333;;;
4;Rib_Rub_1;Rib_Rub_1;Rib_Rub;Rib;Grossulariaceae;6,283185307;2;4;4,35838333;50,78473333;5;0,3699;0,0943;0,254933766;32,347;343,0222694;0,3207;39,9826106;37,8831706;50,2576536;0,12296406;6,01290367;102,253729;14701,6779;0,08162863;4332,27021;207,94607;1,93224086;1511,76737;0,5647387;66,2971544;0,6264;4188,719;6,686971584;4317,216;0,145093505;0,842;0,3145;654,727847;20,5569107;37,397849;12959,0473;1,80791545;20,3750111;971,282578;5485,2022;0,46670928;1697,3422;201,717999;4,62175255;3110,4401;12,368796;173,613201;328,27;0;4,87;53,9;9,99;204,171353;0,0583815;-0,0985849;885,303864;0,17361763;0,20514132;0,28632499;2,6600392;69,1210766;62,735841;20,2048774;0,85040231;19,5152057;13,4637474;10,4052333;;;
5;Rib_Rub_2;Rib_Rub_2;Rib_Rub;Rib;Grossulariaceae;12,56637061;4;3;4,35880000;50,78536667;1;0,9878;0,1888;0,191131808;70,986;375,9851695;0,3469;47,4295972;31,1724321;24,7219724;0,04070394;3,78582873;139,275475;38432,2253;0,14995223;3276,07432;46,319812;0,85785506;1991,70276;0,52263499;25,4898959;0,3138;3468,671;11,05376354;2459,137;0,127605741;0,762;0,3664;998,201427;20,81836;25,7882828;12924,9641;1,04058268;18,6503915;1661,6445;12363,0562;0,50993303;1729,46089;112,214905;4,95359704;6518,03016;9,77631457;106,228031;620,31;13,1091;6,48;165,2;10;6,91966917;0,02212936;0,32616134;2292,03479;0,07772678;0,03133808;0,03128026;1,19409045;132,625086;171,319646;5,349437;0,41807454;3,62228774;4,62697832;8,77233627;;;
5;Rib_Rub_2;Rib_Rub_2;Rib_Rub;Rib;Grossulariaceae;12,56637061;4;3;4,35880000;50,78536667;2;0,485;0,1151;0,237319588;35,125;305,1694179;0,3469;47,4295972;31,1724321;24,7219724;0,04070394;3,78582873;139,275475;38432,2253;0,14995223;3276,07432;46,319812;0,85785506;1991,70276;0,52263499;25,4898959;0,3138;3468,671;11,05376354;2459,137;0,127605741;0,762;0,3664;998,201427;20,81836;25,7882828;12924,9641;1,04058268;18,6503915;1661,6445;12363,0562;0,50993303;1729,46089;112,214905;4,95359704;6518,03016;9,77631457;106,228031;620,31;13,1091;6,48;165,2;10;6,91966917;0,02212936;0,32616134;2292,03479;0,07772678;0,03133808;0,03128026;1,19409045;132,625086;171,319646;5,349437;0,41807454;3,62228774;4,62697832;8,77233627;;;
5;Rib_Rub_2;Rib_Rub_2;Rib_Rub;Rib;Grossulariaceae;12,56637061;4;3;4,35880000;50,78536667;3;0,3888;0,0722;0,185699588;30,364;420,5540166;0,3469;47,4295972;31,1724321;24,7219724;0,04070394;3,78582873;139,275475;38432,2253;0,14995223;3276,07432;46,319812;0,85785506;1991,70276;0,52263499;25,4898959;0,3138;3468,671;11,05376354;2459,137;0,127605741;0,762;0,3664;998,201427;20,81836;25,7882828;12924,9641;1,04058268;18,6503915;1661,6445;12363,0562;0,50993303;1729,46089;112,214905;4,95359704;6518,03016;9,77631457;106,228031;620,31;13,1091;6,48;165,2;10;6,91966917;0,02212936;0,32616134;2292,03479;0,07772678;0,03133808;0,03128026;1,19409045;132,625086;171,319646;5,349437;0,41807454;3,62228774;4,62697832;8,77233627;;;
5;Rib_Rub_2;Rib_Rub_2;Rib_Rub;Rib;Grossulariaceae;12,56637061;4;3;4,35880000;50,78536667;4;1,1387;0,2233;0,196100817;82,521;369,552172;0,3469;47,4295972;31,1724321;24,7219724;0,04070394;3,78582873;139,275475;38432,2253;0,14995223;3276,07432;46,319812;0,85785506;1991,70276;0,52263499;25,4898959;0,3138;3468,671;11,05376354;2459,137;0,127605741;0,762;0,3664;998,201427;20,81836;25,7882828;12924,9641;1,04058268;18,6503915;1661,6445;12363,0562;0,50993303;1729,46089;112,214905;4,95359704;6518,03016;9,77631457;106,228031;620,31;13,1091;6,48;165,2;10;6,91966917;0,02212936;0,32616134;2292,03479;0,07772678;0,03133808;0,03128026;1,19409045;132,625086;171,319646;5,349437;0,41807454;3,62228774;4,62697832;8,77233627;;;
6;Rib_Rub_3;Rib_Rub_3;Rib_Rub;Rib;Grossulariaceae;3;0,954929659;13;4,35865000;50,78441667;1;0,5452;0,1003;0,183969186;51,579;514,2472582;0,3003;37,9035758;34,0125981;32,2662083;0,06950883;6,83658389;124,837619;42770,7839;0,11826678;3437,03283;102,959184;2,23118533;2195,05245;0,52315;52,8592441;0,2764;4359,203;15,77135673;1490,549;0,185435031;0,989;0,3166;518,509268;23,3179825;31,456283;12473,7491;1,18663382;16,3473951;710,845955;10840,0625;0,37457102;1577,43417;142,198012;3,30939273;7500,26898;15,6660747;104,622052;228,13;22,7551;7,22;181,5;10,13;1,33655632;0,02366816;0,48653338;3124,69977;0,40275825;0,0179146;0,01152295;2,34013657;193,51109;81,625725;10,7938587;0,32792719;17,2998111;19,2845583;33,7585139;;;
6;Rib_Rub_3;Rib_Rub_3;Rib_Rub;Rib;Grossulariaceae;3;0,954929659;13;4,35865000;50,78441667;2;0,3528;0,078;0,221088435;36,679;470,2435897;0,3003;37,9035758;34,0125981;32,2662083;0,06950883;6,83658389;124,837619;42770,7839;0,11826678;3437,03283;102,959184;2,23118533;2195,05245;0,52315;52,8592441;0,2764;4359,203;15,77135673;1490,549;0,185435031;0,989;0,3166;518,509268;23,3179825;31,456283;12473,7491;1,18663382;16,3473951;710,845955;10840,0625;0,37457102;1577,43417;142,198012;3,30939273;7500,26898;15,6660747;104,622052;228,13;22,7551;7,22;181,5;10,13;1,33655632;0,02366816;0,48653338;3124,69977;0,40275825;0,0179146;0,01152295;2,34013657;193,51109;81,625725;10,7938587;0,32792719;17,2998111;19,2845583;33,7585139;;;
6;Rib_Rub_3;Rib_Rub_3;Rib_Rub;Rib;Grossulariaceae;3;0,954929659;13;4,35865000;50,78441667;3;0,3786;0,0761;0,201003698;40,389;530,7358739;0,3003;37,9035758;34,0125981;32,2662083;0,06950883;6,83658389;124,837619;42770,7839;0,11826678;3437,03283;102,959184;2,23118533;2195,05245;0,52315;52,8592441;0,2764;4359,203;15,77135673;1490,549;0,185435031;0,989;0,3166;518,509268;23,3179825;31,456283;12473,7491;1,18663382;16,3473951;710,845955;10840,0625;0,37457102;1577,43417;142,198012;3,30939273;7500,26898;15,6660747;104,622052;228,13;22,7551;7,22;181,5;10,13;1,33655632;0,02366816;0,48653338;3124,69977;0,40275825;0,0179146;0,01152295;2,34013657;193,51109;81,625725;10,7938587;0,32792719;17,2998111;19,2845583;33,7585139;;;
6;Rib_Rub_3;Rib_Rub_3;Rib_Rub;Rib;Grossulariaceae;3;0,954929659;13;4,35865000;50,78441667;4;0,3617;0,0849;0,23472491;39,404;464,1224971;0,3003;37,9035758;34,0125981;32,2662083;0,06950883;6,83658389;124,837619;42770,7839;0,11826678;3437,03283;102,959184;2,23118533;2195,05245;0,52315;52,8592441;0,2764;4359,203;15,77135673;1490,549;0,185435031;0,989;0,3166;518,509268;23,3179825;31,456283;12473,7491;1,18663382;16,3473951;710,845955;10840,0625;0,37457102;1577,43417;142,198012;3,30939273;7500,26898;15,6660747;104,622052;228,13;22,7551;7,22;181,5;10,13;1,33655632;0,02366816;0,48653338;3124,69977;0,40275825;0,0179146;0,01152295;2,34013657;193,51109;81,625725;10,7938587;0,32792719;17,2998111;19,2845583;33,7585139;;;
6;Rib_Rub_3;Rib_Rub_3;Rib_Rub;Rib;Grossulariaceae;3;0,954929659;13;4,35865000;50,78441667;5;0,1538;0,0326;0,211963589;20,724;635,7055215;0,3003;37,9035758;34,0125981;32,2662083;0,06950883;6,83658389;124,837619;42770,7839;0,11826678;3437,03283;102,959184;2,23118533;2195,05245;0,52315;52,8592441;0,2764;4359,203;15,77135673;1490,549;0,185435031;0,989;0,3166;518,509268;23,3179825;31,456283;12473,7491;1,18663382;16,3473951;710,845955;10840,0625;0,37457102;1577,43417;142,198012;3,30939273;7500,26898;15,6660747;104,622052;228,13;22,7551;7,22;181,5;10,13;1,33655632;0,02366816;0,48653338;3124,69977;0,40275825;0,0179146;0,01152295;2,34013657;193,51109;81,625725;10,7938587;0,32792719;17,2998111;19,2845583;33,7585139;;;
6;Rib_Rub_3;Rib_Rub_3;Rib_Rub;Rib;Grossulariaceae;3;0,954929659;13;4,35865000;50,78441667;6;0,2461;0,063;0,255993499;31,498;499,968254;0,3003;37,9035758;34,0125981;32,2662083;0,06950883;6,83658389;124,837619;42770,7839;0,11826678;3437,03283;102,959184;2,23118533;2195,05245;0,52315;52,8592441;0,2764;4359,203;15,77135673;1490,549;0,185435031;0,989;0,3166;518,509268;23,3179825;31,456283;12473,7491;1,18663382;16,3473951;710,845955;10840,0625;0,37457102;1577,43417;142,198012;3,30939273;7500,26898;15,6660747;104,622052;228,13;22,7551;7,22;181,5;10,13;1,33655632;0,02366816;0,48653338;3124,69977;0,40275825;0,0179146;0,01152295;2,34013657;193,51109;81,625725;10,7938587;0,32792719;17,2998111;19,2845583;33,7585139;;;
7;Car_Bet_1;Car_Bet_1;Car_Bet;Car;Betulaceae;62,83185307;20;5;4,35926667;50,78473333;1;0,3622;0,1398;0,3859746;36,086;258,1258941;0,3556;37,2465286;130,576448;7,31226381;0,01356338;9,58124892;101,283775;15205,8825;0,10802399;1683,59588;146,475513;3,3755416;1371,09802;0,3838952;47,9390183;0,5887;5865,595;9,963640224;2837,779;0,207450968;0,624;0,3107;3050,01251;31,0127255;43,7690373;5942,42755;1,89607398;18,9429361;2739,67207;3243,87189;0,45809083;1794,30677;65,7439948;8,65802685;1446,79317;110,418846;153,549994;426,77;13,4295;4,83;58,4;10,01;178,680405;0,02017683;0,30547447;655,409119;0,07465443;0,20200828;0,16570517;2,20667447;64,3890362;37,7938782;6,97349332;0,47052195;18,8552514;17,7865201;6,81119583;;;
7;Car_Bet_1;Car_Bet_1;Car_Bet;Car;Betulaceae;62,83185307;20;5;4,35926667;50,78473333;2;0,4414;0,1655;0,374943362;46,659;281,9274924;0,3556;37,2465286;130,576448;7,31226381;0,01356338;9,58124892;101,283775;15205,8825;0,10802399;1683,59588;146,475513;3,3755416;1371,09802;0,3838952;47,9390183;0,5887;5865,595;9,963640224;2837,779;0,207450968;0,624;0,3107;3050,01251;31,0127255;43,7690373;5942,42755;1,89607398;18,9429361;2739,67207;3243,87189;0,45809083;1794,30677;65,7439948;8,65802685;1446,79317;110,418846;153,549994;426,77;13,4295;4,83;58,4;10,01;178,680405;0,02017683;0,30547447;655,409119;0,07465443;0,20200828;0,16570517;2,20667447;64,3890362;37,7938782;6,97349332;0,47052195;18,8552514;17,7865201;6,81119583;;;
7;Car_Bet_1;Car_Bet_1;Car_Bet;Car;Betulaceae;62,83185307;20;5;4,35926667;50,78473333;3;0,2749;0,1085;0,394688978;26,252;241,9539171;0,3556;37,2465286;130,576448;7,31226381;0,01356338;9,58124892;101,283775;15205,8825;0,10802399;1683,59588;146,475513;3,3755416;1371,09802;0,3838952;47,9390183;0,5887;5865,595;9,963640224;2837,779;0,207450968;0,624;0,3107;3050,01251;31,0127255;43,7690373;5942,42755;1,89607398;18,9429361;2739,67207;3243,87189;0,45809083;1794,30677;65,7439948;8,65802685;1446,79317;110,418846;153,549994;426,77;13,4295;4,83;58,4;10,01;178,680405;0,02017683;0,30547447;655,409119;0,07465443;0,20200828;0,16570517;2,20667447;64,3890362;37,7938782;6,97349332;0,47052195;18,8552514;17,7865201;6,81119583;;;
7;Car_Bet_1;Car_Bet_1;Car_Bet;Car;Betulaceae;62,83185307;20;5;4,35926667;50,78473333;4;0,3806;0,1417;0,372306884;39,074;275,7515879;0,3556;37,2465286;130,576448;7,31226381;0,01356338;9,58124892;101,283775;15205,8825;0,10802399;1683,59588;146,475513;3,3755416;1371,09802;0,3838952;47,9390183;0,5887;5865,595;9,963640224;2837,779;0,207450968;0,624;0,3107;3050,01251;31,0127255;43,7690373;5942,42755;1,89607398;18,9429361;2739,67207;3243,87189;0,45809083;1794,30677;65,7439948;8,65802685;1446,79317;110,418846;153,549994;426,77;13,4295;4,83;58,4;10,01;178,680405;0,02017683;0,30547447;655,409119;0,07465443;0,20200828;0,16570517;2,20667447;64,3890362;37,7938782;6,97349332;0,47052195;18,8552514;17,7865201;6,81119583;;;
7;Car_Bet_1;Car_Bet_1;Car_Bet;Car;Betulaceae;62,83185307;20;5;4,35926667;50,78473333;5;0,2338;0,0872;0,372968349;19,297;221,2958716;0,3556;37,2465286;130,576448;7,31226381;0,01356338;9,58124892;101,283775;15205,8825;0,10802399;1683,59588;146,475513;3,3755416;1371,09802;0,3838952;47,9390183;0,5887;5865,595;9,963640224;2837,779;0,207450968;0,624;0,3107;3050,01251;31,0127255;43,7690373;5942,42755;1,89607398;18,9429361;2739,67207;3243,87189;0,45809083;1794,30677;65,7439948;8,65802685;1446,79317;110,418846;153,549994;426,77;13,4295;4,83;58,4;10,01;178,680405;0,02017683;0,30547447;655,409119;0,07465443;0,20200828;0,16570517;2,20667447;64,3890362;37,7938782;6,97349332;0,47052195;18,8552514;17,7865201;6,81119583;;;
8;Car_Bet_2;Car_Bet_2;Car_Bet;Car;Betulaceae;55;17,50704374;9;4,35790000;50,78360000;1;0,4917;0,1602;0,32580842;45,267;282,5655431;0,3331;164,487892;53,3458171;28,6768573;0,06502719;7,2226194;166,760938;10282,3227;0,11420272;3212,50574;120,148073;3,28903044;1540,51598;0,78292922;68,9826761;0,1621;3954,356;24,39454658;503,49;0,32195277;0,342;0,3574;801,886735;24,3563036;37,0323576;4507,41446;1,62020557;10,7403613;944,298751;3069,2639;0,1972267;1224,07156;310,757563;5,17406599;1348,87257;56,8796859;113,308658;358,6;0;5,23;67;10,05;255,358094;0,05019538;0,28678288;303,768231;0,09111043;0,20787263;0,3201121;1,91172348;94,7472139;43,6339788;20,1968969;0,49968932;31,3263818;18,3520192;4,75280358;;;
8;Car_Bet_2;Car_Bet_2;Car_Bet;Car;Betulaceae;55;17,50704374;9;4,35790000;50,78360000;2;0,2818;0,0868;0,308019872;32,652;376,1751152;0,3331;164,487892;53,3458171;28,6768573;0,06502719;7,2226194;166,760938;10282,3227;0,11420272;3212,50574;120,148073;3,28903044;1540,51598;0,78292922;68,9826761;0,1621;3954,356;24,39454658;503,49;0,32195277;0,342;0,3574;801,886735;24,3563036;37,0323576;4507,41446;1,62020557;10,7403613;944,298751;3069,2639;0,1972267;1224,07156;310,757563;5,17406599;1348,87257;56,8796859;113,308658;358,6;0;5,23;67;10,05;255,358094;0,05019538;0,28678288;303,768231;0,09111043;0,20787263;0,3201121;1,91172348;94,7472139;43,6339788;20,1968969;0,49968932;31,3263818;18,3520192;4,75280358;;;
8;Car_Bet_2;Car_Bet_2;Car_Bet;Car;Betulaceae;55;17,50704374;9;4,35790000;50,78360000;3;0,4586;0,1433;0,312472743;44,516;310,6489881;0,3331;164,487892;53,3458171;28,6768573;0,06502719;7,2226194;166,760938;10282,3227;0,11420272;3212,50574;120,148073;3,28903044;1540,51598;0,78292922;68,9826761;0,1621;3954,356;24,39454658;503,49;0,32195277;0,342;0,3574;801,886735;24,3563036;37,0323576;4507,41446;1,62020557;10,7403613;944,298751;3069,2639;0,1972267;1224,07156;310,757563;5,17406599;1348,87257;56,8796859;113,308658;358,6;0;5,23;67;10,05;255,358094;0,05019538;0,28678288;303,768231;0,09111043;0,20787263;0,3201121;1,91172348;94,7472139;43,6339788;20,1968969;0,49968932;31,3263818;18,3520192;4,75280358;;;
8;Car_Bet_2;Car_Bet_2;Car_Bet;Car;Betulaceae;55;17,50704374;9;4,35790000;50,78360000;4;0,4269;0,1427;0,334270321;39,797;278,8857744;0,3331;164,487892;53,3458171;28,6768573;0,06502719;7,2226194;166,760938;10282,3227;0,11420272;3212,50574;120,148073;3,28903044;1540,51598;0,78292922;68,9826761;0,1621;3954,356;24,39454658;503,49;0,32195277;0,342;0,3574;801,886735;24,3563036;37,0323576;4507,41446;1,62020557;10,7403613;944,298751;3069,2639;0,1972267;1224,07156;310,757563;5,17406599;1348,87257;56,8796859;113,308658;358,6;0;5,23;67;10,05;255,358094;0,05019538;0,28678288;303,768231;0,09111043;0,20787263;0,3201121;1,91172348;94,7472139;43,6339788;20,1968969;0,49968932;31,3263818;18,3520192;4,75280358;;;
8;Car_Bet_2;Car_Bet_2;Car_Bet;Car;Betulaceae;55;17,50704374;9;4,35790000;50,78360000;5;0,4276;0,1406;0,328811974;44,177;314,2034139;0,3331;164,487892;53,3458171;28,6768573;0,06502719;7,2226194;166,760938;10282,3227;0,11420272;3212,50574;120,148073;3,28903044;1540,51598;0,78292922;68,9826761;0,1621;3954,356;24,39454658;503,49;0,32195277;0,342;0,3574;801,886735;24,3563036;37,0323576;4507,41446;1,62020557;10,7403613;944,298751;3069,2639;0,1972267;1224,07156;310,757563;5,17406599;1348,87257;56,8796859;113,308658;358,6;0;5,23;67;10,05;255,358094;0,05019538;0,28678288;303,768231;0,09111043;0,20787263;0,3201121;1,91172348;94,7472139;43,6339788;20,1968969;0,49968932;31,3263818;18,3520192;4,75280358;;;
9;Car_Bet_3;Car_Bet_3;Car_Bet;Car;Betulaceae;139;44,24507418;4;4,35985000;50,78473333;1;0,4136;0,1627;0,393375242;42,198;259,3607867;0,3128;20,7438117;90,0031607;16,4623904;0,01282986;7,07715298;75,1922176;10081,4045;0,11474679;3272,48812;122,465046;2,03115411;1359,17787;0,32480525;51,2894127;0,2009;4056,976;20,19400697;767,568;0,261735768;0,398;0,3014;1300,53627;40,211518;37,1992001;11042,5954;2,65717224;17,1927157;1703,41128;4389,95812;0,73333653;1832,49315;291,653434;5,7769567;1580,36028;45,894848;532,168242;424,81;45,8834;6,12;129,5;10,03;6,04211725;0,01360653;0,34099879;2665,08093;0,27856018;0,07366045;0,03116825;2,10039992;153,92593;116,191491;12,917738;0,57595517;5,02347097;18,0787957;66,7455751;;; 
9;Car_Bet_3;Car_Bet_3;Car_Bet;Car;Betulaceae;139;44,24507418;4;4,35985000;50,78473333;2;0,4275;0,1649;0,385730994;45,854;278,0715585;0,3128;20,7438117;90,0031607;16,4623904;0,01282986;7,07715298;75,1922176;10081,4045;0,11474679;3272,48812;122,465046;2,03115411;1359,17787;0,32480525;51,2894127;0,2009;4056,976;20,19400697;767,568;0,261735768;0,398;0,3014;1300,53627;40,211518;37,1992001;11042,5954;2,65717224;17,1927157;1703,41128;4389,95812;0,73333653;1832,49315;291,653434;5,7769567;1580,36028;45,894848;532,168242;424,81;45,8834;6,12;129,5;10,03;6,04211725;0,01360653;0,34099879;2665,08093;0,27856018;0,07366045;0,03116825;2,10039992;153,92593;116,191491;12,917738;0,57595517;5,02347097;18,0787957;66,7455751;;;
9;Car_Bet_3;Car_Bet_3;Car_Bet;Car;Betulaceae;139;44,24507418;4;4,35985000;50,78473333;3;0,2882;0,1093;0,37925052;33,481;306,3220494;0,3128;20,7438117;90,0031607;16,4623904;0,01282986;7,07715298;75,1922176;10081,4045;0,11474679;3272,48812;122,465046;2,03115411;1359,17787;0,32480525;51,2894127;0,2009;4056,976;20,19400697;767,568;0,261735768;0,398;0,3014;1300,53627;40,211518;37,1992001;11042,5954;2,65717224;17,1927157;1703,41128;4389,95812;0,73333653;1832,49315;291,653434;5,7769567;1580,36028;45,894848;532,168242;424,81;45,8834;6,12;129,5;10,03;6,04211725;0,01360653;0,34099879;2665,08093;0,27856018;0,07366045;0,03116825;2,10039992;153,92593;116,191491;12,917738;0,57595517;5,02347097;18,0787957;66,7455751;;;
9;Car_Bet_3;Car_Bet_3;Car_Bet;Car;Betulaceae;139;44,24507418;4;4,35985000;50,78473333;4;0,3253;0,1386;0,426068245;30,902;222,958153;0,3128;20,7438117;90,0031607;16,4623904;0,01282986;7,07715298;75,1922176;10081,4045;0,11474679;3272,48812;122,465046;2,03115411;1359,17787;0,32480525;51,2894127;0,2009;4056,976;20,19400697;767,568;0,261735768;0,398;0,3014;1300,53627;40,211518;37,1992001;11042,5954;2,65717224;17,1927157;1703,41128;4389,95812;0,73333653;1832,49315;291,653434;5,7769567;1580,36028;45,894848;532,168242;424,81;45,8834;6,12;129,5;10,03;6,04211725;0,01360653;0,34099879;2665,08093;0,27856018;0,07366045;0,03116825;2,10039992;153,92593;116,191491;12,917738;0,57595517;5,02347097;18,0787957;66,7455751;;;
9;Car_Bet_3;Car_Bet_3;Car_Bet;Car;Betulaceae;139;44,24507418;4;4,35985000;50,78473333;5;0,3288;0,1331;0,404805353;33,505;251,728024;0,3128;20,7438117;90,0031607;16,4623904;0,01282986;7,07715298;75,1922176;10081,4045;0,11474679;3272,48812;122,465046;2,03115411;1359,17787;0,32480525;51,2894127;0,2009;4056,976;20,19400697;767,568;0,261735768;0,398;0,3014;1300,53627;40,211518;37,1992001;11042,5954;2,65717224;17,1927157;1703,41128;4389,95812;0,73333653;1832,49315;291,653434;5,7769567;1580,36028;45,894848;532,168242;424,81;45,8834;6,12;129,5;10,03;6,04211725;0,01360653;0,34099879;2665,08093;0,27856018;0,07366045;0,03116825;2,10039992;153,92593;116,191491;12,917738;0,57595517;5,02347097;18,0787957;66,7455751;;;
9;Car_Bet_3;Car_Bet_3;Car_Bet;Car;Betulaceae;139;44,24507418;4;4,35985000;50,78473333;6;0,339;0,1272;0,375221239;38,623;303,6399371;0,3128;20,7438117;90,0031607;16,4623904;0,01282986;7,07715298;75,1922176;10081,4045;0,11474679;3272,48812;122,465046;2,03115411;1359,17787;0,32480525;51,2894127;0,2009;4056,976;20,19400697;767,568;0,261735768;0,398;0,3014;1300,53627;40,211518;37,1992001;11042,5954;2,65717224;17,1927157;1703,41128;4389,95812;0,73333653;1832,49315;291,653434;5,7769567;1580,36028;45,894848;532,168242;424,81;45,8834;6,12;129,5;10,03;6,04211725;0,01360653;0,34099879;2665,08093;0,27856018;0,07366045;0,03116825;2,10039992;153,92593;116,191491;12,917738;0,57595517;5,02347097;18,0787957;66,7455751;;;
9;Car_Bet_3;Car_Bet_3;Car_Bet;Car;Betulaceae;139;44,24507418;4;4,35985000;50,78473333;7;0,27;0,1036;0,383703704;30,434;293,7644788;0,3128;20,7438117;90,0031607;16,4623904;0,01282986;7,07715298;75,1922176;10081,4045;0,11474679;3272,48812;122,465046;2,03115411;1359,17787;0,32480525;51,2894127;0,2009;4056,976;20,19400697;767,568;0,261735768;0,398;0,3014;1300,53627;40,211518;37,1992001;11042,5954;2,65717224;17,1927157;1703,41128;4389,95812;0,73333653;1832,49315;291,653434;5,7769567;1580,36028;45,894848;532,168242;424,81;45,8834;6,12;129,5;10,03;6,04211725;0,01360653;0,34099879;2665,08093;0,27856018;0,07366045;0,03116825;2,10039992;153,92593;116,191491;12,917738;0,57595517;5,02347097;18,0787957;66,7455751;;;
9;Car_Bet_3;Car_Bet_3;Car_Bet;Car;Betulaceae;139;44,24507418;4;4,35985000;50,78473333;8;0,5819;0,2619;0,450077333;48,923;186,8003055;0,3128;20,7438117;90,0031607;16,4623904;0,01282986;7,07715298;75,1922176;10081,4045;0,11474679;3272,48812;122,465046;2,03115411;1359,17787;0,32480525;51,2894127;0,2009;4056,976;20,19400697;767,568;0,261735768;0,398;0,3014;1300,53627;40,211518;37,1992001;11042,5954;2,65717224;17,1927157;1703,41128;4389,95812;0,73333653;1832,49315;291,653434;5,7769567;1580,36028;45,894848;532,168242;424,81;45,8834;6,12;129,5;10,03;6,04211725;0,01360653;0,34099879;2665,08093;0,27856018;0,07366045;0,03116825;2,10039992;153,92593;116,191491;12,917738;0,57595517;5,02347097;18,0787957;66,7455751;;;
9;Car_Bet_3;Car_Bet_3;Car_Bet;Car;Betulaceae;139;44,24507418;4;4,35985000;50,78473333;9;0,2533;0,0921;0,363600474;30,402;330,0977199;0,3128;20,7438117;90,0031607;16,4623904;0,01282986;7,07715298;75,1922176;10081,4045;0,11474679;3272,48812;122,465046;2,03115411;1359,17787;0,32480525;51,2894127;0,2009;4056,976;20,19400697;767,568;0,261735768;0,398;0,3014;1300,53627;40,211518;37,1992001;11042,5954;2,65717224;17,1927157;1703,41128;4389,95812;0,73333653;1832,49315;291,653434;5,7769567;1580,36028;45,894848;532,168242;424,81;45,8834;6,12;129,5;10,03;6,04211725;0,01360653;0,34099879;2665,08093;0,27856018;0,07366045;0,03116825;2,10039992;153,92593;116,191491;12,917738;0,57595517;5,02347097;18,0787957;66,7455751;;;
9;Car_Bet_3;Car_Bet_3;Car_Bet;Car;Betulaceae;139;44,24507418;4;4,35985000;50,78473333;10;0,3298;0,1231;0,373256519;37,72;306,4175467;0,3128;20,7438117;90,0031607;16,4623904;0,01282986;7,07715298;75,1922176;10081,4045;0,11474679;3272,48812;122,465046;2,03115411;1359,17787;0,32480525;51,2894127;0,2009;4056,976;20,19400697;767,568;0,261735768;0,398;0,3014;1300,53627;40,211518;37,1992001;11042,5954;2,65717224;17,1927157;1703,41128;4389,95812;0,73333653;1832,49315;291,653434;5,7769567;1580,36028;45,894848;532,168242;424,81;45,8834;6,12;129,5;10,03;6,04211725;0,01360653;0,34099879;2665,08093;0,27856018;0,07366045;0,03116825;2,10039992;153,92593;116,191491;12,917738;0,57595517;5,02347097;18,0787957;66,7455751;;;
10;Sym_Alb_1_(1);Sym_Alb_1;Sym_Alb;Sym;Caprifoliaceae;4,71238898;1,5;6;4,35923333;50,78481667;1;0,4475;0,1346;0,300782123;46,498;345,4531947;0,311;25,5065522;63,0774588;23,6514446;0,16939493;7,15932276;120,822013;25981,6236;0,05509444;2975,24873;56,6664131;1,84607024;1771,25408;0,35999368;111,15817;0,3182;6274,917;19,72004085;2742,473;0,116026666;0,598;0,3333;344,371104;16,2288251;41,86541;9505,55494;5,69867199;28,1611242;702,192652;16147,849;0,28600491;1099,82536;201,059025;3,03813995;3698,48282;57,5600196;769,997717;397,06;14,1010625;6,11;113,2;10,01;42,0468134;0,02689734;-0,0444301;1320,67105;0,293478;0,30241521;0,05068967;2,47839895;111,423255;42,1193833;31,0022372;0,66210902;12,5870393;31,998575;34,9533899;;;
10;Sym_Alb_1_(1);Sym_Alb_1;Sym_Alb;Sym;Caprifoliaceae;4,71238898;1,5;6;4,35923333;50,78481667;2;0,2861;0,0964;0,336945124;29,242;303,340249;0,311;25,5065522;63,0774588;23,6514446;0,16939493;7,15932276;120,822013;25981,6236;0,05509444;2975,24873;56,6664131;1,84607024;1771,25408;0,35999368;111,15817;0,3182;6274,917;19,72004085;2742,473;0,116026666;0,598;0,3333;344,371104;16,2288251;41,86541;9505,55494;5,69867199;28,1611242;702,192652;16147,849;0,28600491;1099,82536;201,059025;3,03813995;3698,48282;57,5600196;769,997717;397,06;14,1010625;6,11;113,2;10,01;42,0468134;0,02689734;-0,0444301;1320,67105;0,293478;0,30241521;0,05068967;2,47839895;111,423255;42,1193833;31,0022372;0,66210902;12,5870393;31,998575;34,9533899;; ;
10;Sym_Alb_1_(1);Sym_Alb_1;Sym_Alb;Sym;Caprifoliaceae;4,71238898;1,5;6;4,35923333;50,78481667;3;0,3004;0,0894;0,297603196;30,14;337,1364653;0,311;25,5065522;63,0774588;23,6514446;0,16939493;7,15932276;120,822013;25981,6236;0,05509444;2975,24873;56,6664131;1,84607024;1771,25408;0,35999368;111,15817;0,3182;6274,917;19,72004085;2742,473;0,116026666;0,598;0,3333;344,371104;16,2288251;41,86541;9505,55494;5,69867199;28,1611242;702,192652;16147,849;0,28600491;1099,82536;201,059025;3,03813995;3698,48282;57,5600196;769,997717;397,06;14,1010625;6,11;113,2;10,01;42,0468134;0,02689734;-0,0444301;1320,67105;0,293478;0,30241521;0,05068967;2,47839895;111,423255;42,1193833;31,0022372;0,66210902;12,5870393;31,998575;34,9533899;;;
10;Sym_Alb_1_(1);Sym_Alb_1;Sym_Alb;Sym;Caprifoliaceae;4,71238898;1,5;6;4,35923333;50,78481667;4;0,302;0,0944;0,312582781;28,956;306,7372881;0,311;25,5065522;63,0774588;23,6514446;0,16939493;7,15932276;120,822013;25981,6236;0,05509444;2975,24873;56,6664131;1,84607024;1771,25408;0,35999368;111,15817;0,3182;6274,917;19,72004085;2742,473;0,116026666;0,598;0,3333;344,371104;16,2288251;41,86541;9505,55494;5,69867199;28,1611242;702,192652;16147,849;0,28600491;1099,82536;201,059025;3,03813995;3698,48282;57,5600196;769,997717;397,06;14,1010625;6,11;113,2;10,01;42,0468134;0,02689734;-0,0444301;1320,67105;0,293478;0,30241521;0,05068967;2,47839895;111,423255;42,1193833;31,0022372;0,66210902;12,5870393;31,998575;34,9533899;;;
10;Sym_Alb_1_(1);Sym_Alb_1;Sym_Alb;Sym;Caprifoliaceae;4,71238898;1,5;6;4,35923333;50,78481667;5;0,1055;0,0389;0,368720379;9,225;237,1465296;0,311;25,5065522;63,0774588;23,6514446;0,16939493;7,15932276;120,822013;25981,6236;0,05509444;2975,24873;56,6664131;1,84607024;1771,25408;0,35999368;111,15817;0,3182;6274,917;19,72004085;2742,473;0,116026666;0,598;0,3333;344,371104;16,2288251;41,86541;9505,55494;5,69867199;28,1611242;702,192652;16147,849;0,28600491;1099,82536;201,059025;3,03813995;3698,48282;57,5600196;769,997717;397,06;14,1010625;6,11;113,2;10,01;42,0468134;0,02689734;-0,0444301;1320,67105;0,293478;0,30241521;0,05068967;2,47839895;111,423255;42,1193833;31,0022372;0,66210902;12,5870393;31,998575;34,9533899;;;
10;Sym_Alb_1_(1);Sym_Alb_1;Sym_Alb;Sym;Caprifoliaceae;4,71238898;1,5;6;4,35923333;50,78481667;6;0,1001;0,0376;0,375624376;8,758;232,9255319;0,311;25,5065522;63,0774588;23,6514446;0,16939493;7,15932276;120,822013;25981,6236;0,05509444;2975,24873;56,6664131;1,84607024;1771,25408;0,35999368;111,15817;0,3182;6274,917;19,72004085;2742,473;0,116026666;0,598;0,3333;344,371104;16,2288251;41,86541;9505,55494;5,69867199;28,1611242;702,192652;16147,849;0,28600491;1099,82536;201,059025;3,03813995;3698,48282;57,5600196;769,997717;397,06;14,1010625;6,11;113,2;10,01;42,0468134;0,02689734;-0,0444301;1320,67105;0,293478;0,30241521;0,05068967;2,47839895;111,423255;42,1193833;31,0022372;0,66210902;12,5870393;31,998575;34,9533899;;;
10;Sym_Alb_1_(1);Sym_Alb_1;Sym_Alb;Sym;Caprifoliaceae;4,71238898;1,5;6;4,35923333;50,78481667;7;0,1647;0,0559;0,339404979;17,025;304,5617174;0,311;25,5065522;63,0774588;23,6514446;0,16939493;7,15932276;120,822013;25981,6236;0,05509444;2975,24873;56,6664131;1,84607024;1771,25408;0,35999368;111,15817;0,3182;6274,917;19,72004085;2742,473;0,116026666;0,598;0,3333;344,371104;16,2288251;41,86541;9505,55494;5,69867199;28,1611242;702,192652;16147,849;0,28600491;1099,82536;201,059025;3,03813995;3698,48282;57,5600196;769,997717;397,06;14,1010625;6,11;113,2;10,01;42,0468134;0,02689734;-0,0444301;1320,67105;0,293478;0,30241521;0,05068967;2,47839895;111,423255;42,1193833;31,0022372;0,66210902;12,5870393;31,998575;34,9533899;;;
10;Sym_Alb_1_(1);Sym_Alb_1;Sym_Alb;Sym;Caprifoliaceae;4,71238898;1,5;6;4,35923333;50,78481667;8;0,1223;0,0442;0,361406378;11,788;266,6968326;0,311;25,5065522;63,0774588;23,6514446;0,16939493;7,15932276;120,822013;25981,6236;0,05509444;2975,24873;56,6664131;1,84607024;1771,25408;0,35999368;111,15817;0,3182;6274,917;19,72004085;2742,473;0,116026666;0,598;0,3333;344,371104;16,2288251;41,86541;9505,55494;5,69867199;28,1611242;702,192652;16147,849;0,28600491;1099,82536;201,059025;3,03813995;3698,48282;57,5600196;769,997717;397,06;14,1010625;6,11;113,2;10,01;42,0468134;0,02689734;-0,0444301;1320,67105;0,293478;0,30241521;0,05068967;2,47839895;111,423255;42,1193833;31,0022372;0,66210902;12,5870393;31,998575;34,9533899;;;
11;Sym_Alb_1_(2);Sym_Alb_1;Sym_Alb;Sym;Caprifoliaceae;4,71238898;1,5;6;4,35923333;50,78481667;1;0,1767;0,0583;0,329937748;14,87;255,0600343;0,354;23,6191259;69,534966;37,7663026;0,1501587;5,03491967;107,162333;23457,4017;0,07290759;2766,20939;81,863229;0,7538915;1520,03925;0,49732444;150,957564;0,3182;6274,917;19,72004085;2742,473;0,116026666;0,598;0,3333;344,371104;16,2288251;41,86541;9505,55494;5,69867199;28,1611242;702,192652;16147,849;0,28600491;1099,82536;201,059025;3,03813995;3698,48282;57,5600196;769,997717;397,06;14,1010625;6,11;113,2;10,01;42,0468134;0,02689734;-0,0444301;1320,67105;0,293478;0,30241521;0,05068967;2,47839895;111,423255;42,1193833;31,0022372;0,66210902;12,5870393;31,998575;34,9533899;;;
11;Sym_Alb_1_(2);Sym_Alb_1;Sym_Alb;Sym;Caprifoliaceae;4,71238898;1,5;6;4,35923333;50,78481667;2;0,1234;0,0382;0,309562399;10,913;285,6806283;0,354;23,6191259;69,534966;37,7663026;0,1501587;5,03491967;107,162333;23457,4017;0,07290759;2766,20939;81,863229;0,7538915;1520,03925;0,49732444;150,957564;0,3182;6274,917;19,72004085;2742,473;0,116026666;0,598;0,3333;344,371104;16,2288251;41,86541;9505,55494;5,69867199;28,1611242;702,192652;16147,849;0,28600491;1099,82536;201,059025;3,03813995;3698,48282;57,5600196;769,997717;397,06;14,1010625;6,11;113,2;10,01;42,0468134;0,02689734;-0,0444301;1320,67105;0,293478;0,30241521;0,05068967;2,47839895;111,423255;42,1193833;31,0022372;0,66210902;12,5870393;31,998575;34,9533899;;;
11;Sym_Alb_1_(2);Sym_Alb_1;Sym_Alb;Sym;Caprifoliaceae;4,71238898;1,5;6;4,35923333;50,78481667;3;0,19;0,0644;0,338947368;17,023;264,3322981;0,354;23,6191259;69,534966;37,7663026;0,1501587;5,03491967;107,162333;23457,4017;0,07290759;2766,20939;81,863229;0,7538915;1520,03925;0,49732444;150,957564;0,3182;6274,917;19,72004085;2742,473;0,116026666;0,598;0,3333;344,371104;16,2288251;41,86541;9505,55494;5,69867199;28,1611242;702,192652;16147,849;0,28600491;1099,82536;201,059025;3,03813995;3698,48282;57,5600196;769,997717;397,06;14,1010625;6,11;113,2;10,01;42,0468134;0,02689734;-0,0444301;1320,67105;0,293478;0,30241521;0,05068967;2,47839895;111,423255;42,1193833;31,0022372;0,66210902;12,5870393;31,998575;34,9533899;;;
11;Sym_Alb_1_(2);Sym_Alb_1;Sym_Alb;Sym;Caprifoliaceae;4,71238898;1,5;6;4,35923333;50,78481667;4;0,1799;0,0575;0,319622012;15,458;268,8347826;0,354;23,6191259;69,534966;37,7663026;0,1501587;5,03491967;107,162333;23457,4017;0,07290759;2766,20939;81,863229;0,7538915;1520,03925;0,49732444;150,957564;0,3182;6274,917;19,72004085;2742,473;0,116026666;0,598;0,3333;344,371104;16,2288251;41,86541;9505,55494;5,69867199;28,1611242;702,192652;16147,849;0,28600491;1099,82536;201,059025;3,03813995;3698,48282;57,5600196;769,997717;397,06;14,1010625;6,11;113,2;10,01;42,0468134;0,02689734;-0,0444301;1320,67105;0,293478;0,30241521;0,05068967;2,47839895;111,423255;42,1193833;31,0022372;0,66210902;12,5870393;31,998575;34,9533899;;;
11;Sym_Alb_1_(2);Sym_Alb_1;Sym_Alb;Sym;Caprifoliaceae;4,71238898;1,5;6;4,35923333;50,78481667;5;0,0378;0,0126;0,333333333;3,262;258,8888889;0,354;23,6191259;69,534966;37,7663026;0,1501587;5,03491967;107,162333;23457,4017;0,07290759;2766,20939;81,863229;0,7538915;1520,03925;0,49732444;150,957564;0,3182;6274,917;19,72004085;2742,473;0,116026666;0,598;0,3333;344,371104;16,2288251;41,86541;9505,55494;5,69867199;28,1611242;702,192652;16147,849;0,28600491;1099,82536;201,059025;3,03813995;3698,48282;57,5600196;769,997717;397,06;14,1010625;6,11;113,2;10,01;42,0468134;0,02689734;-0,0444301;1320,67105;0,293478;0,30241521;0,05068967;2,47839895;111,423255;42,1193833;31,0022372;0,66210902;12,5870393;31,998575;34,9533899;;;
11;Sym_Alb_1_(2);Sym_Alb_1;Sym_Alb;Sym;Caprifoliaceae;4,71238898;1,5;6;4,35923333;50,78481667;6;0,374;0,0123;0,032887701;3,162;257,0731707;0,354;23,6191259;69,534966;37,7663026;0,1501587;5,03491967;107,162333;23457,4017;0,07290759;2766,20939;81,863229;0,7538915;1520,03925;0,49732444;150,957564;0,3182;6274,917;19,72004085;2742,473;0,116026666;0,598;0,3333;344,371104;16,2288251;41,86541;9505,55494;5,69867199;28,1611242;702,192652;16147,849;0,28600491;1099,82536;201,059025;3,03813995;3698,48282;57,5600196;769,997717;397,06;14,1010625;6,11;113,2;10,01;42,0468134;0,02689734;-0,0444301;1320,67105;0,293478;0,30241521;0,05068967;2,47839895;111,423255;42,1193833;31,0022372;0,66210902;12,5870393;31,998575;34,9533899;;;
11;Sym_Alb_1_(2);Sym_Alb_1;Sym_Alb;Sym;Caprifoliaceae;4,71238898;1,5;6;4,35923333;50,78481667;7;0,533;0,0249;0,046716698;4,754;190,9236948;0,354;23,6191259;69,534966;37,7663026;0,1501587;5,03491967;107,162333;23457,4017;0,07290759;2766,20939;81,863229;0,7538915;1520,03925;0,49732444;150,957564;0,3182;6274,917;19,72004085;2742,473;0,116026666;0,598;0,3333;344,371104;16,2288251;41,86541;9505,55494;5,69867199;28,1611242;702,192652;16147,849;0,28600491;1099,82536;201,059025;3,03813995;3698,48282;57,5600196;769,997717;397,06;14,1010625;6,11;113,2;10,01;42,0468134;0,02689734;-0,0444301;1320,67105;0,293478;0,30241521;0,05068967;2,47839895;111,423255;42,1193833;31,0022372;0,66210902;12,5870393;31,998575;34,9533899;;;
11;Sym_Alb_1_(2);Sym_Alb_1;Sym_Alb;Sym;Caprifoliaceae;4,71238898;1,5;6;4,35923333;50,78481667;8;0,274;0,0091;0,033211679;2,323;255,2747253;0,354;23,6191259;69,534966;37,7663026;0,1501587;5,03491967;107,162333;23457,4017;0,07290759;2766,20939;81,863229;0,7538915;1520,03925;0,49732444;150,957564;0,3182;6274,917;19,72004085;2742,473;0,116026666;0,598;0,3333;344,371104;16,2288251;41,86541;9505,55494;5,69867199;28,1611242;702,192652;16147,849;0,28600491;1099,82536;201,059025;3,03813995;3698,48282;57,5600196;769,997717;397,06;14,1010625;6,11;113,2;10,01;42,0468134;0,02689734;-0,0444301;1320,67105;0,293478;0,30241521;0,05068967;2,47839895;111,423255;42,1193833;31,0022372;0,66210902;12,5870393;31,998575;34,9533899;;;
11;Sym_Alb_1_(2);Sym_Alb_1;Sym_Alb;Sym;Caprifoliaceae;4,71238898;1,5;6;4,35923333;50,78481667;9;0,1311;0,0461;0,351639969;11,792;255,791757;0,354;23,6191259;69,534966;37,7663026;0,1501587;5,03491967;107,162333;23457,4017;0,07290759;2766,20939;81,863229;0,7538915;1520,03925;0,49732444;150,957564;0,3182;6274,917;19,72004085;2742,473;0,116026666;0,598;0,3333;344,371104;16,2288251;41,86541;9505,55494;5,69867199;28,1611242;702,192652;16147,849;0,28600491;1099,82536;201,059025;3,03813995;3698,48282;57,5600196;769,997717;397,06;14,1010625;6,11;113,2;10,01;42,0468134;0,02689734;-0,0444301;1320,67105;0,293478;0,30241521;0,05068967;2,47839895;111,423255;42,1193833;31,0022372;0,66210902;12,5870393;31,998575;34,9533899;;;
11;Sym_Alb_1_(2);Sym_Alb_1;Sym_Alb;Sym;Caprifoliaceae;4,71238898;1,5;6;4,35923333;50,78481667;10;0,1037;0,036;0,347155256;9,303;258,4166667;0,354;23,6191259;69,534966;37,7663026;0,1501587;5,03491967;107,162333;23457,4017;0,07290759;2766,20939;81,863229;0,7538915;1520,03925;0,49732444;150,957564;0,3182;6274,917;19,72004085;2742,473;0,116026666;0,598;0,3333;344,371104;16,2288251;41,86541;9505,55494;5,69867199;28,1611242;702,192652;16147,849;0,28600491;1099,82536;201,059025;3,03813995;3698,48282;57,5600196;769,997717;397,06;14,1010625;6,11;113,2;10,01;42,0468134;0,02689734;-0,0444301;1320,67105;0,293478;0,30241521;0,05068967;2,47839895;111,423255;42,1193833;31,0022372;0,66210902;12,5870393;31,998575;34,9533899;;;
11;Sym_Alb_1_(2);Sym_Alb_1;Sym_Alb;Sym;Caprifoliaceae;4,71238898;1,5;6;4,35923333;50,78481667;11;0,1064;0,0366;0,343984962;9,375;256,147541;0,354;23,6191259;69,534966;37,7663026;0,1501587;5,03491967;107,162333;23457,4017;0,07290759;2766,20939;81,863229;0,7538915;1520,03925;0,49732444;150,957564;0,3182;6274,917;19,72004085;2742,473;0,116026666;0,598;0,3333;344,371104;16,2288251;41,86541;9505,55494;5,69867199;28,1611242;702,192652;16147,849;0,28600491;1099,82536;201,059025;3,03813995;3698,48282;57,5600196;769,997717;397,06;14,1010625;6,11;113,2;10,01;42,0468134;0,02689734;-0,0444301;1320,67105;0,293478;0,30241521;0,05068967;2,47839895;111,423255;42,1193833;31,0022372;0,66210902;12,5870393;31,998575;34,9533899;;;
11;Sym_Alb_1_(2);Sym_Alb_1;Sym_Alb;Sym;Caprifoliaceae;4,71238898;1,5;6;4,35923333;50,78481667;12;0,1338;0,046;0,343796712;10,734;233,3478261;0,354;23,6191259;69,534966;37,7663026;0,1501587;5,03491967;107,162333;23457,4017;0,07290759;2766,20939;81,863229;0,7538915;1520,03925;0,49732444;150,957564;0,3182;6274,917;19,72004085;2742,473;0,116026666;0,598;0,3333;344,371104;16,2288251;41,86541;9505,55494;5,69867199;28,1611242;702,192652;16147,849;0,28600491;1099,82536;201,059025;3,03813995;3698,48282;57,5600196;769,997717;397,06;14,1010625;6,11;113,2;10,01;42,0468134;0,02689734;-0,0444301;1320,67105;0,293478;0,30241521;0,05068967;2,47839895;111,423255;42,1193833;31,0022372;0,66210902;12,5870393;31,998575;34,9533899;;;
11;Sym_Alb_1_(2);Sym_Alb_1;Sym_Alb;Sym;Caprifoliaceae;4,71238898;1,5;6;4,35923333;50,78481667;13;0,0604;0,0179;0,296357616;5,296;295,8659218;0,354;23,6191259;69,534966;37,7663026;0,1501587;5,03491967;107,162333;23457,4017;0,07290759;2766,20939;81,863229;0,7538915;1520,03925;0,49732444;150,957564;0,3182;6274,917;19,72004085;2742,473;0,116026666;0,598;0,3333;344,371104;16,2288251;41,86541;9505,55494;5,69867199;28,1611242;702,192652;16147,849;0,28600491;1099,82536;201,059025;3,03813995;3698,48282;57,5600196;769,997717;397,06;14,1010625;6,11;113,2;10,01;42,0468134;0,02689734;-0,0444301;1320,67105;0,293478;0,30241521;0,05068967;2,47839895;111,423255;42,1193833;31,0022372;0,66210902;12,5870393;31,998575;34,9533899;;;
11;Sym_Alb_1_(2);Sym_Alb_1;Sym_Alb;Sym;Caprifoliaceae;4,71238898;1,5;6;4,35923333;50,78481667;14;0,0899;0,0286;0,318131257;7,451;260,5244755;0,354;23,6191259;69,534966;37,7663026;0,1501587;5,03491967;107,162333;23457,4017;0,07290759;2766,20939;81,863229;0,7538915;1520,03925;0,49732444;150,957564;0,3182;6274,917;19,72004085;2742,473;0,116026666;0,598;0,3333;344,371104;16,2288251;41,86541;9505,55494;5,69867199;28,1611242;702,192652;16147,849;0,28600491;1099,82536;201,059025;3,03813995;3698,48282;57,5600196;769,997717;397,06;14,1010625;6,11;113,2;10,01;42,0468134;0,02689734;-0,0444301;1320,67105;0,293478;0,30241521;0,05068967;2,47839895;111,423255;42,1193833;31,0022372;0,66210902;12,5870393;31,998575;34,9533899;;;
11;Sym_Alb_1_(2);Sym_Alb_1;Sym_Alb;Sym;Caprifoliaceae;4,71238898;1,5;6;4,35923333;50,78481667;15;0,1076;0,035;0,32527881;9,597;274,2;0,354;23,6191259;69,534966;37,7663026;0,1501587;5,03491967;107,162333;23457,4017;0,07290759;2766,20939;81,863229;0,7538915;1520,03925;0,49732444;150,957564;0,3182;6274,917;19,72004085;2742,473;0,116026666;0,598;0,3333;344,371104;16,2288251;41,86541;9505,55494;5,69867199;28,1611242;702,192652;16147,849;0,28600491;1099,82536;201,059025;3,03813995;3698,48282;57,5600196;769,997717;397,06;14,1010625;6,11;113,2;10,01;42,0468134;0,02689734;-0,0444301;1320,67105;0,293478;0,30241521;0,05068967;2,47839895;111,423255;42,1193833;31,0022372;0,66210902;12,5870393;31,998575;34,9533899;;;
11;Sym_Alb_1_(2);Sym_Alb_1;Sym_Alb;Sym;Caprifoliaceae;4,71238898;1,5;6;4,35923333;50,78481667;16;0,1068;0,0375;0,351123596;9,663;257,68;0,354;23,6191259;69,534966;37,7663026;0,1501587;5,03491967;107,162333;23457,4017;0,07290759;2766,20939;81,863229;0,7538915;1520,03925;0,49732444;150,957564;0,3182;6274,917;19,72004085;2742,473;0,116026666;0,598;0,3333;344,371104;16,2288251;41,86541;9505,55494;5,69867199;28,1611242;702,192652;16147,849;0,28600491;1099,82536;201,059025;3,03813995;3698,48282;57,5600196;769,997717;397,06;14,1010625;6,11;113,2;10,01;42,0468134;0,02689734;-0,0444301;1320,67105;0,293478;0,30241521;0,05068967;2,47839895;111,423255;42,1193833;31,0022372;0,66210902;12,5870393;31,998575;34,9533899;;;
12;Sym_Alb_2;Sym_Alb_2;Sym_Alb;Sym;Caprifoliaceae;6,283185307;2;6;4,35825000;50,78486667;1;0,0644;0,0151;0,23447205;8,37;554,3046358;0,2018;49,2216889;73,4405001;27,5418098;0,63426386;6,3800179;176,868315;17900,4909;0,12241166;4966,56642;427,376527;2,57060995;1884,14343;0,72698853;81,7225281;0,20795;3592,2705;18,36314544;1378,5525;0,14879338;0,584;0,3562;383,035795;14,6653651;26,8188773;9409,15516;2,73767997;12,2679384;558,991068;7563,47421;0,32985826;1866,57743;438,137774;4,94391043;3114,63495;18,6747698;290,276792;278,97;0;5,17;108,8;10,25;210,493781;0,01487173;-0,0695007;1277,46475;0,25597331;0,38610425;0,15641047;3,16261014;84,6099656;95,678191;36,6820064;1,04735041;6,73269888;32,8912963;15,9554601;;;
12;Sym_Alb_2;Sym_Alb_2;Sym_Alb;Sym;Caprifoliaceae;6,283185307;2;6;4,35825000;50,78486667;2;0,0775;0,0221;0,28516129;8,69;393,2126697;0,2018;49,2216889;73,4405001;27,5418098;0,63426386;6,3800179;176,868315;17900,4909;0,12241166;4966,56642;427,376527;2,57060995;1884,14343;0,72698853;81,7225281;0,20795;3592,2705;18,36314544;1378,5525;0,14879338;0,584;0,3562;383,035795;14,6653651;26,8188773;9409,15516;2,73767997;12,2679384;558,991068;7563,47421;0,32985826;1866,57743;438,137774;4,94391043;3114,63495;18,6747698;290,276792;278,97;0;5,17;108,8;10,25;210,493781;0,01487173;-0,0695007;1277,46475;0,25597331;0,38610425;0,15641047;3,16261014;84,6099656;95,678191;36,6820064;1,04735041;6,73269888;32,8912963;15,9554601;;;
12;Sym_Alb_2;Sym_Alb_2;Sym_Alb;Sym;Caprifoliaceae;6,283185307;2;6;4,35825000;50,78486667;3;0,0775;0,0222;0,286451613;8,996;405,2252252;0,2018;49,2216889;73,4405001;27,5418098;0,63426386;6,3800179;176,868315;17900,4909;0,12241166;4966,56642;427,376527;2,57060995;1884,14343;0,72698853;81,7225281;0,20795;3592,2705;18,36314544;1378,5525;0,14879338;0,584;0,3562;383,035795;14,6653651;26,8188773;9409,15516;2,73767997;12,2679384;558,991068;7563,47421;0,32985826;1866,57743;438,137774;4,94391043;3114,63495;18,6747698;290,276792;278,97;0;5,17;108,8;10,25;210,493781;0,01487173;-0,0695007;1277,46475;0,25597331;0,38610425;0,15641047;3,16261014;84,6099656;95,678191;36,6820064;1,04735041;6,73269888;32,8912963;15,9554601;;;
12;Sym_Alb_2;Sym_Alb_2;Sym_Alb;Sym;Caprifoliaceae;6,283185307;2;6;4,35825000;50,78486667;4;0,0835;0,0236;0,282634731;9,453;400,5508475;0,2018;49,2216889;73,4405001;27,5418098;0,63426386;6,3800179;176,868315;17900,4909;0,12241166;4966,56642;427,376527;2,57060995;1884,14343;0,72698853;81,7225281;0,20795;3592,2705;18,36314544;1378,5525;0,14879338;0,584;0,3562;383,035795;14,6653651;26,8188773;9409,15516;2,73767997;12,2679384;558,991068;7563,47421;0,32985826;1866,57743;438,137774;4,94391043;3114,63495;18,6747698;290,276792;278,97;0;5,17;108,8;10,25;210,493781;0,01487173;-0,0695007;1277,46475;0,25597331;0,38610425;0,15641047;3,16261014;84,6099656;95,678191;36,6820064;1,04735041;6,73269888;32,8912963;15,9554601;;;
12;Sym_Alb_2;Sym_Alb_2;Sym_Alb;Sym;Caprifoliaceae;6,283185307;2;6;4,35825000;50,78486667;5;0,0876;0,0249;0,284246575;9,778;392,6907631;0,2018;49,2216889;73,4405001;27,5418098;0,63426386;6,3800179;176,868315;17900,4909;0,12241166;4966,56642;427,376527;2,57060995;1884,14343;0,72698853;81,7225281;0,20795;3592,2705;18,36314544;1378,5525;0,14879338;0,584;0,3562;383,035795;14,6653651;26,8188773;9409,15516;2,73767997;12,2679384;558,991068;7563,47421;0,32985826;1866,57743;438,137774;4,94391043;3114,63495;18,6747698;290,276792;278,97;0;5,17;108,8;10,25;210,493781;0,01487173;-0,0695007;1277,46475;0,25597331;0,38610425;0,15641047;3,16261014;84,6099656;95,678191;36,6820064;1,04735041;6,73269888;32,8912963;15,9554601;;;
12;Sym_Alb_2;Sym_Alb_2;Sym_Alb;Sym;Caprifoliaceae;6,283185307;2;6;4,35825000;50,78486667;6;0,0318;0,009;0,283018868;3,214;357,1111111;0,2018;49,2216889;73,4405001;27,5418098;0,63426386;6,3800179;176,868315;17900,4909;0,12241166;4966,56642;427,376527;2,57060995;1884,14343;0,72698853;81,7225281;0,20795;3592,2705;18,36314544;1378,5525;0,14879338;0,584;0,3562;383,035795;14,6653651;26,8188773;9409,15516;2,73767997;12,2679384;558,991068;7563,47421;0,32985826;1866,57743;438,137774;4,94391043;3114,63495;18,6747698;290,276792;278,97;0;5,17;108,8;10,25;210,493781;0,01487173;-0,0695007;1277,46475;0,25597331;0,38610425;0,15641047;3,16261014;84,6099656;95,678191;36,6820064;1,04735041;6,73269888;32,8912963;15,9554601;;;
12;Sym_Alb_2;Sym_Alb_2;Sym_Alb;Sym;Caprifoliaceae;6,283185307;2;6;4,35825000;50,78486667;7;0,0363;0,01;0,275482094;3,449;344,9;0,2018;49,2216889;73,4405001;27,5418098;0,63426386;6,3800179;176,868315;17900,4909;0,12241166;4966,56642;427,376527;2,57060995;1884,14343;0,72698853;81,7225281;0,20795;3592,2705;18,36314544;1378,5525;0,14879338;0,584;0,3562;383,035795;14,6653651;26,8188773;9409,15516;2,73767997;12,2679384;558,991068;7563,47421;0,32985826;1866,57743;438,137774;4,94391043;3114,63495;18,6747698;290,276792;278,97;0;5,17;108,8;10,25;210,493781;0,01487173;-0,0695007;1277,46475;0,25597331;0,38610425;0,15641047;3,16261014;84,6099656;95,678191;36,6820064;1,04735041;6,73269888;32,8912963;15,9554601;;;
12;Sym_Alb_2;Sym_Alb_2;Sym_Alb;Sym;Caprifoliaceae;6,283185307;2;6;4,35825000;50,78486667;8;0,0246;0,0068;0,276422764;2,248;330,5882353;0,2018;49,2216889;73,4405001;27,5418098;0,63426386;6,3800179;176,868315;17900,4909;0,12241166;4966,56642;427,376527;2,57060995;1884,14343;0,72698853;81,7225281;0,20795;3592,2705;18,36314544;1378,5525;0,14879338;0,584;0,3562;383,035795;14,6653651;26,8188773;9409,15516;2,73767997;12,2679384;558,991068;7563,47421;0,32985826;1866,57743;438,137774;4,94391043;3114,63495;18,6747698;290,276792;278,97;0;5,17;108,8;10,25;210,493781;0,01487173;-0,0695007;1277,46475;0,25597331;0,38610425;0,15641047;3,16261014;84,6099656;95,678191;36,6820064;1,04735041;6,73269888;32,8912963;15,9554601;;;
12;Sym_Alb_2;Sym_Alb_2;Sym_Alb;Sym;Caprifoliaceae;6,283185307;2;6;4,35825000;50,78486667;9;0,0369;0,0098;0,265582656;3,788;386,5306122;0,2018;49,2216889;73,4405001;27,5418098;0,63426386;6,3800179;176,868315;17900,4909;0,12241166;4966,56642;427,376527;2,57060995;1884,14343;0,72698853;81,7225281;0,20795;3592,2705;18,36314544;1378,5525;0,14879338;0,584;0,3562;383,035795;14,6653651;26,8188773;9409,15516;2,73767997;12,2679384;558,991068;7563,47421;0,32985826;1866,57743;438,137774;4,94391043;3114,63495;18,6747698;290,276792;278,97;0;5,17;108,8;10,25;210,493781;0,01487173;-0,0695007;1277,46475;0,25597331;0,38610425;0,15641047;3,16261014;84,6099656;95,678191;36,6820064;1,04735041;6,73269888;32,8912963;15,9554601;;;
12;Sym_Alb_2;Sym_Alb_2;Sym_Alb;Sym;Caprifoliaceae;6,283185307;2;6;4,35825000;50,78486667;10;0,0355;0,017;0,478873239;3,652;214,8235294;0,2018;49,2216889;73,4405001;27,5418098;0,63426386;6,3800179;176,868315;17900,4909;0,12241166;4966,56642;427,376527;2,57060995;1884,14343;0,72698853;81,7225281;0,20795;3592,2705;18,36314544;1378,5525;0,14879338;0,584;0,3562;383,035795;14,6653651;26,8188773;9409,15516;2,73767997;12,2679384;558,991068;7563,47421;0,32985826;1866,57743;438,137774;4,94391043;3114,63495;18,6747698;290,276792;278,97;0;5,17;108,8;10,25;210,493781;0,01487173;-0,0695007;1277,46475;0,25597331;0,38610425;0,15641047;3,16261014;84,6099656;95,678191;36,6820064;1,04735041;6,73269888;32,8912963;15,9554601;;;
12;Sym_Alb_2;Sym_Alb_2;Sym_Alb;Sym;Caprifoliaceae;6,283185307;2;6;4,35825000;50,78486667;11;0,062;;0;6,23;;0,2018;49,2216889;73,4405001;27,5418098;0,63426386;6,3800179;176,868315;17900,4909;0,12241166;4966,56642;427,376527;2,57060995;1884,14343;0,72698853;81,7225281;0,20795;3592,2705;18,36314544;1378,5525;0,14879338;0,584;0,3562;383,035795;14,6653651;26,8188773;9409,15516;2,73767997;12,2679384;558,991068;7563,47421;0,32985826;1866,57743;438,137774;4,94391043;3114,63495;18,6747698;290,276792;278,97;0;5,17;108,8;10,25;210,493781;0,01487173;-0,0695007;1277,46475;0,25597331;0,38610425;0,15641047;3,16261014;84,6099656;95,678191;36,6820064;1,04735041;6,73269888;32,8912963;15,9554601;;;
12;Sym_Alb_2;Sym_Alb_2;Sym_Alb;Sym;Caprifoliaceae;6,283185307;2;6;4,35825000;50,78486667;12;0,0584;;0;5,959;;0,2018;49,2216889;73,4405001;27,5418098;0,63426386;6,3800179;176,868315;17900,4909;0,12241166;4966,56642;427,376527;2,57060995;1884,14343;0,72698853;81,7225281;0,20795;3592,2705;18,36314544;1378,5525;0,14879338;0,584;0,3562;383,035795;14,6653651;26,8188773;9409,15516;2,73767997;12,2679384;558,991068;7563,47421;0,32985826;1866,57743;438,137774;4,94391043;3114,63495;18,6747698;290,276792;278,97;0;5,17;108,8;10,25;210,493781;0,01487173;-0,0695007;1277,46475;0,25597331;0,38610425;0,15641047;3,16261014;84,6099656;95,678191;36,6820064;1,04735041;6,73269888;32,8912963;15,9554601;;;
12;Sym_Alb_2;Sym_Alb_2;Sym_Alb;Sym;Caprifoliaceae;6,283185307;2;6;4,35825000;50,78486667;13;0,0655;0,0157;0,239694656;8,28;527,388535;0,2018;49,2216889;73,4405001;27,5418098;0,63426386;6,3800179;176,868315;17900,4909;0,12241166;4966,56642;427,376527;2,57060995;1884,14343;0,72698853;81,7225281;0,20795;3592,2705;18,36314544;1378,5525;0,14879338;0,584;0,3562;383,035795;14,6653651;26,8188773;9409,15516;2,73767997;12,2679384;558,991068;7563,47421;0,32985826;1866,57743;438,137774;4,94391043;3114,63495;18,6747698;290,276792;278,97;0;5,17;108,8;10,25;210,493781;0,01487173;-0,0695007;1277,46475;0,25597331;0,38610425;0,15641047;3,16261014;84,6099656;95,678191;36,6820064;1,04735041;6,73269888;32,8912963;15,9554601;;;
12;Sym_Alb_2;Sym_Alb_2;Sym_Alb;Sym;Caprifoliaceae;6,283185307;2;6;4,35825000;50,78486667;14;0,0615;0,0148;0,240650407;3,449;233,0405405;0,2018;49,2216889;73,4405001;27,5418098;0,63426386;6,3800179;176,868315;17900,4909;0,12241166;4966,56642;427,376527;2,57060995;1884,14343;0,72698853;81,7225281;0,20795;3592,2705;18,36314544;1378,5525;0,14879338;0,584;0,3562;383,035795;14,6653651;26,8188773;9409,15516;2,73767997;12,2679384;558,991068;7563,47421;0,32985826;1866,57743;438,137774;4,94391043;3114,63495;18,6747698;290,276792;278,97;0;5,17;108,8;10,25;210,493781;0,01487173;-0,0695007;1277,46475;0,25597331;0,38610425;0,15641047;3,16261014;84,6099656;95,678191;36,6820064;1,04735041;6,73269888;32,8912963;15,9554601;;;
12;Sym_Alb_2;Sym_Alb_2;Sym_Alb;Sym;Caprifoliaceae;6,283185307;2;6;4,35825000;50,78486667;15;0,0609;0,0185;0,303776683;7,863;425,027027;0,2018;49,2216889;73,4405001;27,5418098;0,63426386;6,3800179;176,868315;17900,4909;0,12241166;4966,56642;427,376527;2,57060995;1884,14343;0,72698853;81,7225281;0,20795;3592,2705;18,36314544;1378,5525;0,14879338;0,584;0,3562;383,035795;14,6653651;26,8188773;9409,15516;2,73767997;12,2679384;558,991068;7563,47421;0,32985826;1866,57743;438,137774;4,94391043;3114,63495;18,6747698;290,276792;278,97;0;5,17;108,8;10,25;210,493781;0,01487173;-0,0695007;1277,46475;0,25597331;0,38610425;0,15641047;3,16261014;84,6099656;95,678191;36,6820064;1,04735041;6,73269888;32,8912963;15,9554601;;;
12;Sym_Alb_2;Sym_Alb_2;Sym_Alb;Sym;Caprifoliaceae;6,283185307;2;6;4,35825000;50,78486667;16;0,015;;0;1,306;;0,2018;49,2216889;73,4405001;27,5418098;0,63426386;6,3800179;176,868315;17900,4909;0,12241166;4966,56642;427,376527;2,57060995;1884,14343;0,72698853;81,7225281;0,20795;3592,2705;18,36314544;1378,5525;0,14879338;0,584;0,3562;383,035795;14,6653651;26,8188773;9409,15516;2,73767997;12,2679384;558,991068;7563,47421;0,32985826;1866,57743;438,137774;4,94391043;3114,63495;18,6747698;290,276792;278,97;0;5,17;108,8;10,25;210,493781;0,01487173;-0,0695007;1277,46475;0,25597331;0,38610425;0,15641047;3,16261014;84,6099656;95,678191;36,6820064;1,04735041;6,73269888;32,8912963;15,9554601;;;
12;Sym_Alb_2;Sym_Alb_2;Sym_Alb;Sym;Caprifoliaceae;6,283185307;2;6;4,35825000;50,78486667;17;0,0558;;0;5,725;;0,2018;49,2216889;73,4405001;27,5418098;0,63426386;6,3800179;176,868315;17900,4909;0,12241166;4966,56642;427,376527;2,57060995;1884,14343;0,72698853;81,7225281;0,20795;3592,2705;18,36314544;1378,5525;0,14879338;0,584;0,3562;383,035795;14,6653651;26,8188773;9409,15516;2,73767997;12,2679384;558,991068;7563,47421;0,32985826;1866,57743;438,137774;4,94391043;3114,63495;18,6747698;290,276792;278,97;0;5,17;108,8;10,25;210,493781;0,01487173;-0,0695007;1277,46475;0,25597331;0,38610425;0,15641047;3,16261014;84,6099656;95,678191;36,6820064;1,04735041;6,73269888;32,8912963;15,9554601;;;
12;Sym_Alb_2;Sym_Alb_2;Sym_Alb;Sym;Caprifoliaceae;6,283185307;2;6;4,35825000;50,78486667;18;0,0641;;0;7,279;;0,2018;49,2216889;73,4405001;27,5418098;0,63426386;6,3800179;176,868315;17900,4909;0,12241166;4966,56642;427,376527;2,57060995;1884,14343;0,72698853;81,7225281;0,20795;3592,2705;18,36314544;1378,5525;0,14879338;0,584;0,3562;383,035795;14,6653651;26,8188773;9409,15516;2,73767997;12,2679384;558,991068;7563,47421;0,32985826;1866,57743;438,137774;4,94391043;3114,63495;18,6747698;290,276792;278,97;0;5,17;108,8;10,25;210,493781;0,01487173;-0,0695007;1277,46475;0,25597331;0,38610425;0,15641047;3,16261014;84,6099656;95,678191;36,6820064;1,04735041;6,73269888;32,8912963;15,9554601;;;
13;Sym_Alb_3;Sym_Alb_3;Sym_Alb;Sym;Caprifoliaceae;3,5;1,114084602;10;4,35963333;50,78476667;1;0,2068;0,0765;0,369922631;28,336;370,4052288;0,3159;19,9796249;74,9445296;17,1645515;0,09222536;5,31396369;104,98355;29242,8513;0,05668374;2392,94659;44,2010275;1,56996816;1900,04375;0,26690959;71,5355917;0,1703;5241,355;30,77718732;1040,585;0,163657942;0,394;0,3581;758,058983;17,3898927;19,5569488;15292,5162;0,76767786;12,336311;1555,09321;9366,70828;0,69124133;1410,97176;79,7224889;4,07509925;3473,18539;9,57563154;226,961739;321,87;0;7,46;159,9;10,27;0,62357018;0,01300946;0,11422395;3842,52142;0,21378967;0,03140202;0,00995366;0,97232489;100,304992;63,4401879;9,56474934;0,18462858;5,80827635;5,78036144;29,8485419;;;
13;Sym_Alb_3;Sym_Alb_3;Sym_Alb;Sym;Caprifoliaceae;3,5;1,114084602;10;4,35963333;50,78476667;2;0,124;0,0381;0,307258065;17,051;447,5328084;0,3159;19,9796249;74,9445296;17,1645515;0,09222536;5,31396369;104,98355;29242,8513;0,05668374;2392,94659;44,2010275;1,56996816;1900,04375;0,26690959;71,5355917;0,1703;5241,355;30,77718732;1040,585;0,163657942;0,394;0,3581;758,058983;17,3898927;19,5569488;15292,5162;0,76767786;12,336311;1555,09321;9366,70828;0,69124133;1410,97176;79,7224889;4,07509925;3473,18539;9,57563154;226,961739;321,87;0;7,46;159,9;10,27;0,62357018;0,01300946;0,11422395;3842,52142;0,21378967;0,03140202;0,00995366;0,97232489;100,304992;63,4401879;9,56474934;0,18462858;5,80827635;5,78036144;29,8485419;;;
13;Sym_Alb_3;Sym_Alb_3;Sym_Alb;Sym;Caprifoliaceae;3,5;1,114084602;10;4,35963333;50,78476667;3;0,1336;0,0414;0,30988024;18,42;444,9275362;0,3159;19,9796249;74,9445296;17,1645515;0,09222536;5,31396369;104,98355;29242,8513;0,05668374;2392,94659;44,2010275;1,56996816;1900,04375;0,26690959;71,5355917;0,1703;5241,355;30,77718732;1040,585;0,163657942;0,394;0,3581;758,058983;17,3898927;19,5569488;15292,5162;0,76767786;12,336311;1555,09321;9366,70828;0,69124133;1410,97176;79,7224889;4,07509925;3473,18539;9,57563154;226,961739;321,87;0;7,46;159,9;10,27;0,62357018;0,01300946;0,11422395;3842,52142;0,21378967;0,03140202;0,00995366;0,97232489;100,304992;63,4401879;9,56474934;0,18462858;5,80827635;5,78036144;29,8485419;;;
13;Sym_Alb_3;Sym_Alb_3;Sym_Alb;Sym;Caprifoliaceae;3,5;1,114084602;10;4,35963333;50,78476667;4;0,225;0,0661;0,293777778;32,413;490,3630862;0,3159;19,9796249;74,9445296;17,1645515;0,09222536;5,31396369;104,98355;29242,8513;0,05668374;2392,94659;44,2010275;1,56996816;1900,04375;0,26690959;71,5355917;0,1703;5241,355;30,77718732;1040,585;0,163657942;0,394;0,3581;758,058983;17,3898927;19,5569488;15292,5162;0,76767786;12,336311;1555,09321;9366,70828;0,69124133;1410,97176;79,7224889;4,07509925;3473,18539;9,57563154;226,961739;321,87;0;7,46;159,9;10,27;0,62357018;0,01300946;0,11422395;3842,52142;0,21378967;0,03140202;0,00995366;0,97232489;100,304992;63,4401879;9,56474934;0,18462858;5,80827635;5,78036144;29,8485419;;;
13;Sym_Alb_3;Sym_Alb_3;Sym_Alb;Sym;Caprifoliaceae;3,5;1,114084602;10;4,35963333;50,78476667;5;0,1186;0,0404;0,340640809;17,97;444,8019802;0,3159;19,9796249;74,9445296;17,1645515;0,09222536;5,31396369;104,98355;29242,8513;0,05668374;2392,94659;44,2010275;1,56996816;1900,04375;0,26690959;71,5355917;0,1703;5241,355;30,77718732;1040,585;0,163657942;0,394;0,3581;758,058983;17,3898927;19,5569488;15292,5162;0,76767786;12,336311;1555,09321;9366,70828;0,69124133;1410,97176;79,7224889;4,07509925;3473,18539;9,57563154;226,961739;321,87;0;7,46;159,9;10,27;0,62357018;0,01300946;0,11422395;3842,52142;0,21378967;0,03140202;0,00995366;0,97232489;100,304992;63,4401879;9,56474934;0,18462858;5,80827635;5,78036144;29,8485419;;;
13;Sym_Alb_3;Sym_Alb_3;Sym_Alb;Sym;Caprifoliaceae;3,5;1,114084602;10;4,35963333;50,78476667;6;0,0837;0,0335;0,400238949;10,312;307,8208955;0,3159;19,9796249;74,9445296;17,1645515;0,09222536;5,31396369;104,98355;29242,8513;0,05668374;2392,94659;44,2010275;1,56996816;1900,04375;0,26690959;71,5355917;0,1703;5241,355;30,77718732;1040,585;0,163657942;0,394;0,3581;758,058983;17,3898927;19,5569488;15292,5162;0,76767786;12,336311;1555,09321;9366,70828;0,69124133;1410,97176;79,7224889;4,07509925;3473,18539;9,57563154;226,961739;321,87;0;7,46;159,9;10,27;0,62357018;0,01300946;0,11422395;3842,52142;0,21378967;0,03140202;0,00995366;0,97232489;100,304992;63,4401879;9,56474934;0,18462858;5,80827635;5,78036144;29,8485419;;;
13;Sym_Alb_3;Sym_Alb_3;Sym_Alb;Sym;Caprifoliaceae;3,5;1,114084602;10;4,35963333;50,78476667;7;0,0399;0,0167;0,418546366;4,363;261,257485;0,3159;19,9796249;74,9445296;17,1645515;0,09222536;5,31396369;104,98355;29242,8513;0,05668374;2392,94659;44,2010275;1,56996816;1900,04375;0,26690959;71,5355917;0,1703;5241,355;30,77718732;1040,585;0,163657942;0,394;0,3581;758,058983;17,3898927;19,5569488;15292,5162;0,76767786;12,336311;1555,09321;9366,70828;0,69124133;1410,97176;79,7224889;4,07509925;3473,18539;9,57563154;226,961739;321,87;0;7,46;159,9;10,27;0,62357018;0,01300946;0,11422395;3842,52142;0,21378967;0,03140202;0,00995366;0,97232489;100,304992;63,4401879;9,56474934;0,18462858;5,80827635;5,78036144;29,8485419;;;
13;Sym_Alb_3;Sym_Alb_3;Sym_Alb;Sym;Caprifoliaceae;3,5;1,114084602;10;4,35963333;50,78476667;8;0,1831;0,0748;0,408519934;24,457;326,9652406;0,3159;19,9796249;74,9445296;17,1645515;0,09222536;5,31396369;104,98355;29242,8513;0,05668374;2392,94659;44,2010275;1,56996816;1900,04375;0,26690959;71,5355917;0,1703;5241,355;30,77718732;1040,585;0,163657942;0,394;0,3581;758,058983;17,3898927;19,5569488;15292,5162;0,76767786;12,336311;1555,09321;9366,70828;0,69124133;1410,97176;79,7224889;4,07509925;3473,18539;9,57563154;226,961739;321,87;0;7,46;159,9;10,27;0,62357018;0,01300946;0,11422395;3842,52142;0,21378967;0,03140202;0,00995366;0,97232489;100,304992;63,4401879;9,56474934;0,18462858;5,80827635;5,78036144;29,8485419;;;
13;Sym_Alb_3;Sym_Alb_3;Sym_Alb;Sym;Caprifoliaceae;3,5;1,114084602;10;4,35963333;50,78476667;9;0,093;0,0395;0,424731183;11,066;280,1518987;0,3159;19,9796249;74,9445296;17,1645515;0,09222536;5,31396369;104,98355;29242,8513;0,05668374;2392,94659;44,2010275;1,56996816;1900,04375;0,26690959;71,5355917;0,1703;5241,355;30,77718732;1040,585;0,163657942;0,394;0,3581;758,058983;17,3898927;19,5569488;15292,5162;0,76767786;12,336311;1555,09321;9366,70828;0,69124133;1410,97176;79,7224889;4,07509925;3473,18539;9,57563154;226,961739;321,87;0;7,46;159,9;10,27;0,62357018;0,01300946;0,11422395;3842,52142;0,21378967;0,03140202;0,00995366;0,97232489;100,304992;63,4401879;9,56474934;0,18462858;5,80827635;5,78036144;29,8485419;;;
14;Cra_Mon_1;Cra_Mon_1;Cra_Mon;Cra;Rosaceae;47,1238898;15;7;4,35870000;50,78480000;1;0,162;0,0671;0,414197531;12,237;182,3695976;0,3684;21,8039511;32,8381889;148,037688;0,10405049;8,90209494;96,4327298;14773,3241;0,54665326;3188,26964;11,3468438;2,63160769;845,092631;0,92210062;80,2317506;0,1348;6286,777;46,63781157;2553,535;0,052789564;0,582;0,3096;2470,3403;21,6137767;58,6685424;7518,50033;2,02940671;23,4087641;2045,61426;3360,72758;0,82361689;1408,92521;541,615078;8,50296124;2228,92047;29,3317238;156,419418;420,43;37,2443;6,66;288,3;10,03;2,15143494;0,01725429;0,47932733;3065,37204;0,22246262;0,02057131;0,02482152;3,44968775;99,9314902;60,5274604;5,75225455;0,24368767;11,0174868;13,5729258;27,6873298;;;
14;Cra_Mon_1;Cra_Mon_1;Cra_Mon;Cra;Rosaceae;47,1238898;15;7;4,35870000;50,78480000;2;0,1744;0,0746;0,427752294;12,686;170,0536193;0,3684;21,8039511;32,8381889;148,037688;0,10405049;8,90209494;96,4327298;14773,3241;0,54665326;3188,26964;11,3468438;2,63160769;845,092631;0,92210062;80,2317506;0,1348;6286,777;46,63781157;2553,535;0,052789564;0,582;0,3096;2470,3403;21,6137767;58,6685424;7518,50033;2,02940671;23,4087641;2045,61426;3360,72758;0,82361689;1408,92521;541,615078;8,50296124;2228,92047;29,3317238;156,419418;420,43;37,2443;6,66;288,3;10,03;2,15143494;0,01725429;0,47932733;3065,37204;0,22246262;0,02057131;0,02482152;3,44968775;99,9314902;60,5274604;5,75225455;0,24368767;11,0174868;13,5729258;27,6873298;;;
14;Cra_Mon_1;Cra_Mon_1;Cra_Mon;Cra;Rosaceae;47,1238898;15;7;4,35870000;50,78480000;3;0,0736;0,0295;0,400815217;6,262;212,2711864;0,3684;21,8039511;32,8381889;148,037688;0,10405049;8,90209494;96,4327298;14773,3241;0,54665326;3188,26964;11,3468438;2,63160769;845,092631;0,92210062;80,2317506;0,1348;6286,777;46,63781157;2553,535;0,052789564;0,582;0,3096;2470,3403;21,6137767;58,6685424;7518,50033;2,02940671;23,4087641;2045,61426;3360,72758;0,82361689;1408,92521;541,615078;8,50296124;2228,92047;29,3317238;156,419418;420,43;37,2443;6,66;288,3;10,03;2,15143494;0,01725429;0,47932733;3065,37204;0,22246262;0,02057131;0,02482152;3,44968775;99,9314902;60,5274604;5,75225455;0,24368767;11,0174868;13,5729258;27,6873298;;;
14;Cra_Mon_1;Cra_Mon_1;Cra_Mon;Cra;Rosaceae;47,1238898;15;7;4,35870000;50,78480000;4;0,1898;0,0746;0,393045311;14,052;188,3646113;0,3684;21,8039511;32,8381889;148,037688;0,10405049;8,90209494;96,4327298;14773,3241;0,54665326;3188,26964;11,3468438;2,63160769;845,092631;0,92210062;80,2317506;0,1348;6286,777;46,63781157;2553,535;0,052789564;0,582;0,3096;2470,3403;21,6137767;58,6685424;7518,50033;2,02940671;23,4087641;2045,61426;3360,72758;0,82361689;1408,92521;541,615078;8,50296124;2228,92047;29,3317238;156,419418;420,43;37,2443;6,66;288,3;10,03;2,15143494;0,01725429;0,47932733;3065,37204;0,22246262;0,02057131;0,02482152;3,44968775;99,9314902;60,5274604;5,75225455;0,24368767;11,0174868;13,5729258;27,6873298;;;
14;Cra_Mon_1;Cra_Mon_1;Cra_Mon;Cra;Rosaceae;47,1238898;15;7;4,35870000;50,78480000;5;0,1447;0,0569;0,393227367;12,22;214,7627417;0,3684;21,8039511;32,8381889;148,037688;0,10405049;8,90209494;96,4327298;14773,3241;0,54665326;3188,26964;11,3468438;2,63160769;845,092631;0,92210062;80,2317506;0,1348;6286,777;46,63781157;2553,535;0,052789564;0,582;0,3096;2470,3403;21,6137767;58,6685424;7518,50033;2,02940671;23,4087641;2045,61426;3360,72758;0,82361689;1408,92521;541,615078;8,50296124;2228,92047;29,3317238;156,419418;420,43;37,2443;6,66;288,3;10,03;2,15143494;0,01725429;0,47932733;3065,37204;0,22246262;0,02057131;0,02482152;3,44968775;99,9314902;60,5274604;5,75225455;0,24368767;11,0174868;13,5729258;27,6873298;;;
14;Cra_Mon_1;Cra_Mon_1;Cra_Mon;Cra;Rosaceae;47,1238898;15;7;4,35870000;50,78480000;6;0,1519;0,0619;0,407504937;10,326;166,8174475;0,3684;21,8039511;32,8381889;148,037688;0,10405049;8,90209494;96,4327298;14773,3241;0,54665326;3188,26964;11,3468438;2,63160769;845,092631;0,92210062;80,2317506;0,1348;6286,777;46,63781157;2553,535;0,052789564;0,582;0,3096;2470,3403;21,6137767;58,6685424;7518,50033;2,02940671;23,4087641;2045,61426;3360,72758;0,82361689;1408,92521;541,615078;8,50296124;2228,92047;29,3317238;156,419418;420,43;37,2443;6,66;288,3;10,03;2,15143494;0,01725429;0,47932733;3065,37204;0,22246262;0,02057131;0,02482152;3,44968775;99,9314902;60,5274604;5,75225455;0,24368767;11,0174868;13,5729258;27,6873298;;;
14;Cra_Mon_1;Cra_Mon_1;Cra_Mon;Cra;Rosaceae;47,1238898;15;7;4,35870000;50,78480000;7;0,1608;0,0621;0,38619403;12,631;203,3977456;0,3684;21,8039511;32,8381889;148,037688;0,10405049;8,90209494;96,4327298;14773,3241;0,54665326;3188,26964;11,3468438;2,63160769;845,092631;0,92210062;80,2317506;0,1348;6286,777;46,63781157;2553,535;0,052789564;0,582;0,3096;2470,3403;21,6137767;58,6685424;7518,50033;2,02940671;23,4087641;2045,61426;3360,72758;0,82361689;1408,92521;541,615078;8,50296124;2228,92047;29,3317238;156,419418;420,43;37,2443;6,66;288,3;10,03;2,15143494;0,01725429;0,47932733;3065,37204;0,22246262;0,02057131;0,02482152;3,44968775;99,9314902;60,5274604;5,75225455;0,24368767;11,0174868;13,5729258;27,6873298;;;
14;Cra_Mon_1;Cra_Mon_1;Cra_Mon;Cra;Rosaceae;47,1238898;15;7;4,35870000;50,78480000;8;0,0954;0,0382;0,400419287;7,25;189,7905759;0,3684;21,8039511;32,8381889;148,037688;0,10405049;8,90209494;96,4327298;14773,3241;0,54665326;3188,26964;11,3468438;2,63160769;845,092631;0,92210062;80,2317506;0,1348;6286,777;46,63781157;2553,535;0,052789564;0,582;0,3096;2470,3403;21,6137767;58,6685424;7518,50033;2,02940671;23,4087641;2045,61426;3360,72758;0,82361689;1408,92521;541,615078;8,50296124;2228,92047;29,3317238;156,419418;420,43;37,2443;6,66;288,3;10,03;2,15143494;0,01725429;0,47932733;3065,37204;0,22246262;0,02057131;0,02482152;3,44968775;99,9314902;60,5274604;5,75225455;0,24368767;11,0174868;13,5729258;27,6873298;;;
14;Cra_Mon_1;Cra_Mon_1;Cra_Mon;Cra;Rosaceae;47,1238898;15;7;4,35870000;50,78480000;9;0,0653;0,0254;0,388973966;5,061;199,2519685;0,3684;21,8039511;32,8381889;148,037688;0,10405049;8,90209494;96,4327298;14773,3241;0,54665326;3188,26964;11,3468438;2,63160769;845,092631;0,92210062;80,2317506;0,1348;6286,777;46,63781157;2553,535;0,052789564;0,582;0,3096;2470,3403;21,6137767;58,6685424;7518,50033;2,02940671;23,4087641;2045,61426;3360,72758;0,82361689;1408,92521;541,615078;8,50296124;2228,92047;29,3317238;156,419418;420,43;37,2443;6,66;288,3;10,03;2,15143494;0,01725429;0,47932733;3065,37204;0,22246262;0,02057131;0,02482152;3,44968775;99,9314902;60,5274604;5,75225455;0,24368767;11,0174868;13,5729258;27,6873298;;;
14;Cra_Mon_1;Cra_Mon_1;Cra_Mon;Cra;Rosaceae;47,1238898;15;7;4,35870000;50,78480000;10;0,1451;0,0598;0,412129566;10,033;167,7759197;0,3684;21,8039511;32,8381889;148,037688;0,10405049;8,90209494;96,4327298;14773,3241;0,54665326;3188,26964;11,3468438;2,63160769;845,092631;0,92210062;80,2317506;0,1348;6286,777;46,63781157;2553,535;0,052789564;0,582;0,3096;2470,3403;21,6137767;58,6685424;7518,50033;2,02940671;23,4087641;2045,61426;3360,72758;0,82361689;1408,92521;541,615078;8,50296124;2228,92047;29,3317238;156,419418;420,43;37,2443;6,66;288,3;10,03;2,15143494;0,01725429;0,47932733;3065,37204;0,22246262;0,02057131;0,02482152;3,44968775;99,9314902;60,5274604;5,75225455;0,24368767;11,0174868;13,5729258;27,6873298;;;
14;Cra_Mon_1;Cra_Mon_1;Cra_Mon;Cra;Rosaceae;47,1238898;15;7;4,35870000;50,78480000;11;0,1018;0,0392;0,385068762;9,111;232,4234694;0,3684;21,8039511;32,8381889;148,037688;0,10405049;8,90209494;96,4327298;14773,3241;0,54665326;3188,26964;11,3468438;2,63160769;845,092631;0,92210062;80,2317506;0,1348;6286,777;46,63781157;2553,535;0,052789564;0,582;0,3096;2470,3403;21,6137767;58,6685424;7518,50033;2,02940671;23,4087641;2045,61426;3360,72758;0,82361689;1408,92521;541,615078;8,50296124;2228,92047;29,3317238;156,419418;420,43;37,2443;6,66;288,3;10,03;2,15143494;0,01725429;0,47932733;3065,37204;0,22246262;0,02057131;0,02482152;3,44968775;99,9314902;60,5274604;5,75225455;0,24368767;11,0174868;13,5729258;27,6873298;;;
14;Cra_Mon_1;Cra_Mon_1;Cra_Mon;Cra;Rosaceae;47,1238898;15;7;4,35870000;50,78480000;12;0,1769;0,0727;0,410966648;5,061;69,61485557;0,3684;21,8039511;32,8381889;148,037688;0,10405049;8,90209494;96,4327298;14773,3241;0,54665326;3188,26964;11,3468438;2,63160769;845,092631;0,92210062;80,2317506;0,1348;6286,777;46,63781157;2553,535;0,052789564;0,582;0,3096;2470,3403;21,6137767;58,6685424;7518,50033;2,02940671;23,4087641;2045,61426;3360,72758;0,82361689;1408,92521;541,615078;8,50296124;2228,92047;29,3317238;156,419418;420,43;37,2443;6,66;288,3;10,03;2,15143494;0,01725429;0,47932733;3065,37204;0,22246262;0,02057131;0,02482152;3,44968775;99,9314902;60,5274604;5,75225455;0,24368767;11,0174868;13,5729258;27,6873298;;;
15;Cra_Mon_2;Cra_Mon_2;Cra_Mon;Cra;Rosaceae;39;12,41408556;11;4,35776667;50,78361667;1;0,1749;0,0555;0,317324185;15,795;284,5945946;0,3335;111,52979;38,4187057;77,7230193;0,25984159;9,97417717;280,913001;16635,571;0,64983633;4415,53302;148,851819;5,20707683;1538,1058;1,48848731;91,7153448;0,2182;7083,691;32,46421173;1460,657;0,149384832;0,394;0,3166;609,26456;20,1544574;29,128858;13503,999;1,36573498;17,8360311;1520,94939;9302,09965;0,54606622;1451,23995;49,4299734;4,48450226;1898,93558;20,4450726;182,522834;379,81;0;4,38;50,1;10,01;219,136193;0,06393379;-0,0962283;299,459138;0,06411059;0,22877081;0,32345819;1,87819023;49,9099965;39,9402861;25,7843285;0,30823801;32,6034922;8,03768399;2,65694179;;;
15;Cra_Mon_2;Cra_Mon_2;Cra_Mon;Cra;Rosaceae;39;12,41408556;11;4,35776667;50,78361667;2;0,111;0,0314;0,282882883;10,873;346,2738854;0,3335;111,52979;38,4187057;77,7230193;0,25984159;9,97417717;280,913001;16635,571;0,64983633;4415,53302;148,851819;5,20707683;1538,1058;1,48848731;91,7153448;0,2182;7083,691;32,46421173;1460,657;0,149384832;0,394;0,3166;609,26456;20,1544574;29,128858;13503,999;1,36573498;17,8360311;1520,94939;9302,09965;0,54606622;1451,23995;49,4299734;4,48450226;1898,93558;20,4450726;182,522834;379,81;0;4,38;50,1;10,01;219,136193;0,06393379;-0,0962283;299,459138;0,06411059;0,22877081;0,32345819;1,87819023;49,9099965;39,9402861;25,7843285;0,30823801;32,6034922;8,03768399;2,65694179;;;
15;Cra_Mon_2;Cra_Mon_2;Cra_Mon;Cra;Rosaceae;39;12,41408556;11;4,35776667;50,78361667;3;0,1093;0,0321;0,2936871;9,56;297,8193146;0,3335;111,52979;38,4187057;77,7230193;0,25984159;9,97417717;280,913001;16635,571;0,64983633;4415,53302;148,851819;5,20707683;1538,1058;1,48848731;91,7153448;0,2182;7083,691;32,46421173;1460,657;0,149384832;0,394;0,3166;609,26456;20,1544574;29,128858;13503,999;1,36573498;17,8360311;1520,94939;9302,09965;0,54606622;1451,23995;49,4299734;4,48450226;1898,93558;20,4450726;182,522834;379,81;0;4,38;50,1;10,01;219,136193;0,06393379;-0,0962283;299,459138;0,06411059;0,22877081;0,32345819;1,87819023;49,9099965;39,9402861;25,7843285;0,30823801;32,6034922;8,03768399;2,65694179;;;
15;Cra_Mon_2;Cra_Mon_2;Cra_Mon;Cra;Rosaceae;39;12,41408556;11;4,35776667;50,78361667;4;0,0261;0,007;0,268199234;2,774;396,2857143;0,3335;111,52979;38,4187057;77,7230193;0,25984159;9,97417717;280,913001;16635,571;0,64983633;4415,53302;148,851819;5,20707683;1538,1058;1,48848731;91,7153448;0,2182;7083,691;32,46421173;1460,657;0,149384832;0,394;0,3166;609,26456;20,1544574;29,128858;13503,999;1,36573498;17,8360311;1520,94939;9302,09965;0,54606622;1451,23995;49,4299734;4,48450226;1898,93558;20,4450726;182,522834;379,81;0;4,38;50,1;10,01;219,136193;0,06393379;-0,0962283;299,459138;0,06411059;0,22877081;0,32345819;1,87819023;49,9099965;39,9402861;25,7843285;0,30823801;32,6034922;8,03768399;2,65694179;;;
15;Cra_Mon_2;Cra_Mon_2;Cra_Mon;Cra;Rosaceae;39;12,41408556;11;4,35776667;50,78361667;5;0,0752;0,0221;0,293882979;7,093;320,9502262;0,3335;111,52979;38,4187057;77,7230193;0,25984159;9,97417717;280,913001;16635,571;0,64983633;4415,53302;148,851819;5,20707683;1538,1058;1,48848731;91,7153448;0,2182;7083,691;32,46421173;1460,657;0,149384832;0,394;0,3166;609,26456;20,1544574;29,128858;13503,999;1,36573498;17,8360311;1520,94939;9302,09965;0,54606622;1451,23995;49,4299734;4,48450226;1898,93558;20,4450726;182,522834;379,81;0;4,38;50,1;10,01;219,136193;0,06393379;-0,0962283;299,459138;0,06411059;0,22877081;0,32345819;1,87819023;49,9099965;39,9402861;25,7843285;0,30823801;32,6034922;8,03768399;2,65694179;;;
15;Cra_Mon_2;Cra_Mon_2;Cra_Mon;Cra;Rosaceae;39;12,41408556;11;4,35776667;50,78361667;6;0,1;0,0301;0,301;10,373;344,6179402;0,3335;111,52979;38,4187057;77,7230193;0,25984159;9,97417717;280,913001;16635,571;0,64983633;4415,53302;148,851819;5,20707683;1538,1058;1,48848731;91,7153448;0,2182;7083,691;32,46421173;1460,657;0,149384832;0,394;0,3166;609,26456;20,1544574;29,128858;13503,999;1,36573498;17,8360311;1520,94939;9302,09965;0,54606622;1451,23995;49,4299734;4,48450226;1898,93558;20,4450726;182,522834;379,81;0;4,38;50,1;10,01;219,136193;0,06393379;-0,0962283;299,459138;0,06411059;0,22877081;0,32345819;1,87819023;49,9099965;39,9402861;25,7843285;0,30823801;32,6034922;8,03768399;2,65694179;;;
15;Cra_Mon_2;Cra_Mon_2;Cra_Mon;Cra;Rosaceae;39;12,41408556;11;4,35776667;50,78361667;7;0,069;0,0198;0,286956522;7,156;361,4141414;0,3335;111,52979;38,4187057;77,7230193;0,25984159;9,97417717;280,913001;16635,571;0,64983633;4415,53302;148,851819;5,20707683;1538,1058;1,48848731;91,7153448;0,2182;7083,691;32,46421173;1460,657;0,149384832;0,394;0,3166;609,26456;20,1544574;29,128858;13503,999;1,36573498;17,8360311;1520,94939;9302,09965;0,54606622;1451,23995;49,4299734;4,48450226;1898,93558;20,4450726;182,522834;379,81;0;4,38;50,1;10,01;219,136193;0,06393379;-0,0962283;299,459138;0,06411059;0,22877081;0,32345819;1,87819023;49,9099965;39,9402861;25,7843285;0,30823801;32,6034922;8,03768399;2,65694179;;;
15;Cra_Mon_2;Cra_Mon_2;Cra_Mon;Cra;Rosaceae;39;12,41408556;11;4,35776667;50,78361667;8;0,1027;0,0315;0,306718598;9,677;307,2063492;0,3335;111,52979;38,4187057;77,7230193;0,25984159;9,97417717;280,913001;16635,571;0,64983633;4415,53302;148,851819;5,20707683;1538,1058;1,48848731;91,7153448;0,2182;7083,691;32,46421173;1460,657;0,149384832;0,394;0,3166;609,26456;20,1544574;29,128858;13503,999;1,36573498;17,8360311;1520,94939;9302,09965;0,54606622;1451,23995;49,4299734;4,48450226;1898,93558;20,4450726;182,522834;379,81;0;4,38;50,1;10,01;219,136193;0,06393379;-0,0962283;299,459138;0,06411059;0,22877081;0,32345819;1,87819023;49,9099965;39,9402861;25,7843285;0,30823801;32,6034922;8,03768399;2,65694179;;;
15;Cra_Mon_2;Cra_Mon_2;Cra_Mon;Cra;Rosaceae;39;12,41408556;11;4,35776667;50,78361667;9;0,0716;0,0208;0,290502793;7,789;374,4711538;0,3335;111,52979;38,4187057;77,7230193;0,25984159;9,97417717;280,913001;16635,571;0,64983633;4415,53302;148,851819;5,20707683;1538,1058;1,48848731;91,7153448;0,2182;7083,691;32,46421173;1460,657;0,149384832;0,394;0,3166;609,26456;20,1544574;29,128858;13503,999;1,36573498;17,8360311;1520,94939;9302,09965;0,54606622;1451,23995;49,4299734;4,48450226;1898,93558;20,4450726;182,522834;379,81;0;4,38;50,1;10,01;219,136193;0,06393379;-0,0962283;299,459138;0,06411059;0,22877081;0,32345819;1,87819023;49,9099965;39,9402861;25,7843285;0,30823801;32,6034922;8,03768399;2,65694179;;;
15;Cra_Mon_2;Cra_Mon_2;Cra_Mon;Cra;Rosaceae;39;12,41408556;11;4,35776667;50,78361667;10;0,1122;0,0355;0,316399287;11,238;316,5633803;0,3335;111,52979;38,4187057;77,7230193;0,25984159;9,97417717;280,913001;16635,571;0,64983633;4415,53302;148,851819;5,20707683;1538,1058;1,48848731;91,7153448;0,2182;7083,691;32,46421173;1460,657;0,149384832;0,394;0,3166;609,26456;20,1544574;29,128858;13503,999;1,36573498;17,8360311;1520,94939;9302,09965;0,54606622;1451,23995;49,4299734;4,48450226;1898,93558;20,4450726;182,522834;379,81;0;4,38;50,1;10,01;219,136193;0,06393379;-0,0962283;299,459138;0,06411059;0,22877081;0,32345819;1,87819023;49,9099965;39,9402861;25,7843285;0,30823801;32,6034922;8,03768399;2,65694179;;;
15;Cra_Mon_2;Cra_Mon_2;Cra_Mon;Cra;Rosaceae;39;12,41408556;11;4,35776667;50,78361667;11;0,1281;0,0406;0,316939891;11,059;272,3891626;0,3335;111,52979;38,4187057;77,7230193;0,25984159;9,97417717;280,913001;16635,571;0,64983633;4415,53302;148,851819;5,20707683;1538,1058;1,48848731;91,7153448;0,2182;7083,691;32,46421173;1460,657;0,149384832;0,394;0,3166;609,26456;20,1544574;29,128858;13503,999;1,36573498;17,8360311;1520,94939;9302,09965;0,54606622;1451,23995;49,4299734;4,48450226;1898,93558;20,4450726;182,522834;379,81;0;4,38;50,1;10,01;219,136193;0,06393379;-0,0962283;299,459138;0,06411059;0,22877081;0,32345819;1,87819023;49,9099965;39,9402861;25,7843285;0,30823801;32,6034922;8,03768399;2,65694179;;;
15;Cra_Mon_2;Cra_Mon_2;Cra_Mon;Cra;Rosaceae;39;12,41408556;11;4,35776667;50,78361667;12;0,0912;0,0285;0,3125;8,625;302,6315789;0,3335;111,52979;38,4187057;77,7230193;0,25984159;9,97417717;280,913001;16635,571;0,64983633;4415,53302;148,851819;5,20707683;1538,1058;1,48848731;91,7153448;0,2182;7083,691;32,46421173;1460,657;0,149384832;0,394;0,3166;609,26456;20,1544574;29,128858;13503,999;1,36573498;17,8360311;1520,94939;9302,09965;0,54606622;1451,23995;49,4299734;4,48450226;1898,93558;20,4450726;182,522834;379,81;0;4,38;50,1;10,01;219,136193;0,06393379;-0,0962283;299,459138;0,06411059;0,22877081;0,32345819;1,87819023;49,9099965;39,9402861;25,7843285;0,30823801;32,6034922;8,03768399;2,65694179;;;
15;Cra_Mon_2;Cra_Mon_2;Cra_Mon;Cra;Rosaceae;39;12,41408556;11;4,35776667;50,78361667;13;0,0675;0,0191;0,282962963;6,385;334,2931937;0,3335;111,52979;38,4187057;77,7230193;0,25984159;9,97417717;280,913001;16635,571;0,64983633;4415,53302;148,851819;5,20707683;1538,1058;1,48848731;91,7153448;0,2182;7083,691;32,46421173;1460,657;0,149384832;0,394;0,3166;609,26456;20,1544574;29,128858;13503,999;1,36573498;17,8360311;1520,94939;9302,09965;0,54606622;1451,23995;49,4299734;4,48450226;1898,93558;20,4450726;182,522834;379,81;0;4,38;50,1;10,01;219,136193;0,06393379;-0,0962283;299,459138;0,06411059;0,22877081;0,32345819;1,87819023;49,9099965;39,9402861;25,7843285;0,30823801;32,6034922;8,03768399;2,65694179;;;
15;Cra_Mon_2;Cra_Mon_2;Cra_Mon;Cra;Rosaceae;39;12,41408556;11;4,35776667;50,78361667;14;0,1296;0,0382;0,294753086;13,105;343,0628272;0,3335;111,52979;38,4187057;77,7230193;0,25984159;9,97417717;280,913001;16635,571;0,64983633;4415,53302;148,851819;5,20707683;1538,1058;1,48848731;91,7153448;0,2182;7083,691;32,46421173;1460,657;0,149384832;0,394;0,3166;609,26456;20,1544574;29,128858;13503,999;1,36573498;17,8360311;1520,94939;9302,09965;0,54606622;1451,23995;49,4299734;4,48450226;1898,93558;20,4450726;182,522834;379,81;0;4,38;50,1;10,01;219,136193;0,06393379;-0,0962283;299,459138;0,06411059;0,22877081;0,32345819;1,87819023;49,9099965;39,9402861;25,7843285;0,30823801;32,6034922;8,03768399;2,65694179;;;
15;Cra_Mon_2;Cra_Mon_2;Cra_Mon;Cra;Rosaceae;39;12,41408556;11;4,35776667;50,78361667;15;0,1539;0,0488;0,317089019;13,367;273,9139344;0,3335;111,52979;38,4187057;77,7230193;0,25984159;9,97417717;280,913001;16635,571;0,64983633;4415,53302;148,851819;5,20707683;1538,1058;1,48848731;91,7153448;0,2182;7083,691;32,46421173;1460,657;0,149384832;0,394;0,3166;609,26456;20,1544574;29,128858;13503,999;1,36573498;17,8360311;1520,94939;9302,09965;0,54606622;1451,23995;49,4299734;4,48450226;1898,93558;20,4450726;182,522834;379,81;0;4,38;50,1;10,01;219,136193;0,06393379;-0,0962283;299,459138;0,06411059;0,22877081;0,32345819;1,87819023;49,9099965;39,9402861;25,7843285;0,30823801;32,6034922;8,03768399;2,65694179;;;
16;Cra_Mon_3;Cra_Mon_3;Cra_Mon;Cra;Rosaceae;21;6,68450761;8;4,36001667;50,78478333;1;0,0458;0,0192;0,419213974;4,448;231,6666667;0,2018;34,0320059;54,6676623;84,4780321;0,04168015;8,01730215;115,289671;26494,2988;0,39151975;5650,55939;32,2854629;1,90438087;1823,41921;1,30392724;73,8500452;0,1602;3924,44;24,49712859;891,095;0,179778811;0,437;0,3145;291,673815;20,1494428;37,6232866;16343,2041;0,63273511;9,41911184;548,519365;5808,32239;0,2566964;1438,6684;28,9385153;1,91872689;2620,15381;64,4913268;260,539324;407,07;136,9072;6,94;312,5;10,09;2,70928188;0,03459276;0,48163686;5037,69217;0,70546275;0,02592058;0,0107512;1,60269137;179,39325;156,025778;8,34863675;0,12509889;14,5465165;95,8676321;160,429085;;;
16;Cra_Mon_3;Cra_Mon_3;Cra_Mon;Cra;Rosaceae;21;6,68450761;8;4,36001667;50,78478333;2;0,1284;0,0497;0,387071651;12,125;243,9637827;0,2018;34,0320059;54,6676623;84,4780321;0,04168015;8,01730215;115,289671;26494,2988;0,39151975;5650,55939;32,2854629;1,90438087;1823,41921;1,30392724;73,8500452;0,1602;3924,44;24,49712859;891,095;0,179778811;0,437;0,3145;291,673815;20,1494428;37,6232866;16343,2041;0,63273511;9,41911184;548,519365;5808,32239;0,2566964;1438,6684;28,9385153;1,91872689;2620,15381;64,4913268;260,539324;407,07;136,9072;6,94;312,5;10,09;2,70928188;0,03459276;0,48163686;5037,69217;0,70546275;0,02592058;0,0107512;1,60269137;179,39325;156,025778;8,34863675;0,12509889;14,5465165;95,8676321;160,429085;;;
16;Cra_Mon_3;Cra_Mon_3;Cra_Mon;Cra;Rosaceae;21;6,68450761;8;4,36001667;50,78478333;3;0,0886;0,0355;0,400677201;9,426;265,5211268;0,2018;34,0320059;54,6676623;84,4780321;0,04168015;8,01730215;115,289671;26494,2988;0,39151975;5650,55939;32,2854629;1,90438087;1823,41921;1,30392724;73,8500452;0,1602;3924,44;24,49712859;891,095;0,179778811;0,437;0,3145;291,673815;20,1494428;37,6232866;16343,2041;0,63273511;9,41911184;548,519365;5808,32239;0,2566964;1438,6684;28,9385153;1,91872689;2620,15381;64,4913268;260,539324;407,07;136,9072;6,94;312,5;10,09;2,70928188;0,03459276;0,48163686;5037,69217;0,70546275;0,02592058;0,0107512;1,60269137;179,39325;156,025778;8,34863675;0,12509889;14,5465165;95,8676321;160,429085;;;
16;Cra_Mon_3;Cra_Mon_3;Cra_Mon;Cra;Rosaceae;21;6,68450761;8;4,36001667;50,78478333;4;0,1676;0,0661;0,394391408;13,044;197,3373676;0,2018;34,0320059;54,6676623;84,4780321;0,04168015;8,01730215;115,289671;26494,2988;0,39151975;5650,55939;32,2854629;1,90438087;1823,41921;1,30392724;73,8500452;0,1602;3924,44;24,49712859;891,095;0,179778811;0,437;0,3145;291,673815;20,1494428;37,6232866;16343,2041;0,63273511;9,41911184;548,519365;5808,32239;0,2566964;1438,6684;28,9385153;1,91872689;2620,15381;64,4913268;260,539324;407,07;136,9072;6,94;312,5;10,09;2,70928188;0,03459276;0,48163686;5037,69217;0,70546275;0,02592058;0,0107512;1,60269137;179,39325;156,025778;8,34863675;0,12509889;14,5465165;95,8676321;160,429085;;;
16;Cra_Mon_3;Cra_Mon_3;Cra_Mon;Cra;Rosaceae;21;6,68450761;8;4,36001667;50,78478333;5;0,0951;0,034;0,357518402;9,331;274,4411765;0,2018;34,0320059;54,6676623;84,4780321;0,04168015;8,01730215;115,289671;26494,2988;0,39151975;5650,55939;32,2854629;1,90438087;1823,41921;1,30392724;73,8500452;0,1602;3924,44;24,49712859;891,095;0,179778811;0,437;0,3145;291,673815;20,1494428;37,6232866;16343,2041;0,63273511;9,41911184;548,519365;5808,32239;0,2566964;1438,6684;28,9385153;1,91872689;2620,15381;64,4913268;260,539324;407,07;136,9072;6,94;312,5;10,09;2,70928188;0,03459276;0,48163686;5037,69217;0,70546275;0,02592058;0,0107512;1,60269137;179,39325;156,025778;8,34863675;0,12509889;14,5465165;95,8676321;160,429085;;;
16;Cra_Mon_3;Cra_Mon_3;Cra_Mon;Cra;Rosaceae;21;6,68450761;8;4,36001667;50,78478333;6;0,1673;0,0652;0,389719068;14,363;220,291411;0,2018;34,0320059;54,6676623;84,4780321;0,04168015;8,01730215;115,289671;26494,2988;0,39151975;5650,55939;32,2854629;1,90438087;1823,41921;1,30392724;73,8500452;0,1602;3924,44;24,49712859;891,095;0,179778811;0,437;0,3145;291,673815;20,1494428;37,6232866;16343,2041;0,63273511;9,41911184;548,519365;5808,32239;0,2566964;1438,6684;28,9385153;1,91872689;2620,15381;64,4913268;260,539324;407,07;136,9072;6,94;312,5;10,09;2,70928188;0,03459276;0,48163686;5037,69217;0,70546275;0,02592058;0,0107512;1,60269137;179,39325;156,025778;8,34863675;0,12509889;14,5465165;95,8676321;160,429085;;;
16;Cra_Mon_3;Cra_Mon_3;Cra_Mon;Cra;Rosaceae;21;6,68450761;8;4,36001667;50,78478333;7;0,0842;0,033;0,39192399;7,564;229,2121212;0,2018;34,0320059;54,6676623;84,4780321;0,04168015;8,01730215;115,289671;26494,2988;0,39151975;5650,55939;32,2854629;1,90438087;1823,41921;1,30392724;73,8500452;0,1602;3924,44;24,49712859;891,095;0,179778811;0,437;0,3145;291,673815;20,1494428;37,6232866;16343,2041;0,63273511;9,41911184;548,519365;5808,32239;0,2566964;1438,6684;28,9385153;1,91872689;2620,15381;64,4913268;260,539324;407,07;136,9072;6,94;312,5;10,09;2,70928188;0,03459276;0,48163686;5037,69217;0,70546275;0,02592058;0,0107512;1,60269137;179,39325;156,025778;8,34863675;0,12509889;14,5465165;95,8676321;160,429085;;;
16;Cra_Mon_3;Cra_Mon_3;Cra_Mon;Cra;Rosaceae;21;6,68450761;8;4,36001667;50,78478333;8;0,1758;0,0661;0,375995449;15,042;227,5642965;0,2018;34,0320059;54,6676623;84,4780321;0,04168015;8,01730215;115,289671;26494,2988;0,39151975;5650,55939;32,2854629;1,90438087;1823,41921;1,30392724;73,8500452;0,1602;3924,44;24,49712859;891,095;0,179778811;0,437;0,3145;291,673815;20,1494428;37,6232866;16343,2041;0,63273511;9,41911184;548,519365;5808,32239;0,2566964;1438,6684;28,9385153;1,91872689;2620,15381;64,4913268;260,539324;407,07;136,9072;6,94;312,5;10,09;2,70928188;0,03459276;0,48163686;5037,69217;0,70546275;0,02592058;0,0107512;1,60269137;179,39325;156,025778;8,34863675;0,12509889;14,5465165;95,8676321;160,429085;;;
16;Cra_Mon_3;Cra_Mon_3;Cra_Mon;Cra;Rosaceae;21;6,68450761;8;4,36001667;50,78478333;9;0,1657;0,0586;0,353651177;14,2;242,3208191;0,2018;34,0320059;54,6676623;84,4780321;0,04168015;8,01730215;115,289671;26494,2988;0,39151975;5650,55939;32,2854629;1,90438087;1823,41921;1,30392724;73,8500452;0,1602;3924,44;24,49712859;891,095;0,179778811;0,437;0,3145;291,673815;20,1494428;37,6232866;16343,2041;0,63273511;9,41911184;548,519365;5808,32239;0,2566964;1438,6684;28,9385153;1,91872689;2620,15381;64,4913268;260,539324;407,07;136,9072;6,94;312,5;10,09;2,70928188;0,03459276;0,48163686;5037,69217;0,70546275;0,02592058;0,0107512;1,60269137;179,39325;156,025778;8,34863675;0,12509889;14,5465165;95,8676321;160,429085;;;
16;Cra_Mon_3;Cra_Mon_3;Cra_Mon;Cra;Rosaceae;21;6,68450761;8;4,36001667;50,78478333;10;0,1175;0,0456;0,388085106;10,724;235,1754386;0,2018;34,0320059;54,6676623;84,4780321;0,04168015;8,01730215;115,289671;26494,2988;0,39151975;5650,55939;32,2854629;1,90438087;1823,41921;1,30392724;73,8500452;0,1602;3924,44;24,49712859;891,095;0,179778811;0,437;0,3145;291,673815;20,1494428;37,6232866;16343,2041;0,63273511;9,41911184;548,519365;5808,32239;0,2566964;1438,6684;28,9385153;1,91872689;2620,15381;64,4913268;260,539324;407,07;136,9072;6,94;312,5;10,09;2,70928188;0,03459276;0,48163686;5037,69217;0,70546275;0,02592058;0,0107512;1,60269137;179,39325;156,025778;8,34863675;0,12509889;14,5465165;95,8676321;160,429085;;;
16;Cra_Mon_3;Cra_Mon_3;Cra_Mon;Cra;Rosaceae;21;6,68450761;8;4,36001667;50,78478333;11;0,1729;0,0659;0,381145171;15,083;228,8770865;0,2018;34,0320059;54,6676623;84,4780321;0,04168015;8,01730215;115,289671;26494,2988;0,39151975;5650,55939;32,2854629;1,90438087;1823,41921;1,30392724;73,8500452;0,1602;3924,44;24,49712859;891,095;0,179778811;0,437;0,3145;291,673815;20,1494428;37,6232866;16343,2041;0,63273511;9,41911184;548,519365;5808,32239;0,2566964;1438,6684;28,9385153;1,91872689;2620,15381;64,4913268;260,539324;407,07;136,9072;6,94;312,5;10,09;2,70928188;0,03459276;0,48163686;5037,69217;0,70546275;0,02592058;0,0107512;1,60269137;179,39325;156,025778;8,34863675;0,12509889;14,5465165;95,8676321;160,429085;;;
16;Cra_Mon_3;Cra_Mon_3;Cra_Mon;Cra;Rosaceae;21;6,68450761;8;4,36001667;50,78478333;12;0,0856;0,0339;0,396028037;7,348;216,7551622;0,2018;34,0320059;54,6676623;84,4780321;0,04168015;8,01730215;115,289671;26494,2988;0,39151975;5650,55939;32,2854629;1,90438087;1823,41921;1,30392724;73,8500452;0,1602;3924,44;24,49712859;891,095;0,179778811;0,437;0,3145;291,673815;20,1494428;37,6232866;16343,2041;0,63273511;9,41911184;548,519365;5808,32239;0,2566964;1438,6684;28,9385153;1,91872689;2620,15381;64,4913268;260,539324;407,07;136,9072;6,94;312,5;10,09;2,70928188;0,03459276;0,48163686;5037,69217;0,70546275;0,02592058;0,0107512;1,60269137;179,39325;156,025778;8,34863675;0,12509889;14,5465165;95,8676321;160,429085;;;
16;Cra_Mon_3;Cra_Mon_3;Cra_Mon;Cra;Rosaceae;21;6,68450761;8;4,36001667;50,78478333;13;0,1198;0,0458;0,38230384;10,206;222,8384279;0,2018;34,0320059;54,6676623;84,4780321;0,04168015;8,01730215;115,289671;26494,2988;0,39151975;5650,55939;32,2854629;1,90438087;1823,41921;1,30392724;73,8500452;0,1602;3924,44;24,49712859;891,095;0,179778811;0,437;0,3145;291,673815;20,1494428;37,6232866;16343,2041;0,63273511;9,41911184;548,519365;5808,32239;0,2566964;1438,6684;28,9385153;1,91872689;2620,15381;64,4913268;260,539324;407,07;136,9072;6,94;312,5;10,09;2,70928188;0,03459276;0,48163686;5037,69217;0,70546275;0,02592058;0,0107512;1,60269137;179,39325;156,025778;8,34863675;0,12509889;14,5465165;95,8676321;160,429085;;;
16;Cra_Mon_3;Cra_Mon_3;Cra_Mon;Cra;Rosaceae;21;6,68450761;8;4,36001667;50,78478333;14;0,0799;0,029;0,362953692;8,855;305,3448276;0,2018;34,0320059;54,6676623;84,4780321;0,04168015;8,01730215;115,289671;26494,2988;0,39151975;5650,55939;32,2854629;1,90438087;1823,41921;1,30392724;73,8500452;0,1602;3924,44;24,49712859;891,095;0,179778811;0,437;0,3145;291,673815;20,1494428;37,6232866;16343,2041;0,63273511;9,41911184;548,519365;5808,32239;0,2566964;1438,6684;28,9385153;1,91872689;2620,15381;64,4913268;260,539324;407,07;136,9072;6,94;312,5;10,09;2,70928188;0,03459276;0,48163686;5037,69217;0,70546275;0,02592058;0,0107512;1,60269137;179,39325;156,025778;8,34863675;0,12509889;14,5465165;95,8676321;160,429085;;;
16;Cra_Mon_3;Cra_Mon_3;Cra_Mon;Cra;Rosaceae;21;6,68450761;8;4,36001667;50,78478333;15;0,0863;0,0335;0,388180765;8,222;245,4328358;0,2018;34,0320059;54,6676623;84,4780321;0,04168015;8,01730215;115,289671;26494,2988;0,39151975;5650,55939;32,2854629;1,90438087;1823,41921;1,30392724;73,8500452;0,1602;3924,44;24,49712859;891,095;0,179778811;0,437;0,3145;291,673815;20,1494428;37,6232866;16343,2041;0,63273511;9,41911184;548,519365;5808,32239;0,2566964;1438,6684;28,9385153;1,91872689;2620,15381;64,4913268;260,539324;407,07;136,9072;6,94;312,5;10,09;2,70928188;0,03459276;0,48163686;5037,69217;0,70546275;0,02592058;0,0107512;1,60269137;179,39325;156,025778;8,34863675;0,12509889;14,5465165;95,8676321;160,429085;;;
17;Ace_Pse_1;Ace_Pse_1;Ace_Pse;Ace;Sapindaceae;47,1238898;15;3;4,35916667;50,78475000;1;3,5033;0,9428;0,269117689;234,974;249,2299533;0,3543;22,4992804;39,4460322;13,6700129;0,04121646;7,87977672;114,853278;15133,212;0,04973986;2789,3079;31,1605551;2,58692124;1495,84166;0,4529641;25,6819192;0,1689;5758,113;34,09184725;1410,844;0,119715575;0,441;0,3212;969,041086;23,5415924;28,2437563;10443,1052;2,90347267;26,9112767;1956,89768;10559,8981;0,66022213;1676,01872;135,509816;5,90112009;3014,91211;12,3733636;228,124913;453,53;0;6,47;316,5;10;2,32303937;0,01863268;0,43837438;2497,12846;0,11696306;0,027865;0,02008132;1,31826637;160,787238;161,669673;9,16526333;0,4444309;5,08508712;5,25447869;11,7782006;;;
17;Ace_Pse_1;Ace_Pse_1;Ace_Pse;Ace;Sapindaceae;47,1238898;15;3;4,35916667;50,78475000;2;0,5018;0,1361;0,271223595;33,608;246,9360764;0,3543;22,4992804;39,4460322;13,6700129;0,04121646;7,87977672;114,853278;15133,212;0,04973986;2789,3079;31,1605551;2,58692124;1495,84166;0,4529641;25,6819192;0,1689;5758,113;34,09184725;1410,844;0,119715575;0,441;0,3212;969,041086;23,5415924;28,2437563;10443,1052;2,90347267;26,9112767;1956,89768;10559,8981;0,66022213;1676,01872;135,509816;5,90112009;3014,91211;12,3733636;228,124913;453,53;0;6,47;316,5;10;2,32303937;0,01863268;0,43837438;2497,12846;0,11696306;0,027865;0,02008132;1,31826637;160,787238;161,669673;9,16526333;0,4444309;5,08508712;5,25447869;11,7782006;;;
17;Ace_Pse_1;Ace_Pse_1;Ace_Pse;Ace;Sapindaceae;47,1238898;15;3;4,35916667;50,78475000;3;0,754;0,2295;0,304376658;67,326;293,3594771;0,3543;22,4992804;39,4460322;13,6700129;0,04121646;7,87977672;114,853278;15133,212;0,04973986;2789,3079;31,1605551;2,58692124;1495,84166;0,4529641;25,6819192;0,1689;5758,113;34,09184725;1410,844;0,119715575;0,441;0,3212;969,041086;23,5415924;28,2437563;10443,1052;2,90347267;26,9112767;1956,89768;10559,8981;0,66022213;1676,01872;135,509816;5,90112009;3014,91211;12,3733636;228,124913;453,53;0;6,47;316,5;10;2,32303937;0,01863268;0,43837438;2497,12846;0,11696306;0,027865;0,02008132;1,31826637;160,787238;161,669673;9,16526333;0,4444309;5,08508712;5,25447869;11,7782006;;;
17;Ace_Pse_1;Ace_Pse_1;Ace_Pse;Ace;Sapindaceae;47,1238898;15;3;4,35916667;50,78475000;4;1,9321;0,5516;0,285492469;131,06;237,5997099;0,3543;22,4992804;39,4460322;13,6700129;0,04121646;7,87977672;114,853278;15133,212;0,04973986;2789,3079;31,1605551;2,58692124;1495,84166;0,4529641;25,6819192;0,1689;5758,113;34,09184725;1410,844;0,119715575;0,441;0,3212;969,041086;23,5415924;28,2437563;10443,1052;2,90347267;26,9112767;1956,89768;10559,8981;0,66022213;1676,01872;135,509816;5,90112009;3014,91211;12,3733636;228,124913;453,53;0;6,47;316,5;10;2,32303937;0,01863268;0,43837438;2497,12846;0,11696306;0,027865;0,02008132;1,31826637;160,787238;161,669673;9,16526333;0,4444309;5,08508712;5,25447869;11,7782006;;;
18;Ace_Pse_3;Ace_Pse_3;Ace_Pse;Ace;Sapindaceae;49;15,59718442;3;4,36011667;50,78478333;1;0,3953;0,1567;0,396407792;31,209;199,1640077;0,3882;29,6600335;47,1230792;15,536879;0,05276312;5,82884354;118,218146;11024,699;0,05595509;3024,87441;33,1968737;1,13995429;1882,30139;0,38210793;33,4345407;0,5623;6789,287;12,07413658;3361,978;0,16725273;0,596;0,332;850,344935;9,11972443;13,9764631;9140,56441;0,64151342;11,6305636;1747,33721;2115,28912;0,68548234;998,660133;40,8431386;3,12080386;1568,37531;9,54075326;125,763954;387,98;9,7115;7,44;149,7;10,07;1,88934816;0,02348558;0,40582435;3110,07118;0,14304363;0,02639994;0,01787523;1,95355777;97,2453097;68,7799192;7,58393973;0,18910259;5,29518922;9,4174658;19,9055951;;;
18;Ace_Pse_3;Ace_Pse_3;Ace_Pse;Ace;Sapindaceae;49;15,59718442;3;4,36011667;50,78478333;2;0,6491;0,2622;0,403943922;45,016;171,6857361;0,3882;29,6600335;47,1230792;15,536879;0,05276312;5,82884354;118,218146;11024,699;0,05595509;3024,87441;33,1968737;1,13995429;1882,30139;0,38210793;33,4345407;0,5623;6789,287;12,07413658;3361,978;0,16725273;0,596;0,332;850,344935;9,11972443;13,9764631;9140,56441;0,64151342;11,6305636;1747,33721;2115,28912;0,68548234;998,660133;40,8431386;3,12080386;1568,37531;9,54075326;125,763954;387,98;9,7115;7,44;149,7;10,07;1,88934816;0,02348558;0,40582435;3110,07118;0,14304363;0,02639994;0,01787523;1,95355777;97,2453097;68,7799192;7,58393973;0,18910259;5,29518922;9,4174658;19,9055951;;;
18;Ace_Pse_3;Ace_Pse_3;Ace_Pse;Ace;Sapindaceae;49;15,59718442;3;4,36011667;50,78478333;3;1,2612;0,4857;0,38510942;71,302;146,802553;0,3882;29,6600335;47,1230792;15,536879;0,05276312;5,82884354;118,218146;11024,699;0,05595509;3024,87441;33,1968737;1,13995429;1882,30139;0,38210793;33,4345407;0,5623;6789,287;12,07413658;3361,978;0,16725273;0,596;0,332;850,344935;9,11972443;13,9764631;9140,56441;0,64151342;11,6305636;1747,33721;2115,28912;0,68548234;998,660133;40,8431386;3,12080386;1568,37531;9,54075326;125,763954;387,98;9,7115;7,44;149,7;10,07;1,88934816;0,02348558;0,40582435;3110,07118;0,14304363;0,02639994;0,01787523;1,95355777;97,2453097;68,7799192;7,58393973;0,18910259;5,29518922;9,4174658;19,9055951;;;
18;Ace_Pse_3;Ace_Pse_3;Ace_Pse;Ace;Sapindaceae;49;15,59718442;3;4,36011667;50,78478333;4;0,8269;0,3511;0,424597896;44,536;126,8470521;0,3882;29,6600335;47,1230792;15,536879;0,05276312;5,82884354;118,218146;11024,699;0,05595509;3024,87441;33,1968737;1,13995429;1882,30139;0,38210793;33,4345407;0,5623;6789,287;12,07413658;3361,978;0,16725273;0,596;0,332;850,344935;9,11972443;13,9764631;9140,56441;0,64151342;11,6305636;1747,33721;2115,28912;0,68548234;998,660133;40,8431386;3,12080386;1568,37531;9,54075326;125,763954;387,98;9,7115;7,44;149,7;10,07;1,88934816;0,02348558;0,40582435;3110,07118;0,14304363;0,02639994;0,01787523;1,95355777;97,2453097;68,7799192;7,58393973;0,18910259;5,29518922;9,4174658;19,9055951;;;
18;Ace_Pse_3;Ace_Pse_3;Ace_Pse;Ace;Sapindaceae;49;15,59718442;3;4,36011667;50,78478333;5;1,5124;0,5096;0,336947897;108,866;213,6302983;0,3882;29,6600335;47,1230792;15,536879;0,05276312;5,82884354;118,218146;11024,699;0,05595509;3024,87441;33,1968737;1,13995429;1882,30139;0,38210793;33,4345407;0,5623;6789,287;12,07413658;3361,978;0,16725273;0,596;0,332;850,344935;9,11972443;13,9764631;9140,56441;0,64151342;11,6305636;1747,33721;2115,28912;0,68548234;998,660133;40,8431386;3,12080386;1568,37531;9,54075326;125,763954;387,98;9,7115;7,44;149,7;10,07;1,88934816;0,02348558;0,40582435;3110,07118;0,14304363;0,02639994;0,01787523;1,95355777;97,2453097;68,7799192;7,58393973;0,18910259;5,29518922;9,4174658;19,9055951;;;
18;Ace_Pse_3;Ace_Pse_3;Ace_Pse;Ace;Sapindaceae;49;15,59718442;3;4,36011667;50,78478333;6;0,4995;0,1823;0,364964965;35,966;197,290181;0,3882;29,6600335;47,1230792;15,536879;0,05276312;5,82884354;118,218146;11024,699;0,05595509;3024,87441;33,1968737;1,13995429;1882,30139;0,38210793;33,4345407;0,5623;6789,287;12,07413658;3361,978;0,16725273;0,596;0,332;850,344935;9,11972443;13,9764631;9140,56441;0,64151342;11,6305636;1747,33721;2115,28912;0,68548234;998,660133;40,8431386;3,12080386;1568,37531;9,54075326;125,763954;387,98;9,7115;7,44;149,7;10,07;1,88934816;0,02348558;0,40582435;3110,07118;0,14304363;0,02639994;0,01787523;1,95355777;97,2453097;68,7799192;7,58393973;0,18910259;5,29518922;9,4174658;19,9055951;;;
18;Ace_Pse_3;Ace_Pse_3;Ace_Pse;Ace;Sapindaceae;49;15,59718442;3;4,36011667;50,78478333;7;0,4306;0,1718;0,39897817;33,529;195,1629802;0,3882;29,6600335;47,1230792;15,536879;0,05276312;5,82884354;118,218146;11024,699;0,05595509;3024,87441;33,1968737;1,13995429;1882,30139;0,38210793;33,4345407;0,5623;6789,287;12,07413658;3361,978;0,16725273;0,596;0,332;850,344935;9,11972443;13,9764631;9140,56441;0,64151342;11,6305636;1747,33721;2115,28912;0,68548234;998,660133;40,8431386;3,12080386;1568,37531;9,54075326;125,763954;387,98;9,7115;7,44;149,7;10,07;1,88934816;0,02348558;0,40582435;3110,07118;0,14304363;0,02639994;0,01787523;1,95355777;97,2453097;68,7799192;7,58393973;0,18910259;5,29518922;9,4174658;19,9055951;;;
18;Ace_Pse_3;Ace_Pse_3;Ace_Pse;Ace;Sapindaceae;49;15,59718442;3;4,36011667;50,78478333;8;2,1533;0,9015;0,418659732;134,161;148,8197449;0,3882;29,6600335;47,1230792;15,536879;0,05276312;5,82884354;118,218146;11024,699;0,05595509;3024,87441;33,1968737;1,13995429;1882,30139;0,38210793;33,4345407;0,5623;6789,287;12,07413658;3361,978;0,16725273;0,596;0,332;850,344935;9,11972443;13,9764631;9140,56441;0,64151342;11,6305636;1747,33721;2115,28912;0,68548234;998,660133;40,8431386;3,12080386;1568,37531;9,54075326;125,763954;387,98;9,7115;7,44;149,7;10,07;1,88934816;0,02348558;0,40582435;3110,07118;0,14304363;0,02639994;0,01787523;1,95355777;97,2453097;68,7799192;7,58393973;0,18910259;5,29518922;9,4174658;19,9055951;;;
18;Ace_Pse_3;Ace_Pse_3;Ace_Pse;Ace;Sapindaceae;49;15,59718442;3;4,36011667;50,78478333;9;2,1468;0,4917;0,229038569;95,056;193,3211308;0,3882;29,6600335;47,1230792;15,536879;0,05276312;5,82884354;118,218146;11024,699;0,05595509;3024,87441;33,1968737;1,13995429;1882,30139;0,38210793;33,4345407;0,5623;6789,287;12,07413658;3361,978;0,16725273;0,596;0,332;850,344935;9,11972443;13,9764631;9140,56441;0,64151342;11,6305636;1747,33721;2115,28912;0,68548234;998,660133;40,8431386;3,12080386;1568,37531;9,54075326;125,763954;387,98;9,7115;7,44;149,7;10,07;1,88934816;0,02348558;0,40582435;3110,07118;0,14304363;0,02639994;0,01787523;1,95355777;97,2453097;68,7799192;7,58393973;0,18910259;5,29518922;9,4174658;19,9055951;;;
18;Ace_Pse_3;Ace_Pse_3;Ace_Pse;Ace;Sapindaceae;49;15,59718442;3;4,36011667;50,78478333;10;0,4534;0,1762;0,388619321;34,731;197,1112372;0,3882;29,6600335;47,1230792;15,536879;0,05276312;5,82884354;118,218146;11024,699;0,05595509;3024,87441;33,1968737;1,13995429;1882,30139;0,38210793;33,4345407;0,5623;6789,287;12,07413658;3361,978;0,16725273;0,596;0,332;850,344935;9,11972443;13,9764631;9140,56441;0,64151342;11,6305636;1747,33721;2115,28912;0,68548234;998,660133;40,8431386;3,12080386;1568,37531;9,54075326;125,763954;387,98;9,7115;7,44;149,7;10,07;1,88934816;0,02348558;0,40582435;3110,07118;0,14304363;0,02639994;0,01787523;1,95355777;97,2453097;68,7799192;7,58393973;0,18910259;5,29518922;9,4174658;19,9055951;;;
19;Pru_Cer_1;Pru_Cer_1;Pru_Cer;Pru;Rosaceae;15,70796327;5;3;4,35910000;50,78513333;1;0,1324;0,0376;0,283987915;12,023;319,7606383;0,3327;24,7981011;40,6022977;10,8816621;0,00733477;4,41310472;80,0784012;35700,561;0,06071636;3754,04976;41,6587166;0,95327623;1293,2419;0,37697992;16,4878705;0,3123;3487,934;11,16853666;1482,313;0,210684248;0,553;0,3222;809,65787;18,1121135;22,4668509;11869,4734;0,89277941;13,2223366;1257,94898;8060,21486;0,63400533;1433,59055;74,1572623;3,60108841;2667,81359;6,09467715;81,7525247;196,63;0;6,75;154,6;10,21;1,91969059;0,0306517;0,27476041;3119,9687;0,25268818;0,07654856;0,01757255;3,59137182;251,912052;209,686142;29,1699226;0,64060604;13,5212254;18,6590708;31,2958918;;;
19;Pru_Cer_1;Pru_Cer_1;Pru_Cer;Pru;Rosaceae;15,70796327;5;3;4,35910000;50,78513333;2;0,073;0,0215;0,294520548;6,483;301,5348837;0,3327;24,7981011;40,6022977;10,8816621;0,00733477;4,41310472;80,0784012;35700,561;0,06071636;3754,04976;41,6587166;0,95327623;1293,2419;0,37697992;16,4878705;0,3123;3487,934;11,16853666;1482,313;0,210684248;0,553;0,3222;809,65787;18,1121135;22,4668509;11869,4734;0,89277941;13,2223366;1257,94898;8060,21486;0,63400533;1433,59055;74,1572623;3,60108841;2667,81359;6,09467715;81,7525247;196,63;0;6,75;154,6;10,21;1,91969059;0,0306517;0,27476041;3119,9687;0,25268818;0,07654856;0,01757255;3,59137182;251,912052;209,686142;29,1699226;0,64060604;13,5212254;18,6590708;31,2958918;;;
19;Pru_Cer_1;Pru_Cer_1;Pru_Cer;Pru;Rosaceae;15,70796327;5;3;4,35910000;50,78513333;3;0,0972;0,0286;0,294238683;8,653;302,5524476;0,3327;24,7981011;40,6022977;10,8816621;0,00733477;4,41310472;80,0784012;35700,561;0,06071636;3754,04976;41,6587166;0,95327623;1293,2419;0,37697992;16,4878705;0,3123;3487,934;11,16853666;1482,313;0,210684248;0,553;0,3222;809,65787;18,1121135;22,4668509;11869,4734;0,89277941;13,2223366;1257,94898;8060,21486;0,63400533;1433,59055;74,1572623;3,60108841;2667,81359;6,09467715;81,7525247;196,63;0;6,75;154,6;10,21;1,91969059;0,0306517;0,27476041;3119,9687;0,25268818;0,07654856;0,01757255;3,59137182;251,912052;209,686142;29,1699226;0,64060604;13,5212254;18,6590708;31,2958918;;;
19;Pru_Cer_1;Pru_Cer_1;Pru_Cer;Pru;Rosaceae;15,70796327;5;3;4,35910000;50,78513333;4;0,2134;0,066;0,309278351;18,34;277,8787879;0,3327;24,7981011;40,6022977;10,8816621;0,00733477;4,41310472;80,0784012;35700,561;0,06071636;3754,04976;41,6587166;0,95327623;1293,2419;0,37697992;16,4878705;0,3123;3487,934;11,16853666;1482,313;0,210684248;0,553;0,3222;809,65787;18,1121135;22,4668509;11869,4734;0,89277941;13,2223366;1257,94898;8060,21486;0,63400533;1433,59055;74,1572623;3,60108841;2667,81359;6,09467715;81,7525247;196,63;0;6,75;154,6;10,21;1,91969059;0,0306517;0,27476041;3119,9687;0,25268818;0,07654856;0,01757255;3,59137182;251,912052;209,686142;29,1699226;0,64060604;13,5212254;18,6590708;31,2958918;;;
19;Pru_Cer_1;Pru_Cer_1;Pru_Cer;Pru;Rosaceae;15,70796327;5;3;4,35910000;50,78513333;5;0,286;0,0901;0,315034965;23,755;263,6514983;0,3327;24,7981011;40,6022977;10,8816621;0,00733477;4,41310472;80,0784012;35700,561;0,06071636;3754,04976;41,6587166;0,95327623;1293,2419;0,37697992;16,4878705;0,3123;3487,934;11,16853666;1482,313;0,210684248;0,553;0,3222;809,65787;18,1121135;22,4668509;11869,4734;0,89277941;13,2223366;1257,94898;8060,21486;0,63400533;1433,59055;74,1572623;3,60108841;2667,81359;6,09467715;81,7525247;196,63;0;6,75;154,6;10,21;1,91969059;0,0306517;0,27476041;3119,9687;0,25268818;0,07654856;0,01757255;3,59137182;251,912052;209,686142;29,1699226;0,64060604;13,5212254;18,6590708;31,2958918;;;
19;Pru_Cer_1;Pru_Cer_1;Pru_Cer;Pru;Rosaceae;15,70796327;5;3;4,35910000;50,78513333;6;0,3819;0,1126;0,294841582;27,353;242,9218472;0,3327;24,7981011;40,6022977;10,8816621;0,00733477;4,41310472;80,0784012;35700,561;0,06071636;3754,04976;41,6587166;0,95327623;1293,2419;0,37697992;16,4878705;0,3123;3487,934;11,16853666;1482,313;0,210684248;0,553;0,3222;809,65787;18,1121135;22,4668509;11869,4734;0,89277941;13,2223366;1257,94898;8060,21486;0,63400533;1433,59055;74,1572623;3,60108841;2667,81359;6,09467715;81,7525247;196,63;0;6,75;154,6;10,21;1,91969059;0,0306517;0,27476041;3119,9687;0,25268818;0,07654856;0,01757255;3,59137182;251,912052;209,686142;29,1699226;0,64060604;13,5212254;18,6590708;31,2958918;;;
19;Pru_Cer_1;Pru_Cer_1;Pru_Cer;Pru;Rosaceae;15,70796327;5;3;4,35910000;50,78513333;7;0,1876;0,0572;0,304904051;16,028;280,2097902;0,3327;24,7981011;40,6022977;10,8816621;0,00733477;4,41310472;80,0784012;35700,561;0,06071636;3754,04976;41,6587166;0,95327623;1293,2419;0,37697992;16,4878705;0,3123;3487,934;11,16853666;1482,313;0,210684248;0,553;0,3222;809,65787;18,1121135;22,4668509;11869,4734;0,89277941;13,2223366;1257,94898;8060,21486;0,63400533;1433,59055;74,1572623;3,60108841;2667,81359;6,09467715;81,7525247;196,63;0;6,75;154,6;10,21;1,91969059;0,0306517;0,27476041;3119,9687;0,25268818;0,07654856;0,01757255;3,59137182;251,912052;209,686142;29,1699226;0,64060604;13,5212254;18,6590708;31,2958918;;;
19;Pru_Cer_1;Pru_Cer_1;Pru_Cer;Pru;Rosaceae;15,70796327;5;3;4,35910000;50,78513333;8;0,1626;0,0475;0,292127921;15,833;333,3263158;0,3327;24,7981011;40,6022977;10,8816621;0,00733477;4,41310472;80,0784012;35700,561;0,06071636;3754,04976;41,6587166;0,95327623;1293,2419;0,37697992;16,4878705;0,3123;3487,934;11,16853666;1482,313;0,210684248;0,553;0,3222;809,65787;18,1121135;22,4668509;11869,4734;0,89277941;13,2223366;1257,94898;8060,21486;0,63400533;1433,59055;74,1572623;3,60108841;2667,81359;6,09467715;81,7525247;196,63;0;6,75;154,6;10,21;1,91969059;0,0306517;0,27476041;3119,9687;0,25268818;0,07654856;0,01757255;3,59137182;251,912052;209,686142;29,1699226;0,64060604;13,5212254;18,6590708;31,2958918;;;
19;Pru_Cer_1;Pru_Cer_1;Pru_Cer;Pru;Rosaceae;15,70796327;5;3;4,35910000;50,78513333;9;0,1288;0,0387;0,300465839;11,841;305,9689922;0,3327;24,7981011;40,6022977;10,8816621;0,00733477;4,41310472;80,0784012;35700,561;0,06071636;3754,04976;41,6587166;0,95327623;1293,2419;0,37697992;16,4878705;0,3123;3487,934;11,16853666;1482,313;0,210684248;0,553;0,3222;809,65787;18,1121135;22,4668509;11869,4734;0,89277941;13,2223366;1257,94898;8060,21486;0,63400533;1433,59055;74,1572623;3,60108841;2667,81359;6,09467715;81,7525247;196,63;0;6,75;154,6;10,21;1,91969059;0,0306517;0,27476041;3119,9687;0,25268818;0,07654856;0,01757255;3,59137182;251,912052;209,686142;29,1699226;0,64060604;13,5212254;18,6590708;31,2958918;;;
20;Pru_Cer_2;Pru_Cer_2;Pru_Cer;Pru;Rosaceae;47;14,96056465;10;4,35755000;50,78353333;1;0,3141;0,0753;0,239732569;19,014;252,5099602;0,3151;46,9607734;59,4621715;49,0420888;0,02371262;8,23898088;224,522545;32793,9633;0,07740674;5736,26956;170,990318;3,76671624;1297,88291;0,80871464;36,0035048;1,1394;6115,717;5,367489029;5189,766;0,219547471;0,771;0,3917;1454,27995;17,4514693;34,4107715;6555,38616;1,46435681;12,6136032;1581,10943;3508,98242;0,74172544;1274,36697;430,922718;5,87249171;1719,6178;22,1105082;63,3204491;267,57;0;5,02;140;10,01;158,892981;0,04768503;-0,0870934;321,929067;0,09338524;0,13329084;0,21877665;1,87879724;38,2513829;51,8168052;14,4216486;0,40558897;16,5736958;6,98938004;2,97813657;;;
20;Pru_Cer_2;Pru_Cer_2;Pru_Cer;Pru;Rosaceae;47;14,96056465;10;4,35755000;50,78353333;2;0,177;0,0428;0,24180791;11,172;261,0280374;0,3151;46,9607734;59,4621715;49,0420888;0,02371262;8,23898088;224,522545;32793,9633;0,07740674;5736,26956;170,990318;3,76671624;1297,88291;0,80871464;36,0035048;1,1394;6115,717;5,367489029;5189,766;0,219547471;0,771;0,3917;1454,27995;17,4514693;34,4107715;6555,38616;1,46435681;12,6136032;1581,10943;3508,98242;0,74172544;1274,36697;430,922718;5,87249171;1719,6178;22,1105082;63,3204491;267,57;0;5,02;140;10,01;158,892981;0,04768503;-0,0870934;321,929067;0,09338524;0,13329084;0,21877665;1,87879724;38,2513829;51,8168052;14,4216486;0,40558897;16,5736958;6,98938004;2,97813657;;;
20;Pru_Cer_2;Pru_Cer_2;Pru_Cer;Pru;Rosaceae;47;14,96056465;10;4,35755000;50,78353333;3;0,2269;0,0572;0,252093433;14,716;257,2727273;0,3151;46,9607734;59,4621715;49,0420888;0,02371262;8,23898088;224,522545;32793,9633;0,07740674;5736,26956;170,990318;3,76671624;1297,88291;0,80871464;36,0035048;1,1394;6115,717;5,367489029;5189,766;0,219547471;0,771;0,3917;1454,27995;17,4514693;34,4107715;6555,38616;1,46435681;12,6136032;1581,10943;3508,98242;0,74172544;1274,36697;430,922718;5,87249171;1719,6178;22,1105082;63,3204491;267,57;0;5,02;140;10,01;158,892981;0,04768503;-0,0870934;321,929067;0,09338524;0,13329084;0,21877665;1,87879724;38,2513829;51,8168052;14,4216486;0,40558897;16,5736958;6,98938004;2,97813657;;;
20;Pru_Cer_2;Pru_Cer_2;Pru_Cer;Pru;Rosaceae;47;14,96056465;10;4,35755000;50,78353333;4;0,2783;0,0773;0,277757815;17,68;228,7192755;0,3151;46,9607734;59,4621715;49,0420888;0,02371262;8,23898088;224,522545;32793,9633;0,07740674;5736,26956;170,990318;3,76671624;1297,88291;0,80871464;36,0035048;1,1394;6115,717;5,367489029;5189,766;0,219547471;0,771;0,3917;1454,27995;17,4514693;34,4107715;6555,38616;1,46435681;12,6136032;1581,10943;3508,98242;0,74172544;1274,36697;430,922718;5,87249171;1719,6178;22,1105082;63,3204491;267,57;0;5,02;140;10,01;158,892981;0,04768503;-0,0870934;321,929067;0,09338524;0,13329084;0,21877665;1,87879724;38,2513829;51,8168052;14,4216486;0,40558897;16,5736958;6,98938004;2,97813657;;;
20;Pru_Cer_2;Pru_Cer_2;Pru_Cer;Pru;Rosaceae;47;14,96056465;10;4,35755000;50,78353333;5;0,2747;0,0611;0,222424463;16,259;266,1047463;0,3151;46,9607734;59,4621715;49,0420888;0,02371262;8,23898088;224,522545;32793,9633;0,07740674;5736,26956;170,990318;3,76671624;1297,88291;0,80871464;36,0035048;1,1394;6115,717;5,367489029;5189,766;0,219547471;0,771;0,3917;1454,27995;17,4514693;34,4107715;6555,38616;1,46435681;12,6136032;1581,10943;3508,98242;0,74172544;1274,36697;430,922718;5,87249171;1719,6178;22,1105082;63,3204491;267,57;0;5,02;140;10,01;158,892981;0,04768503;-0,0870934;321,929067;0,09338524;0,13329084;0,21877665;1,87879724;38,2513829;51,8168052;14,4216486;0,40558897;16,5736958;6,98938004;2,97813657;;;
20;Pru_Cer_2;Pru_Cer_2;Pru_Cer;Pru;Rosaceae;47;14,96056465;10;4,35755000;50,78353333;6;0,2766;0,0673;0,243311641;16,414;243,8930163;0,3151;46,9607734;59,4621715;49,0420888;0,02371262;8,23898088;224,522545;32793,9633;0,07740674;5736,26956;170,990318;3,76671624;1297,88291;0,80871464;36,0035048;1,1394;6115,717;5,367489029;5189,766;0,219547471;0,771;0,3917;1454,27995;17,4514693;34,4107715;6555,38616;1,46435681;12,6136032;1581,10943;3508,98242;0,74172544;1274,36697;430,922718;5,87249171;1719,6178;22,1105082;63,3204491;267,57;0;5,02;140;10,01;158,892981;0,04768503;-0,0870934;321,929067;0,09338524;0,13329084;0,21877665;1,87879724;38,2513829;51,8168052;14,4216486;0,40558897;16,5736958;6,98938004;2,97813657;;;
21;Pru_Cer_3;Pru_Cer_3;Pru_Cer;Pru;Rosaceae;32;10,18591636;5;4,36016667;50,78468333;1;0,1533;0,0553;0,360730594;13,064;236,238698;0,3642;20,4907187;30,4367884;30,311238;0,00611943;4,7782624;76,2136252;20692,9291;0,07790861;3498,67276;25,1379967;0,61367994;1201,2047;0,4398363;46,8534518;0,7201;4515,313;6,270397167;3424,839;0,210258059;0,741;0,3753;256,772089;28,1006373;14,6149951;7519,77234;2,30655215;16,4460786;414,221551;3746,13888;0,2071383;992,818309;46,1478143;2,18353103;1249,56282;31,2568372;383,726664;262,13;16,9557;6,91;230,2;9,99;2,22630671;0,03029372;0,23372991;3619,70281;0,57162391;0,02388881;0,02840509;6,90584577;70,510779;91,7527165;4,42197725;0,28211939;10,2664378;69,4563524;125,638844;;;
21;Pru_Cer_3;Pru_Cer_3;Pru_Cer;Pru;Rosaceae;32;10,18591636;5;4,36016667;50,78468333;2;0,2225;0,0869;0,390561798;19,827;228,1588032;0,3642;20,4907187;30,4367884;30,311238;0,00611943;4,7782624;76,2136252;20692,9291;0,07790861;3498,67276;25,1379967;0,61367994;1201,2047;0,4398363;46,8534518;0,7201;4515,313;6,270397167;3424,839;0,210258059;0,741;0,3753;256,772089;28,1006373;14,6149951;7519,77234;2,30655215;16,4460786;414,221551;3746,13888;0,2071383;992,818309;46,1478143;2,18353103;1249,56282;31,2568372;383,726664;262,13;16,9557;6,91;230,2;9,99;2,22630671;0,03029372;0,23372991;3619,70281;0,57162391;0,02388881;0,02840509;6,90584577;70,510779;91,7527165;4,42197725;0,28211939;10,2664378;69,4563524;125,638844;;;
21;Pru_Cer_3;Pru_Cer_3;Pru_Cer;Pru;Rosaceae;32;10,18591636;5;4,36016667;50,78468333;3;0,1703;0,0639;0,3752202;13,953;218,3568075;0,3642;20,4907187;30,4367884;30,311238;0,00611943;4,7782624;76,2136252;20692,9291;0,07790861;3498,67276;25,1379967;0,61367994;1201,2047;0,4398363;46,8534518;0,7201;4515,313;6,270397167;3424,839;0,210258059;0,741;0,3753;256,772089;28,1006373;14,6149951;7519,77234;2,30655215;16,4460786;414,221551;3746,13888;0,2071383;992,818309;46,1478143;2,18353103;1249,56282;31,2568372;383,726664;262,13;16,9557;6,91;230,2;9,99;2,22630671;0,03029372;0,23372991;3619,70281;0,57162391;0,02388881;0,02840509;6,90584577;70,510779;91,7527165;4,42197725;0,28211939;10,2664378;69,4563524;125,638844;;;
21;Pru_Cer_3;Pru_Cer_3;Pru_Cer;Pru;Rosaceae;32;10,18591636;5;4,36016667;50,78468333;4;0,2999;0,1101;0,367122374;23,261;211,2715713;0,3642;20,4907187;30,4367884;30,311238;0,00611943;4,7782624;76,2136252;20692,9291;0,07790861;3498,67276;25,1379967;0,61367994;1201,2047;0,4398363;46,8534518;0,7201;4515,313;6,270397167;3424,839;0,210258059;0,741;0,3753;256,772089;28,1006373;14,6149951;7519,77234;2,30655215;16,4460786;414,221551;3746,13888;0,2071383;992,818309;46,1478143;2,18353103;1249,56282;31,2568372;383,726664;262,13;16,9557;6,91;230,2;9,99;2,22630671;0,03029372;0,23372991;3619,70281;0,57162391;0,02388881;0,02840509;6,90584577;70,510779;91,7527165;4,42197725;0,28211939;10,2664378;69,4563524;125,638844;;;
21;Pru_Cer_3;Pru_Cer_3;Pru_Cer;Pru;Rosaceae;32;10,18591636;5;4,36016667;50,78468333;5;0,397;0,1492;0,37581864;28,594;191,6487936;0,3642;20,4907187;30,4367884;30,311238;0,00611943;4,7782624;76,2136252;20692,9291;0,07790861;3498,67276;25,1379967;0,61367994;1201,2047;0,4398363;46,8534518;0,7201;4515,313;6,270397167;3424,839;0,210258059;0,741;0,3753;256,772089;28,1006373;14,6149951;7519,77234;2,30655215;16,4460786;414,221551;3746,13888;0,2071383;992,818309;46,1478143;2,18353103;1249,56282;31,2568372;383,726664;262,13;16,9557;6,91;230,2;9,99;2,22630671;0,03029372;0,23372991;3619,70281;0,57162391;0,02388881;0,02840509;6,90584577;70,510779;91,7527165;4,42197725;0,28211939;10,2664378;69,4563524;125,638844;;;
21;Pru_Cer_3;Pru_Cer_3;Pru_Cer;Pru;Rosaceae;32;10,18591636;5;4,36016667;50,78468333;6;0,3899;0,1453;0,372659656;31,268;215,1961459;0,3642;20,4907187;30,4367884;30,311238;0,00611943;4,7782624;76,2136252;20692,9291;0,07790861;3498,67276;25,1379967;0,61367994;1201,2047;0,4398363;46,8534518;0,7201;4515,313;6,270397167;3424,839;0,210258059;0,741;0,3753;256,772089;28,1006373;14,6149951;7519,77234;2,30655215;16,4460786;414,221551;3746,13888;0,2071383;992,818309;46,1478143;2,18353103;1249,56282;31,2568372;383,726664;262,13;16,9557;6,91;230,2;9,99;2,22630671;0,03029372;0,23372991;3619,70281;0,57162391;0,02388881;0,02840509;6,90584577;70,510779;91,7527165;4,42197725;0,28211939;10,2664378;69,4563524;125,638844;;;
21;Pru_Cer_3;Pru_Cer_3;Pru_Cer;Pru;Rosaceae;32;10,18591636;5;4,36016667;50,78468333;7;0,3028;0,1108;0,365918098;24,493;221,0559567;0,3642;20,4907187;30,4367884;30,311238;0,00611943;4,7782624;76,2136252;20692,9291;0,07790861;3498,67276;25,1379967;0,61367994;1201,2047;0,4398363;46,8534518;0,7201;4515,313;6,270397167;3424,839;0,210258059;0,741;0,3753;256,772089;28,1006373;14,6149951;7519,77234;2,30655215;16,4460786;414,221551;3746,13888;0,2071383;992,818309;46,1478143;2,18353103;1249,56282;31,2568372;383,726664;262,13;16,9557;6,91;230,2;9,99;2,22630671;0,03029372;0,23372991;3619,70281;0,57162391;0,02388881;0,02840509;6,90584577;70,510779;91,7527165;4,42197725;0,28211939;10,2664378;69,4563524;125,638844;;;
21;Pru_Cer_3;Pru_Cer_3;Pru_Cer;Pru;Rosaceae;32;10,18591636;5;4,36016667;50,78468333;8;0,1436;0,0511;0,355849582;13,209;258,4931507;0,3642;20,4907187;30,4367884;30,311238;0,00611943;4,7782624;76,2136252;20692,9291;0,07790861;3498,67276;25,1379967;0,61367994;1201,2047;0,4398363;46,8534518;0,7201;4515,313;6,270397167;3424,839;0,210258059;0,741;0,3753;256,772089;28,1006373;14,6149951;7519,77234;2,30655215;16,4460786;414,221551;3746,13888;0,2071383;992,818309;46,1478143;2,18353103;1249,56282;31,2568372;383,726664;262,13;16,9557;6,91;230,2;9,99;2,22630671;0,03029372;0,23372991;3619,70281;0,57162391;0,02388881;0,02840509;6,90584577;70,510779;91,7527165;4,42197725;0,28211939;10,2664378;69,4563524;125,638844;;;
21;Pru_Cer_3;Pru_Cer_3;Pru_Cer;Pru;Rosaceae;32;10,18591636;5;4,36016667;50,78468333;9;0,3601;0,1412;0,392113302;27,102;191,9405099;0,3642;20,4907187;30,4367884;30,311238;0,00611943;4,7782624;76,2136252;20692,9291;0,07790861;3498,67276;25,1379967;0,61367994;1201,2047;0,4398363;46,8534518;0,7201;4515,313;6,270397167;3424,839;0,210258059;0,741;0,3753;256,772089;28,1006373;14,6149951;7519,77234;2,30655215;16,4460786;414,221551;3746,13888;0,2071383;992,818309;46,1478143;2,18353103;1249,56282;31,2568372;383,726664;262,13;16,9557;6,91;230,2;9,99;2,22630671;0,03029372;0,23372991;3619,70281;0,57162391;0,02388881;0,02840509;6,90584577;70,510779;91,7527165;4,42197725;0,28211939;10,2664378;69,4563524;125,638844;;;
21;Pru_Cer_3;Pru_Cer_3;Pru_Cer;Pru;Rosaceae;32;10,18591636;5;4,36016667;50,78468333;10;0,3358;0,1149;0,342167957;29,79;259,2689295;0,3642;20,4907187;30,4367884;30,311238;0,00611943;4,7782624;76,2136252;20692,9291;0,07790861;3498,67276;25,1379967;0,61367994;1201,2047;0,4398363;46,8534518;0,7201;4515,313;6,270397167;3424,839;0,210258059;0,741;0,3753;256,772089;28,1006373;14,6149951;7519,77234;2,30655215;16,4460786;414,221551;3746,13888;0,2071383;992,818309;46,1478143;2,18353103;1249,56282;31,2568372;383,726664;262,13;16,9557;6,91;230,2;9,99;2,22630671;0,03029372;0,23372991;3619,70281;0,57162391;0,02388881;0,02840509;6,90584577;70,510779;91,7527165;4,42197725;0,28211939;10,2664378;69,4563524;125,638844;;;
21;Pru_Cer_3;Pru_Cer_3;Pru_Cer;Pru;Rosaceae;32;10,18591636;5;4,36016667;50,78468333;11;0,2893;0,1043;0,360525406;24,158;231,620326;0,3642;20,4907187;30,4367884;30,311238;0,00611943;4,7782624;76,2136252;20692,9291;0,07790861;3498,67276;25,1379967;0,61367994;1201,2047;0,4398363;46,8534518;0,7201;4515,313;6,270397167;3424,839;0,210258059;0,741;0,3753;256,772089;28,1006373;14,6149951;7519,77234;2,30655215;16,4460786;414,221551;3746,13888;0,2071383;992,818309;46,1478143;2,18353103;1249,56282;31,2568372;383,726664;262,13;16,9557;6,91;230,2;9,99;2,22630671;0,03029372;0,23372991;3619,70281;0,57162391;0,02388881;0,02840509;6,90584577;70,510779;91,7527165;4,42197725;0,28211939;10,2664378;69,4563524;125,638844;;;
22;Sal_Alb_1;Sal_Alb_1;Sal_Alb;Sal;Salicaceae;376,9911184;120;3;4,35813333;50,78490000;1;0,2317;0,1086;0,468709538;10,786;99,31860037;0,3934;16,8779935;73,3525296;8,9080232;0,45617926;6,97207865;75,6764166;5593,67794;0,03435746;2856,55357;101,54378;6,86302641;1432,79586;0,29155006;111,566978;0,2617;4503,645;17,20918991;1565,058;0,16721425;0,567;0,335;765,567663;15,2618876;38,5310855;3605,74811;1,35742645;12,5331756;807,883562;4686,87785;0,47233996;1693,34795;417,753813;6,16142083;2255,47025;37,5648621;101,26664;200,74;4,1979;5,89;183;10,11;12,7316906;0,01406631;0,2038632;3110,02343;0,4844173;0,0836541;0,0310471;3,01872782;136,582827;208,632959;13,3662211;1,41413007;2,96909223;15,1829765;31,8366349;;;
22;Sal_Alb_1;Sal_Alb_1;Sal_Alb;Sal;Salicaceae;376,9911184;120;3;4,35813333;50,78490000;2;0,2099;0,0968;0,461171987;10,348;106,9008264;0,3934;16,8779935;73,3525296;8,9080232;0,45617926;6,97207865;75,6764166;5593,67794;0,03435746;2856,55357;101,54378;6,86302641;1432,79586;0,29155006;111,566978;0,2617;4503,645;17,20918991;1565,058;0,16721425;0,567;0,335;765,567663;15,2618876;38,5310855;3605,74811;1,35742645;12,5331756;807,883562;4686,87785;0,47233996;1693,34795;417,753813;6,16142083;2255,47025;37,5648621;101,26664;200,74;4,1979;5,89;183;10,11;12,7316906;0,01406631;0,2038632;3110,02343;0,4844173;0,0836541;0,0310471;3,01872782;136,582827;208,632959;13,3662211;1,41413007;2,96909223;15,1829765;31,8366349;;;
22;Sal_Alb_1;Sal_Alb_1;Sal_Alb;Sal;Salicaceae;376,9911184;120;3;4,35813333;50,78490000;3;0,3071;0,1475;0,480299577;13,662;92,62372881;0,3934;16,8779935;73,3525296;8,9080232;0,45617926;6,97207865;75,6764166;5593,67794;0,03435746;2856,55357;101,54378;6,86302641;1432,79586;0,29155006;111,566978;0,2617;4503,645;17,20918991;1565,058;0,16721425;0,567;0,335;765,567663;15,2618876;38,5310855;3605,74811;1,35742645;12,5331756;807,883562;4686,87785;0,47233996;1693,34795;417,753813;6,16142083;2255,47025;37,5648621;101,26664;200,74;4,1979;5,89;183;10,11;12,7316906;0,01406631;0,2038632;3110,02343;0,4844173;0,0836541;0,0310471;3,01872782;136,582827;208,632959;13,3662211;1,41413007;2,96909223;15,1829765;31,8366349;;;
22;Sal_Alb_1;Sal_Alb_1;Sal_Alb;Sal;Salicaceae;376,9911184;120;3;4,35813333;50,78490000;4;0,2744;0,1227;0,447157434;13,098;106,7481663;0,3934;16,8779935;73,3525296;8,9080232;0,45617926;6,97207865;75,6764166;5593,67794;0,03435746;2856,55357;101,54378;6,86302641;1432,79586;0,29155006;111,566978;0,2617;4503,645;17,20918991;1565,058;0,16721425;0,567;0,335;765,567663;15,2618876;38,5310855;3605,74811;1,35742645;12,5331756;807,883562;4686,87785;0,47233996;1693,34795;417,753813;6,16142083;2255,47025;37,5648621;101,26664;200,74;4,1979;5,89;183;10,11;12,7316906;0,01406631;0,2038632;3110,02343;0,4844173;0,0836541;0,0310471;3,01872782;136,582827;208,632959;13,3662211;1,41413007;2,96909223;15,1829765;31,8366349;;;
22;Sal_Alb_1;Sal_Alb_1;Sal_Alb;Sal;Salicaceae;376,9911184;120;3;4,35813333;50,78490000;5;0,3204;0,1528;0,47690387;14,295;93,55366492;0,3934;16,8779935;73,3525296;8,9080232;0,45617926;6,97207865;75,6764166;5593,67794;0,03435746;2856,55357;101,54378;6,86302641;1432,79586;0,29155006;111,566978;0,2617;4503,645;17,20918991;1565,058;0,16721425;0,567;0,335;765,567663;15,2618876;38,5310855;3605,74811;1,35742645;12,5331756;807,883562;4686,87785;0,47233996;1693,34795;417,753813;6,16142083;2255,47025;37,5648621;101,26664;200,74;4,1979;5,89;183;10,11;12,7316906;0,01406631;0,2038632;3110,02343;0,4844173;0,0836541;0,0310471;3,01872782;136,582827;208,632959;13,3662211;1,41413007;2,96909223;15,1829765;31,8366349;;;
22;Sal_Alb_1;Sal_Alb_1;Sal_Alb;Sal;Salicaceae;376,9911184;120;3;4,35813333;50,78490000;6;0,2499;0,1136;0,454581833;12,601;110,9242958;0,3934;16,8779935;73,3525296;8,9080232;0,45617926;6,97207865;75,6764166;5593,67794;0,03435746;2856,55357;101,54378;6,86302641;1432,79586;0,29155006;111,566978;0,2617;4503,645;17,20918991;1565,058;0,16721425;0,567;0,335;765,567663;15,2618876;38,5310855;3605,74811;1,35742645;12,5331756;807,883562;4686,87785;0,47233996;1693,34795;417,753813;6,16142083;2255,47025;37,5648621;101,26664;200,74;4,1979;5,89;183;10,11;12,7316906;0,01406631;0,2038632;3110,02343;0,4844173;0,0836541;0,0310471;3,01872782;136,582827;208,632959;13,3662211;1,41413007;2,96909223;15,1829765;31,8366349;;;
22;Sal_Alb_1;Sal_Alb_1;Sal_Alb;Sal;Salicaceae;376,9911184;120;3;4,35813333;50,78490000;7;0,2446;0,1175;0,480376124;10,528;89,6;0,3934;16,8779935;73,3525296;8,9080232;0,45617926;6,97207865;75,6764166;5593,67794;0,03435746;2856,55357;101,54378;6,86302641;1432,79586;0,29155006;111,566978;0,2617;4503,645;17,20918991;1565,058;0,16721425;0,567;0,335;765,567663;15,2618876;38,5310855;3605,74811;1,35742645;12,5331756;807,883562;4686,87785;0,47233996;1693,34795;417,753813;6,16142083;2255,47025;37,5648621;101,26664;200,74;4,1979;5,89;183;10,11;12,7316906;0,01406631;0,2038632;3110,02343;0,4844173;0,0836541;0,0310471;3,01872782;136,582827;208,632959;13,3662211;1,41413007;2,96909223;15,1829765;31,8366349;;;
22;Sal_Alb_1;Sal_Alb_1;Sal_Alb;Sal;Salicaceae;376,9911184;120;3;4,35813333;50,78490000;8;0,2117;0,0993;0,469059991;10,29;103,6253776;0,3934;16,8779935;73,3525296;8,9080232;0,45617926;6,97207865;75,6764166;5593,67794;0,03435746;2856,55357;101,54378;6,86302641;1432,79586;0,29155006;111,566978;0,2617;4503,645;17,20918991;1565,058;0,16721425;0,567;0,335;765,567663;15,2618876;38,5310855;3605,74811;1,35742645;12,5331756;807,883562;4686,87785;0,47233996;1693,34795;417,753813;6,16142083;2255,47025;37,5648621;101,26664;200,74;4,1979;5,89;183;10,11;12,7316906;0,01406631;0,2038632;3110,02343;0,4844173;0,0836541;0,0310471;3,01872782;136,582827;208,632959;13,3662211;1,41413007;2,96909223;15,1829765;31,8366349;;;
22;Sal_Alb_1;Sal_Alb_1;Sal_Alb;Sal;Salicaceae;376,9911184;120;3;4,35813333;50,78490000;9;0,2171;0,0994;0,457853524;11,159;112,2635815;0,3934;16,8779935;73,3525296;8,9080232;0,45617926;6,97207865;75,6764166;5593,67794;0,03435746;2856,55357;101,54378;6,86302641;1432,79586;0,29155006;111,566978;0,2617;4503,645;17,20918991;1565,058;0,16721425;0,567;0,335;765,567663;15,2618876;38,5310855;3605,74811;1,35742645;12,5331756;807,883562;4686,87785;0,47233996;1693,34795;417,753813;6,16142083;2255,47025;37,5648621;101,26664;200,74;4,1979;5,89;183;10,11;12,7316906;0,01406631;0,2038632;3110,02343;0,4844173;0,0836541;0,0310471;3,01872782;136,582827;208,632959;13,3662211;1,41413007;2,96909223;15,1829765;31,8366349;;;
22;Sal_Alb_1;Sal_Alb_1;Sal_Alb;Sal;Salicaceae;376,9911184;120;3;4,35813333;50,78490000;10;0,1958;0,09;0,459652707;10,195;113,2777778;0,3934;16,8779935;73,3525296;8,9080232;0,45617926;6,97207865;75,6764166;5593,67794;0,03435746;2856,55357;101,54378;6,86302641;1432,79586;0,29155006;111,566978;0,2617;4503,645;17,20918991;1565,058;0,16721425;0,567;0,335;765,567663;15,2618876;38,5310855;3605,74811;1,35742645;12,5331756;807,883562;4686,87785;0,47233996;1693,34795;417,753813;6,16142083;2255,47025;37,5648621;101,26664;200,74;4,1979;5,89;183;10,11;12,7316906;0,01406631;0,2038632;3110,02343;0,4844173;0,0836541;0,0310471;3,01872782;136,582827;208,632959;13,3662211;1,41413007;2,96909223;15,1829765;31,8366349;;;
22;Sal_Alb_1;Sal_Alb_1;Sal_Alb;Sal;Salicaceae;376,9911184;120;3;4,35813333;50,78490000;11;0,1788;0,0819;0,458053691;8,755;106,8986569;0,3934;16,8779935;73,3525296;8,9080232;0,45617926;6,97207865;75,6764166;5593,67794;0,03435746;2856,55357;101,54378;6,86302641;1432,79586;0,29155006;111,566978;0,2617;4503,645;17,20918991;1565,058;0,16721425;0,567;0,335;765,567663;15,2618876;38,5310855;3605,74811;1,35742645;12,5331756;807,883562;4686,87785;0,47233996;1693,34795;417,753813;6,16142083;2255,47025;37,5648621;101,26664;200,74;4,1979;5,89;183;10,11;12,7316906;0,01406631;0,2038632;3110,02343;0,4844173;0,0836541;0,0310471;3,01872782;136,582827;208,632959;13,3662211;1,41413007;2,96909223;15,1829765;31,8366349;;;
22;Sal_Alb_1;Sal_Alb_1;Sal_Alb;Sal;Salicaceae;376,9911184;120;3;4,35813333;50,78490000;12;0,1646;0,0762;0,462940462;9,006;118,1889764;0,3934;16,8779935;73,3525296;8,9080232;0,45617926;6,97207865;75,6764166;5593,67794;0,03435746;2856,55357;101,54378;6,86302641;1432,79586;0,29155006;111,566978;0,2617;4503,645;17,20918991;1565,058;0,16721425;0,567;0,335;765,567663;15,2618876;38,5310855;3605,74811;1,35742645;12,5331756;807,883562;4686,87785;0,47233996;1693,34795;417,753813;6,16142083;2255,47025;37,5648621;101,26664;200,74;4,1979;5,89;183;10,11;12,7316906;0,01406631;0,2038632;3110,02343;0,4844173;0,0836541;0,0310471;3,01872782;136,582827;208,632959;13,3662211;1,41413007;2,96909223;15,1829765;31,8366349;;;
23;Sal_Alb_2;Sal_Alb_2;Sal_Alb;Sal;Salicaceae;251,3274123;80;5;4,35908333;50,78530000;1;0,2524;0,0763;0,30229794;21,408;280,576671;0,3049;26,1398043;105,814621;12,0277088;1,14019604;7,48972555;161,909854;23647,3994;0,14067935;3410,77727;212,606081;8,32411825;1497,51854;1,59002098;143,203612;0,3758;10694,117;28,4569372;7887,364;0,047645829;0,72;0,3271;291,396732;23,5481588;33,3976485;13078,9023;5,01860701;141,754253;771,456295;9128,91285;0,18202813;1384,13913;32,0025334;14,4420998;3402,88594;104,740698;877,872318;242,38;34,5029;6,8;135,9;10;2,91218516;0,0378957;0,40006258;3117,95458;0,51338589;0,02670459;0,04448947;44,5056311;115,420686;137,019517;6,05433102;0,96541484;17,5859828;180,149568;251,472271;;;
23;Sal_Alb_2;Sal_Alb_2;Sal_Alb;Sal;Salicaceae;251,3274123;80;5;4,35908333;50,78530000;2;0,2585;0,0814;0,314893617;21,801;267,8255528;0,3049;26,1398043;105,814621;12,0277088;1,14019604;7,48972555;161,909854;23647,3994;0,14067935;3410,77727;212,606081;8,32411825;1497,51854;1,59002098;143,203612;0,3758;10694,117;28,4569372;7887,364;0,047645829;0,72;0,3271;291,396732;23,5481588;33,3976485;13078,9023;5,01860701;141,754253;771,456295;9128,91285;0,18202813;1384,13913;32,0025334;14,4420998;3402,88594;104,740698;877,872318;242,38;34,5029;6,8;135,9;10;2,91218516;0,0378957;0,40006258;3117,95458;0,51338589;0,02670459;0,04448947;44,5056311;115,420686;137,019517;6,05433102;0,96541484;17,5859828;180,149568;251,472271;;;
23;Sal_Alb_2;Sal_Alb_2;Sal_Alb;Sal;Salicaceae;251,3274123;80;5;4,35908333;50,78530000;3;0,1218;0,0386;0,316912972;12,291;318,4196891;0,3049;26,1398043;105,814621;12,0277088;1,14019604;7,48972555;161,909854;23647,3994;0,14067935;3410,77727;212,606081;8,32411825;1497,51854;1,59002098;143,203612;0,3758;10694,117;28,4569372;7887,364;0,047645829;0,72;0,3271;291,396732;23,5481588;33,3976485;13078,9023;5,01860701;141,754253;771,456295;9128,91285;0,18202813;1384,13913;32,0025334;14,4420998;3402,88594;104,740698;877,872318;242,38;34,5029;6,8;135,9;10;2,91218516;0,0378957;0,40006258;3117,95458;0,51338589;0,02670459;0,04448947;44,5056311;115,420686;137,019517;6,05433102;0,96541484;17,5859828;180,149568;251,472271;;;
23;Sal_Alb_2;Sal_Alb_2;Sal_Alb;Sal;Salicaceae;251,3274123;80;5;4,35908333;50,78530000;4;0,0954;0,0268;0,280922432;9,375;349,8134328;0,3049;26,1398043;105,814621;12,0277088;1,14019604;7,48972555;161,909854;23647,3994;0,14067935;3410,77727;212,606081;8,32411825;1497,51854;1,59002098;143,203612;0,3758;10694,117;28,4569372;7887,364;0,047645829;0,72;0,3271;291,396732;23,5481588;33,3976485;13078,9023;5,01860701;141,754253;771,456295;9128,91285;0,18202813;1384,13913;32,0025334;14,4420998;3402,88594;104,740698;877,872318;242,38;34,5029;6,8;135,9;10;2,91218516;0,0378957;0,40006258;3117,95458;0,51338589;0,02670459;0,04448947;44,5056311;115,420686;137,019517;6,05433102;0,96541484;17,5859828;180,149568;251,472271;;;
23;Sal_Alb_2;Sal_Alb_2;Sal_Alb;Sal;Salicaceae;251,3274123;80;5;4,35908333;50,78530000;5;0,1668;0,0474;0,284172662;14,486;305,6118143;0,3049;26,1398043;105,814621;12,0277088;1,14019604;7,48972555;161,909854;23647,3994;0,14067935;3410,77727;212,606081;8,32411825;1497,51854;1,59002098;143,203612;0,3758;10694,117;28,4569372;7887,364;0,047645829;0,72;0,3271;291,396732;23,5481588;33,3976485;13078,9023;5,01860701;141,754253;771,456295;9128,91285;0,18202813;1384,13913;32,0025334;14,4420998;3402,88594;104,740698;877,872318;242,38;34,5029;6,8;135,9;10;2,91218516;0,0378957;0,40006258;3117,95458;0,51338589;0,02670459;0,04448947;44,5056311;115,420686;137,019517;6,05433102;0,96541484;17,5859828;180,149568;251,472271;;;
23;Sal_Alb_2;Sal_Alb_2;Sal_Alb;Sal;Salicaceae;251,3274123;80;5;4,35908333;50,78530000;6;0,1251;0,0352;0,2813749;10,512;298,6363636;0,3049;26,1398043;105,814621;12,0277088;1,14019604;7,48972555;161,909854;23647,3994;0,14067935;3410,77727;212,606081;8,32411825;1497,51854;1,59002098;143,203612;0,3758;10694,117;28,4569372;7887,364;0,047645829;0,72;0,3271;291,396732;23,5481588;33,3976485;13078,9023;5,01860701;141,754253;771,456295;9128,91285;0,18202813;1384,13913;32,0025334;14,4420998;3402,88594;104,740698;877,872318;242,38;34,5029;6,8;135,9;10;2,91218516;0,0378957;0,40006258;3117,95458;0,51338589;0,02670459;0,04448947;44,5056311;115,420686;137,019517;6,05433102;0,96541484;17,5859828;180,149568;251,472271;;;
23;Sal_Alb_2;Sal_Alb_2;Sal_Alb;Sal;Salicaceae;251,3274123;80;5;4,35908333;50,78530000;7;0,0876;0,0241;0,275114155;7,288;302,406639;0,3049;26,1398043;105,814621;12,0277088;1,14019604;7,48972555;161,909854;23647,3994;0,14067935;3410,77727;212,606081;8,32411825;1497,51854;1,59002098;143,203612;0,3758;10694,117;28,4569372;7887,364;0,047645829;0,72;0,3271;291,396732;23,5481588;33,3976485;13078,9023;5,01860701;141,754253;771,456295;9128,91285;0,18202813;1384,13913;32,0025334;14,4420998;3402,88594;104,740698;877,872318;242,38;34,5029;6,8;135,9;10;2,91218516;0,0378957;0,40006258;3117,95458;0,51338589;0,02670459;0,04448947;44,5056311;115,420686;137,019517;6,05433102;0,96541484;17,5859828;180,149568;251,472271;;;
23;Sal_Alb_2;Sal_Alb_2;Sal_Alb;Sal;Salicaceae;251,3274123;80;5;4,35908333;50,78530000;8;0,1138;0,0331;0,29086116;9,702;293,1117825;0,3049;26,1398043;105,814621;12,0277088;1,14019604;7,48972555;161,909854;23647,3994;0,14067935;3410,77727;212,606081;8,32411825;1497,51854;1,59002098;143,203612;0,3758;10694,117;28,4569372;7887,364;0,047645829;0,72;0,3271;291,396732;23,5481588;33,3976485;13078,9023;5,01860701;141,754253;771,456295;9128,91285;0,18202813;1384,13913;32,0025334;14,4420998;3402,88594;104,740698;877,872318;242,38;34,5029;6,8;135,9;10;2,91218516;0,0378957;0,40006258;3117,95458;0,51338589;0,02670459;0,04448947;44,5056311;115,420686;137,019517;6,05433102;0,96541484;17,5859828;180,149568;251,472271;;;
23;Sal_Alb_2;Sal_Alb_2;Sal_Alb;Sal;Salicaceae;251,3274123;80;5;4,35908333;50,78530000;9;0,1145;0,0329;0,287336245;9,986;303,5258359;0,3049;26,1398043;105,814621;12,0277088;1,14019604;7,48972555;161,909854;23647,3994;0,14067935;3410,77727;212,606081;8,32411825;1497,51854;1,59002098;143,203612;0,3758;10694,117;28,4569372;7887,364;0,047645829;0,72;0,3271;291,396732;23,5481588;33,3976485;13078,9023;5,01860701;141,754253;771,456295;9128,91285;0,18202813;1384,13913;32,0025334;14,4420998;3402,88594;104,740698;877,872318;242,38;34,5029;6,8;135,9;10;2,91218516;0,0378957;0,40006258;3117,95458;0,51338589;0,02670459;0,04448947;44,5056311;115,420686;137,019517;6,05433102;0,96541484;17,5859828;180,149568;251,472271;;;
23;Sal_Alb_2;Sal_Alb_2;Sal_Alb;Sal;Salicaceae;251,3274123;80;5;4,35908333;50,78530000;10;0,1027;0,0293;0,285296981;10,314;352,0136519;0,3049;26,1398043;105,814621;12,0277088;1,14019604;7,48972555;161,909854;23647,3994;0,14067935;3410,77727;212,606081;8,32411825;1497,51854;1,59002098;143,203612;0,3758;10694,117;28,4569372;7887,364;0,047645829;0,72;0,3271;291,396732;23,5481588;33,3976485;13078,9023;5,01860701;141,754253;771,456295;9128,91285;0,18202813;1384,13913;32,0025334;14,4420998;3402,88594;104,740698;877,872318;242,38;34,5029;6,8;135,9;10;2,91218516;0,0378957;0,40006258;3117,95458;0,51338589;0,02670459;0,04448947;44,5056311;115,420686;137,019517;6,05433102;0,96541484;17,5859828;180,149568;251,472271;;;
23;Sal_Alb_2;Sal_Alb_2;Sal_Alb;Sal;Salicaceae;251,3274123;80;5;4,35908333;50,78530000;11;0,1167;0,0312;0,267352185;10,556;338,3333333;0,3049;26,1398043;105,814621;12,0277088;1,14019604;7,48972555;161,909854;23647,3994;0,14067935;3410,77727;212,606081;8,32411825;1497,51854;1,59002098;143,203612;0,3758;10694,117;28,4569372;7887,364;0,047645829;0,72;0,3271;291,396732;23,5481588;33,3976485;13078,9023;5,01860701;141,754253;771,456295;9128,91285;0,18202813;1384,13913;32,0025334;14,4420998;3402,88594;104,740698;877,872318;242,38;34,5029;6,8;135,9;10;2,91218516;0,0378957;0,40006258;3117,95458;0,51338589;0,02670459;0,04448947;44,5056311;115,420686;137,019517;6,05433102;0,96541484;17,5859828;180,149568;251,472271;;;
23;Sal_Alb_2;Sal_Alb_2;Sal_Alb;Sal;Salicaceae;251,3274123;80;5;4,35908333;50,78530000;12;0,0602;0,0184;0,305647841;5,241;284,8369565;0,3049;26,1398043;105,814621;12,0277088;1,14019604;7,48972555;161,909854;23647,3994;0,14067935;3410,77727;212,606081;8,32411825;1497,51854;1,59002098;143,203612;0,3758;10694,117;28,4569372;7887,364;0,047645829;0,72;0,3271;291,396732;23,5481588;33,3976485;13078,9023;5,01860701;141,754253;771,456295;9128,91285;0,18202813;1384,13913;32,0025334;14,4420998;3402,88594;104,740698;877,872318;242,38;34,5029;6,8;135,9;10;2,91218516;0,0378957;0,40006258;3117,95458;0,51338589;0,02670459;0,04448947;44,5056311;115,420686;137,019517;6,05433102;0,96541484;17,5859828;180,149568;251,472271;;;
23;Sal_Alb_2;Sal_Alb_2;Sal_Alb;Sal;Salicaceae;251,3274123;80;5;4,35908333;50,78530000;13;0,0239;0,007;0,292887029;2,011;287,2857143;0,3049;26,1398043;105,814621;12,0277088;1,14019604;7,48972555;161,909854;23647,3994;0,14067935;3410,77727;212,606081;8,32411825;1497,51854;1,59002098;143,203612;0,3758;10694,117;28,4569372;7887,364;0,047645829;0,72;0,3271;291,396732;23,5481588;33,3976485;13078,9023;5,01860701;141,754253;771,456295;9128,91285;0,18202813;1384,13913;32,0025334;14,4420998;3402,88594;104,740698;877,872318;242,38;34,5029;6,8;135,9;10;2,91218516;0,0378957;0,40006258;3117,95458;0,51338589;0,02670459;0,04448947;44,5056311;115,420686;137,019517;6,05433102;0,96541484;17,5859828;180,149568;251,472271;;;
24;Sal_Alb_3;Sal_Alb_3;Sal_Alb;Sal;Salicaceae;270;85,94366927;10;4,36008333;50,78460000;1;0,_1290;0,0412;NA;9,042;219,4660194;0,3149;11,2474272;156,864987;12,9792887;2,22630864;8,3953379;105,329757;13360,8702;0,21494731;3040,65543;34,162954;3,09110171;1520,65803;0,58066062;132,02754;0,1821;4817,886;26,45736409;1084,707;0,167879437;0,451;0,3431;147,806295;34,7695278;30,8504441;18132,1658;2,50067017;15,517386;308,796277;5185,57882;0,46186972;1589,52589;21,499884;2,36065847;3241,00019;11,7737838;587,336713;366;11,9075;7,32;203,9;9,98;2,37334952;0,04655244;0,62084487;3001,44916;0,61517831;0,03036145;0,02709166;7,63035036;431,209704;96,2990901;4,65548286;0,3562636;17,7548422;84,7286486;85,6358842;;;
24;Sal_Alb_3;Sal_Alb_3;Sal_Alb;Sal;Salicaceae;270;85,94366927;10;4,36008333;50,78460000;2;0,2004;0,0462;0,230538922;13,311;288,1168831;0,3149;11,2474272;156,864987;12,9792887;2,22630864;8,3953379;105,329757;13360,8702;0,21494731;3040,65543;34,162954;3,09110171;1520,65803;0,58066062;132,02754;0,1821;4817,886;26,45736409;1084,707;0,167879437;0,451;0,3431;147,806295;34,7695278;30,8504441;18132,1658;2,50067017;15,517386;308,796277;5185,57882;0,46186972;1589,52589;21,499884;2,36065847;3241,00019;11,7737838;587,336713;366;11,9075;7,32;203,9;9,98;2,37334952;0,04655244;0,62084487;3001,44916;0,61517831;0,03036145;0,02709166;7,63035036;431,209704;96,2990901;4,65548286;0,3562636;17,7548422;84,7286486;85,6358842;;;
24;Sal_Alb_3;Sal_Alb_3;Sal_Alb;Sal;Salicaceae;270;85,94366927;10;4,36008333;50,78460000;3;0,1181;0,0343;0,290431837;9,005;262,5364431;0,3149;11,2474272;156,864987;12,9792887;2,22630864;8,3953379;105,329757;13360,8702;0,21494731;3040,65543;34,162954;3,09110171;1520,65803;0,58066062;132,02754;0,1821;4817,886;26,45736409;1084,707;0,167879437;0,451;0,3431;147,806295;34,7695278;30,8504441;18132,1658;2,50067017;15,517386;308,796277;5185,57882;0,46186972;1589,52589;21,499884;2,36065847;3241,00019;11,7737838;587,336713;366;11,9075;7,32;203,9;9,98;2,37334952;0,04655244;0,62084487;3001,44916;0,61517831;0,03036145;0,02709166;7,63035036;431,209704;96,2990901;4,65548286;0,3562636;17,7548422;84,7286486;85,6358842;;;
24;Sal_Alb_3;Sal_Alb_3;Sal_Alb;Sal;Salicaceae;270;85,94366927;10;4,36008333;50,78460000;4;0,1002;0,0325;0,324351297;7,444;229,0461538;0,3149;11,2474272;156,864987;12,9792887;2,22630864;8,3953379;105,329757;13360,8702;0,21494731;3040,65543;34,162954;3,09110171;1520,65803;0,58066062;132,02754;0,1821;4817,886;26,45736409;1084,707;0,167879437;0,451;0,3431;147,806295;34,7695278;30,8504441;18132,1658;2,50067017;15,517386;308,796277;5185,57882;0,46186972;1589,52589;21,499884;2,36065847;3241,00019;11,7737838;587,336713;366;11,9075;7,32;203,9;9,98;2,37334952;0,04655244;0,62084487;3001,44916;0,61517831;0,03036145;0,02709166;7,63035036;431,209704;96,2990901;4,65548286;0,3562636;17,7548422;84,7286486;85,6358842;;;
24;Sal_Alb_3;Sal_Alb_3;Sal_Alb;Sal;Salicaceae;270;85,94366927;10;4,36008333;50,78460000;5;0,1322;0,0412;0,311649017;8,968;217,6699029;0,3149;11,2474272;156,864987;12,9792887;2,22630864;8,3953379;105,329757;13360,8702;0,21494731;3040,65543;34,162954;3,09110171;1520,65803;0,58066062;132,02754;0,1821;4817,886;26,45736409;1084,707;0,167879437;0,451;0,3431;147,806295;34,7695278;30,8504441;18132,1658;2,50067017;15,517386;308,796277;5185,57882;0,46186972;1589,52589;21,499884;2,36065847;3241,00019;11,7737838;587,336713;366;11,9075;7,32;203,9;9,98;2,37334952;0,04655244;0,62084487;3001,44916;0,61517831;0,03036145;0,02709166;7,63035036;431,209704;96,2990901;4,65548286;0,3562636;17,7548422;84,7286486;85,6358842;;;
24;Sal_Alb_3;Sal_Alb_3;Sal_Alb;Sal;Salicaceae;270;85,94366927;10;4,36008333;50,78460000;6;0,1491;0,0432;0,289738431;10,554;244,3055556;0,3149;11,2474272;156,864987;12,9792887;2,22630864;8,3953379;105,329757;13360,8702;0,21494731;3040,65543;34,162954;3,09110171;1520,65803;0,58066062;132,02754;0,1821;4817,886;26,45736409;1084,707;0,167879437;0,451;0,3431;147,806295;34,7695278;30,8504441;18132,1658;2,50067017;15,517386;308,796277;5185,57882;0,46186972;1589,52589;21,499884;2,36065847;3241,00019;11,7737838;587,336713;366;11,9075;7,32;203,9;9,98;2,37334952;0,04655244;0,62084487;3001,44916;0,61517831;0,03036145;0,02709166;7,63035036;431,209704;96,2990901;4,65548286;0,3562636;17,7548422;84,7286486;85,6358842;;;
24;Sal_Alb_3;Sal_Alb_3;Sal_Alb;Sal;Salicaceae;270;85,94366927;10;4,36008333;50,78460000;7;0,2684;0,0985;0,366989568;15,726;159,6548223;0,3149;11,2474272;156,864987;12,9792887;2,22630864;8,3953379;105,329757;13360,8702;0,21494731;3040,65543;34,162954;3,09110171;1520,65803;0,58066062;132,02754;0,1821;4817,886;26,45736409;1084,707;0,167879437;0,451;0,3431;147,806295;34,7695278;30,8504441;18132,1658;2,50067017;15,517386;308,796277;5185,57882;0,46186972;1589,52589;21,499884;2,36065847;3241,00019;11,7737838;587,336713;366;11,9075;7,32;203,9;9,98;2,37334952;0,04655244;0,62084487;3001,44916;0,61517831;0,03036145;0,02709166;7,63035036;431,209704;96,2990901;4,65548286;0,3562636;17,7548422;84,7286486;85,6358842;;;
24;Sal_Alb_3;Sal_Alb_3;Sal_Alb;Sal;Salicaceae;270;85,94366927;10;4,36008333;50,78460000;8;0,2861;0,0998;0,348829081;17,596;176,3126253;0,3149;11,2474272;156,864987;12,9792887;2,22630864;8,3953379;105,329757;13360,8702;0,21494731;3040,65543;34,162954;3,09110171;1520,65803;0,58066062;132,02754;0,1821;4817,886;26,45736409;1084,707;0,167879437;0,451;0,3431;147,806295;34,7695278;30,8504441;18132,1658;2,50067017;15,517386;308,796277;5185,57882;0,46186972;1589,52589;21,499884;2,36065847;3241,00019;11,7737838;587,336713;366;11,9075;7,32;203,9;9,98;2,37334952;0,04655244;0,62084487;3001,44916;0,61517831;0,03036145;0,02709166;7,63035036;431,209704;96,2990901;4,65548286;0,3562636;17,7548422;84,7286486;85,6358842;;;
24;Sal_Alb_3;Sal_Alb_3;Sal_Alb;Sal;Salicaceae;270;85,94366927;10;4,36008333;50,78460000;9;0,1387;0,0515;0,371304975;8,561;166,2330097;0,3149;11,2474272;156,864987;12,9792887;2,22630864;8,3953379;105,329757;13360,8702;0,21494731;3040,65543;34,162954;3,09110171;1520,65803;0,58066062;132,02754;0,1821;4817,886;26,45736409;1084,707;0,167879437;0,451;0,3431;147,806295;34,7695278;30,8504441;18132,1658;2,50067017;15,517386;308,796277;5185,57882;0,46186972;1589,52589;21,499884;2,36065847;3241,00019;11,7737838;587,336713;366;11,9075;7,32;203,9;9,98;2,37334952;0,04655244;0,62084487;3001,44916;0,61517831;0,03036145;0,02709166;7,63035036;431,209704;96,2990901;4,65548286;0,3562636;17,7548422;84,7286486;85,6358842;;;
24;Sal_Alb_3;Sal_Alb_3;Sal_Alb;Sal;Salicaceae;270;85,94366927;10;4,36008333;50,78460000;10;0,2624;0,1042;0,397103659;12,803;122,8694818;0,3149;11,2474272;156,864987;12,9792887;2,22630864;8,3953379;105,329757;13360,8702;0,21494731;3040,65543;34,162954;3,09110171;1520,65803;0,58066062;132,02754;0,1821;4817,886;26,45736409;1084,707;0,167879437;0,451;0,3431;147,806295;34,7695278;30,8504441;18132,1658;2,50067017;15,517386;308,796277;5185,57882;0,46186972;1589,52589;21,499884;2,36065847;3241,00019;11,7737838;587,336713;366;11,9075;7,32;203,9;9,98;2,37334952;0,04655244;0,62084487;3001,44916;0,61517831;0,03036145;0,02709166;7,63035036;431,209704;96,2990901;4,65548286;0,3562636;17,7548422;84,7286486;85,6358842;;;
24;Sal_Alb_3;Sal_Alb_3;Sal_Alb;Sal;Salicaceae;270;85,94366927;10;4,36008333;50,78460000;11;0,2094;0,0659;0,314708691;12,64;191,8057663;0,3149;11,2474272;156,864987;12,9792887;2,22630864;8,3953379;105,329757;13360,8702;0,21494731;3040,65543;34,162954;3,09110171;1520,65803;0,58066062;132,02754;0,1821;4817,886;26,45736409;1084,707;0,167879437;0,451;0,3431;147,806295;34,7695278;30,8504441;18132,1658;2,50067017;15,517386;308,796277;5185,57882;0,46186972;1589,52589;21,499884;2,36065847;3241,00019;11,7737838;587,336713;366;11,9075;7,32;203,9;9,98;2,37334952;0,04655244;0,62084487;3001,44916;0,61517831;0,03036145;0,02709166;7,63035036;431,209704;96,2990901;4,65548286;0,3562636;17,7548422;84,7286486;85,6358842;;;
24;Sal_Alb_3;Sal_Alb_3;Sal_Alb;Sal;Salicaceae;270;85,94366927;10;4,36008333;50,78460000;12;0,2371;0,0827;0,348797976;15,085;182,4062878;0,3149;11,2474272;156,864987;12,9792887;2,22630864;8,3953379;105,329757;13360,8702;0,21494731;3040,65543;34,162954;3,09110171;1520,65803;0,58066062;132,02754;0,1821;4817,886;26,45736409;1084,707;0,167879437;0,451;0,3431;147,806295;34,7695278;30,8504441;18132,1658;2,50067017;15,517386;308,796277;5185,57882;0,46186972;1589,52589;21,499884;2,36065847;3241,00019;11,7737838;587,336713;366;11,9075;7,32;203,9;9,98;2,37334952;0,04655244;0,62084487;3001,44916;0,61517831;0,03036145;0,02709166;7,63035036;431,209704;96,2990901;4,65548286;0,3562636;17,7548422;84,7286486;85,6358842;;;
24;Sal_Alb_3;Sal_Alb_3;Sal_Alb;Sal;Salicaceae;270;85,94366927;10;4,36008333;50,78460000;13;0,2234;0,0745;0,333482543;12,981;174,2416107;0,3149;11,2474272;156,864987;12,9792887;2,22630864;8,3953379;105,329757;13360,8702;0,21494731;3040,65543;34,162954;3,09110171;1520,65803;0,58066062;132,02754;0,1821;4817,886;26,45736409;1084,707;0,167879437;0,451;0,3431;147,806295;34,7695278;30,8504441;18132,1658;2,50067017;15,517386;308,796277;5185,57882;0,46186972;1589,52589;21,499884;2,36065847;3241,00019;11,7737838;587,336713;366;11,9075;7,32;203,9;9,98;2,37334952;0,04655244;0,62084487;3001,44916;0,61517831;0,03036145;0,02709166;7,63035036;431,209704;96,2990901;4,65548286;0,3562636;17,7548422;84,7286486;85,6358842;;;
24;Sal_Alb_3;Sal_Alb_3;Sal_Alb;Sal;Salicaceae;270;85,94366927;10;4,36008333;50,78460000;14;0,3497;0,1271;0,363454389;18,896;148,6703383;0,3149;11,2474272;156,864987;12,9792887;2,22630864;8,3953379;105,329757;13360,8702;0,21494731;3040,65543;34,162954;3,09110171;1520,65803;0,58066062;132,02754;0,1821;4817,886;26,45736409;1084,707;0,167879437;0,451;0,3431;147,806295;34,7695278;30,8504441;18132,1658;2,50067017;15,517386;308,796277;5185,57882;0,46186972;1589,52589;21,499884;2,36065847;3241,00019;11,7737838;587,336713;366;11,9075;7,32;203,9;9,98;2,37334952;0,04655244;0,62084487;3001,44916;0,61517831;0,03036145;0,02709166;7,63035036;431,209704;96,2990901;4,65548286;0,3562636;17,7548422;84,7286486;85,6358842;;;
25;Ace_Pla_1_(1);Ace_Pla_1;Ace_Pla;Ace;Sapindaceae;78,53981634;25;4;4,35858333;50,78496667;1;0,7432;0,3032;0,407965554;111,356;367,2691293;0,3262;19,5331206;55,2969995;25,0649805;0,077912;5,64744049;91,5041267;11204,1399;0,07127151;2556,55069;40,245439;0,99340862;1867,46826;0,42968018;55,5033907;0,414;5363,9505;14,18507848;2692,982;0,150769336;0,6275;0,3228;798,306706;16,6269302;30,459969;12657,6627;1,05691224;22,9425049;1663,69216;8681,05796;0,7374036;1821,24624;93,3094804;5,21281923;2861,23378;20,682948;169,725075;350,33;9,8134;7,28;111,1;9,99;1,50143284;0,02724644;0,43522244;2968,17482;0,17174886;0,02135634;0,01166683;6,75379618;83,351355;35,2891688;6,00622632;0,3296458;8,71450259;9,86572203;18,6818756;;;
25;Ace_Pla_1_(1);Ace_Pla_1;Ace_Pla;Ace;Sapindaceae;78,53981634;25;4;4,35858333;50,78496667;2;0,7452;0,2431;0,326221149;92,095;378,83587;0,3262;19,5331206;55,2969995;25,0649805;0,077912;5,64744049;91,5041267;11204,1399;0,07127151;2556,55069;40,245439;0,99340862;1867,46826;0,42968018;55,5033907;0,414;5363,9505;14,18507848;2692,982;0,150769336;0,6275;0,3228;798,306706;16,6269302;30,459969;12657,6627;1,05691224;22,9425049;1663,69216;8681,05796;0,7374036;1821,24624;93,3094804;5,21281923;2861,23378;20,682948;169,725075;350,33;9,8134;7,28;111,1;9,99;1,50143284;0,02724644;0,43522244;2968,17482;0,17174886;0,02135634;0,01166683;6,75379618;83,351355;35,2891688;6,00622632;0,3296458;8,71450259;9,86572203;18,6818756;;;
25;Ace_Pla_1_(2);Ace_Pla_1;Ace_Pla;Ace;Sapindaceae;78,53981634;25;4;4,35858333;50,78496667;1;0,9042;0,2433;0,269077638;87,025;357,6859844;0,3036;15,1687923;49,5439569;25,3441836;0,07834914;5,29952661;71,7878051;10269,7217;0,07372362;2440,29659;34,6403039;1,05435893;1647,64151;0,45001913;52,8497967;0,414;5363,9505;14,18507848;2692,982;0,150769336;0,6275;0,3228;798,306706;16,6269302;30,459969;12657,6627;1,05691224;22,9425049;1663,69216;8681,05796;0,7374036;1821,24624;93,3094804;5,21281923;2861,23378;20,682948;169,725075;350,33;9,8134;7,28;111,1;9,99;1,50143284;0,02724644;0,43522244;2968,17482;0,17174886;0,02135634;0,01166683;6,75379618;83,351355;35,2891688;6,00622632;0,3296458;8,71450259;9,86572203;18,6818756;;;
25;Ace_Pla_1_(2);Ace_Pla_1;Ace_Pla;Ace;Sapindaceae;78,53981634;25;4;4,35858333;50,78496667;2;0,7521;0,2437;0,32402606;88,66;363,8079606;0,3036;15,1687923;49,5439569;25,3441836;0,07834914;5,29952661;71,7878051;10269,7217;0,07372362;2440,29659;34,6403039;1,05435893;1647,64151;0,45001913;52,8497967;0,414;5363,9505;14,18507848;2692,982;0,150769336;0,6275;0,3228;798,306706;16,6269302;30,459969;12657,6627;1,05691224;22,9425049;1663,69216;8681,05796;0,7374036;1821,24624;93,3094804;5,21281923;2861,23378;20,682948;169,725075;350,33;9,8134;7,28;111,1;9,99;1,50143284;0,02724644;0,43522244;2968,17482;0,17174886;0,02135634;0,01166683;6,75379618;83,351355;35,2891688;6,00622632;0,3296458;8,71450259;9,86572203;18,6818756;;;
26;Ace_Pla_2_(1);Ace_Pla_2;Ace_Pla;Ace;Sapindaceae;62,83185307;20;6;4,35875000;50,78528333;1;0,708;0,2214;0,312711864;83,003;374,9006323;0,3397;19,0501641;53,1198018;21,8772659;0,09643222;5,63107831;88,8399521;13572,6225;0,05937281;2305,42499;86,0238588;1,67930032;2715,82083;0,4495299;49,2208899;0,3052;7025,897;23,02063237;3008,691;0,101439463;0,592;0,3644;830,995949;23,8416707;28,8098739;10317,8772;4,1505312;39,2120965;1260,47429;13376,7849;0,39324445;1840,53808;142,365543;6,15712633;3826,11869;7,50844812;311,157517;;0;;;;;;;;;;;;;;;;;;;;;
26;Ace_Pla_2_(1);Ace_Pla_2;Ace_Pla;Ace;Sapindaceae;62,83185307;20;6;4,35875000;50,78528333;2;0,8427;0,2102;0,249436336;93,322;443,9676499;0,3397;19,0501641;53,1198018;21,8772659;0,09643222;5,63107831;88,8399521;13572,6225;0,05937281;2305,42499;86,0238588;1,67930032;2715,82083;0,4495299;49,2208899;0,3052;7025,897;23,02063237;3008,691;0,101439463;0,592;0,3644;830,995949;23,8416707;28,8098739;10317,8772;4,1505312;39,2120965;1260,47429;13376,7849;0,39324445;1840,53808;142,365543;6,15712633;3826,11869;7,50844812;311,157517;;0;;;;;;;;;;;;;;;;;;;;;
26;Ace_Pla_2_(1);Ace_Pla_2;Ace_Pla;Ace;Sapindaceae;62,83185307;20;6;4,35875000;50,78528333;3;0,7185;0,2271;0,316075157;81,75;359,9735799;0,3397;19,0501641;53,1198018;21,8772659;0,09643222;5,63107831;88,8399521;13572,6225;0,05937281;2305,42499;86,0238588;1,67930032;2715,82083;0,4495299;49,2208899;0,3052;7025,897;23,02063237;3008,691;0,101439463;0,592;0,3644;830,995949;23,8416707;28,8098739;10317,8772;4,1505312;39,2120965;1260,47429;13376,7849;0,39324445;1840,53808;142,365543;6,15712633;3826,11869;7,50844812;311,157517;;0;;;;;;;;;;;;;;;;;;;;;
26;Ace_Pla_2_(1);Ace_Pla_2;Ace_Pla;Ace;Sapindaceae;62,83185307;20;6;4,35875000;50,78528333;4;0,5401;0,1687;0,312349565;65,295;387,0480142;0,3397;19,0501641;53,1198018;21,8772659;0,09643222;5,63107831;88,8399521;13572,6225;0,05937281;2305,42499;86,0238588;1,67930032;2715,82083;0,4495299;49,2208899;0,3052;7025,897;23,02063237;3008,691;0,101439463;0,592;0,3644;830,995949;23,8416707;28,8098739;10317,8772;4,1505312;39,2120965;1260,47429;13376,7849;0,39324445;1840,53808;142,365543;6,15712633;3826,11869;7,50844812;311,157517;;0;;;;;;;;;;;;;;;;;;;;;
27;Ace_Pla_2_(2);Ace_Pla_2;Ace_Pla;Ace;Sapindaceae;27,5;8,75352187;13;4,35835000;50,78426667;1;1,5068;;0;165,293;;0,3796;50,5483836;44,3263487;24,94231;0,26819557;5,48873595;137,025553;8595,82738;0,09197553;2398,61475;211,602295;2,18959873;1598,0742;0,7648824;55,9685505;0,3052;7025,897;23,02063237;3008,691;0,101439463;0,592;0,3644;830,995949;23,8416707;28,8098739;10317,8772;4,1505312;39,2120965;1260,47429;13376,7849;0,39324445;1840,53808;142,365543;6,15712633;3826,11869;7,50844812;311,157517;;0;;;;;;;;;;;;;;;;;;;;;
27;Ace_Pla_2_(2);Ace_Pla_2;Ace_Pla;Ace;Sapindaceae;27,5;8,75352187;13;4,35835000;50,78426667;2;0,5899;;0;65,954;;0,3796;50,5483836;44,3263487;24,94231;0,26819557;5,48873595;137,025553;8595,82738;0,09197553;2398,61475;211,602295;2,18959873;1598,0742;0,7648824;55,9685505;0,3052;7025,897;23,02063237;3008,691;0,101439463;0,592;0,3644;830,995949;23,8416707;28,8098739;10317,8772;4,1505312;39,2120965;1260,47429;13376,7849;0,39324445;1840,53808;142,365543;6,15712633;3826,11869;7,50844812;311,157517;;0;;;;;;;;;;;;;;;;;;;;;
27;Ace_Pla_2_(2);Ace_Pla_2;Ace_Pla;Ace;Sapindaceae;27,5;8,75352187;13;4,35835000;50,78426667;3;0,9333;;0;104,57;;0,3796;50,5483836;44,3263487;24,94231;0,26819557;5,48873595;137,025553;8595,82738;0,09197553;2398,61475;211,602295;2,18959873;1598,0742;0,7648824;55,9685505;0,3052;7025,897;23,02063237;3008,691;0,101439463;0,592;0,3644;830,995949;23,8416707;28,8098739;10317,8772;4,1505312;39,2120965;1260,47429;13376,7849;0,39324445;1840,53808;142,365543;6,15712633;3826,11869;7,50844812;311,157517;;0;;;;;;;;;;;;;;;;;;;;;
27;Ace_Pla_2_(2);Ace_Pla_2;Ace_Pla;Ace;Sapindaceae;27,5;8,75352187;13;4,35835000;50,78426667;4;0,4459;;0;56,722;;0,3796;50,5483836;44,3263487;24,94231;0,26819557;5,48873595;137,025553;8595,82738;0,09197553;2398,61475;211,602295;2,18959873;1598,0742;0,7648824;55,9685505;0,3052;7025,897;23,02063237;3008,691;0,101439463;0,592;0,3644;830,995949;23,8416707;28,8098739;10317,8772;4,1505312;39,2120965;1260,47429;13376,7849;0,39324445;1840,53808;142,365543;6,15712633;3826,11869;7,50844812;311,157517;;0;;;;;;;;;;;;;;;;;;;;;
27;Ace_Pla_2_(2);Ace_Pla_2;Ace_Pla;Ace;Sapindaceae;27,5;8,75352187;13;4,35835000;50,78426667;5;0,4787;;0;62,773;;0,3796;50,5483836;44,3263487;24,94231;0,26819557;5,48873595;137,025553;8595,82738;0,09197553;2398,61475;211,602295;2,18959873;1598,0742;0,7648824;55,9685505;0,3052;7025,897;23,02063237;3008,691;0,101439463;0,592;0,3644;830,995949;23,8416707;28,8098739;10317,8772;4,1505312;39,2120965;1260,47429;13376,7849;0,39324445;1840,53808;142,365543;6,15712633;3826,11869;7,50844812;311,157517;;0;;;;;;;;;;;;;;;;;;;;;
27;Ace_Pla_2_(2);Ace_Pla_2;Ace_Pla;Ace;Sapindaceae;27,5;8,75352187;13;4,35835000;50,78426667;6;1,0577;;0;124,251;;0,3796;50,5483836;44,3263487;24,94231;0,26819557;5,48873595;137,025553;8595,82738;0,09197553;2398,61475;211,602295;2,18959873;1598,0742;0,7648824;55,9685505;0,3052;7025,897;23,02063237;3008,691;0,101439463;0,592;0,3644;830,995949;23,8416707;28,8098739;10317,8772;4,1505312;39,2120965;1260,47429;13376,7849;0,39324445;1840,53808;142,365543;6,15712633;3826,11869;7,50844812;311,157517;;0;;;;;;;;;;;;;;;;;;;;;
27;Ace_Pla_2_(2);Ace_Pla_2;Ace_Pla;Ace;Sapindaceae;27,5;8,75352187;13;4,35835000;50,78426667;7;0,7273;;0;81,505;;0,3796;50,5483836;44,3263487;24,94231;0,26819557;5,48873595;137,025553;8595,82738;0,09197553;2398,61475;211,602295;2,18959873;1598,0742;0,7648824;55,9685505;0,3052;7025,897;23,02063237;3008,691;0,101439463;0,592;0,3644;830,995949;23,8416707;28,8098739;10317,8772;4,1505312;39,2120965;1260,47429;13376,7849;0,39324445;1840,53808;142,365543;6,15712633;3826,11869;7,50844812;311,157517;;0;;;;;;;;;;;;;;;;;;;;;
27;Ace_Pla_2_(2);Ace_Pla_2;Ace_Pla;Ace;Sapindaceae;27,5;8,75352187;13;4,35835000;50,78426667;8;0,3489;;0;46,706;;0,3796;50,5483836;44,3263487;24,94231;0,26819557;5,48873595;137,025553;8595,82738;0,09197553;2398,61475;211,602295;2,18959873;1598,0742;0,7648824;55,9685505;0,3052;7025,897;23,02063237;3008,691;0,101439463;0,592;0,3644;830,995949;23,8416707;28,8098739;10317,8772;4,1505312;39,2120965;1260,47429;13376,7849;0,39324445;1840,53808;142,365543;6,15712633;3826,11869;7,50844812;311,157517;;0;;;;;;;;;;;;;;;;;;;;;
28;Ace_Pla_3;Ace_Pla_3;Ace_Pla;Ace;Sapindaceae;29,5;9,390141642;3;4,36031667;50,78510000;1;0,1345;0,0538;0,4;22,308;414,6468401;0,3233;18,6242826;38,357632;18,1793699;0,02212133;4,51648623;84,4569546;8019,54343;0,06361188;2390,62962;23,0577043;1,31263808;1272,79292;0,55790647;38,9396472;0,2315;6923,654;29,90779266;1960,631;0,118074232;0,494;;;;;;;;;;;;;;;;;369,01;20,1699;6,32;343,8;9,98;1,25231319;0,03642398;0,49159108;3488,11516;0,13135923;0,01472593;0,02890657;1,76540517;97,7969594;51,9865446;6,34723543;0,11484238;6,23214214;19,3056729;28,8500249;;;
28;Ace_Pla_3;Ace_Pla_3;Ace_Pla;Ace;Sapindaceae;29,5;9,390141642;3;4,36031667;50,78510000;2;0,3682;0,1292;0,350896252;52,116;403,374613;0,3233;18,6242826;38,357632;18,1793699;0,02212133;4,51648623;84,4569546;8019,54343;0,06361188;2390,62962;23,0577043;1,31263808;1272,79292;0,55790647;38,9396472;0,2315;6923,654;29,90779266;1960,631;0,118074232;0,494;;;;;;;;;;;;;;;;;369,01;20,1699;6,32;343,8;9,98;1,25231319;0,03642398;0,49159108;3488,11516;0,13135923;0,01472593;0,02890657;1,76540517;97,7969594;51,9865446;6,34723543;0,11484238;6,23214214;19,3056729;28,8500249;;;
28;Ace_Pla_3;Ace_Pla_3;Ace_Pla;Ace;Sapindaceae;29,5;9,390141642;3;4,36031667;50,78510000;3;0,6748;0,2739;0,405898044;102,737;375,0894487;0,3233;18,6242826;38,357632;18,1793699;0,02212133;4,51648623;84,4569546;8019,54343;0,06361188;2390,62962;23,0577043;1,31263808;1272,79292;0,55790647;38,9396472;0,2315;6923,654;29,90779266;1960,631;0,118074232;0,494;;;;;;;;;;;;;;;;;369,01;20,1699;6,32;343,8;9,98;1,25231319;0,03642398;0,49159108;3488,11516;0,13135923;0,01472593;0,02890657;1,76540517;97,7969594;51,9865446;6,34723543;0,11484238;6,23214214;19,3056729;28,8500249;;;
28;Ace_Pla_3;Ace_Pla_3;Ace_Pla;Ace;Sapindaceae;29,5;9,390141642;3;4,36031667;50,78510000;4;0,1304;0,0564;0,432515337;21,772;386,0283688;0,3233;18,6242826;38,357632;18,1793699;0,02212133;4,51648623;84,4569546;8019,54343;0,06361188;2390,62962;23,0577043;1,31263808;1272,79292;0,55790647;38,9396472;0,2315;6923,654;29,90779266;1960,631;0,118074232;0,494;;;;;;;;;;;;;;;;;369,01;20,1699;6,32;343,8;9,98;1,25231319;0,03642398;0,49159108;3488,11516;0,13135923;0,01472593;0,02890657;1,76540517;97,7969594;51,9865446;6,34723543;0,11484238;6,23214214;19,3056729;28,8500249;;;
28;Ace_Pla_3;Ace_Pla_3;Ace_Pla;Ace;Sapindaceae;29,5;9,390141642;3;4,36031667;50,78510000;5;0,5786;0,207;0,357760111;81,309;392,7971014;0,3233;18,6242826;38,357632;18,1793699;0,02212133;4,51648623;84,4569546;8019,54343;0,06361188;2390,62962;23,0577043;1,31263808;1272,79292;0,55790647;38,9396472;0,2315;6923,654;29,90779266;1960,631;0,118074232;0,494;;;;;;;;;;;;;;;;;369,01;20,1699;6,32;343,8;9,98;1,25231319;0,03642398;0,49159108;3488,11516;0,13135923;0,01472593;0,02890657;1,76540517;97,7969594;51,9865446;6,34723543;0,11484238;6,23214214;19,3056729;28,8500249;;;
29;Cor_San_1;Cor_San_1;Cor_San;Cor;Cornaceae;12,56637061;4;4;4,35866667;50,78523333;1;0,4239;0,122;0,287803727;33,149;271,7131148;0,3563;33,7811654;50,3078388;35,0037857;0,01116628;5,40405242;99,6010901;20145,5306;0,11878982;4402,43651;26,9331173;1,02006493;1844,19714;0,58691756;19,0513391;0,5867;3549,418;6,04980058;1928,562;0,304216302;0,699;0,3277;1250,95563;21,7547715;25,3771584;10320,5511;8,79980927;13,0096974;2101,90468;6906,73179;0,59894788;1997,64497;127,884805;5,3768356;2917,65808;14,1778488;392,494003;361,63;0;6,64;4,06;10,01;4,33959236;0,01711685;0,33472823;2478,75435;0,08302555;0,04262171;0,03918277;0,95521532;158,990477;181,24016;4,44417626;0,36897099;2,11366735;4,15681917;8,75631664;;;
29;Cor_San_1;Cor_San_1;Cor_San;Cor;Cornaceae;12,56637061;4;4;4,35866667;50,78523333;2;0,4682;0,1399;0,29880393;34,111;243,8241601;0,3563;33,7811654;50,3078388;35,0037857;0,01116628;5,40405242;99,6010901;20145,5306;0,11878982;4402,43651;26,9331173;1,02006493;1844,19714;0,58691756;19,0513391;0,5867;3549,418;6,04980058;1928,562;0,304216302;0,699;0,3277;1250,95563;21,7547715;25,3771584;10320,5511;8,79980927;13,0096974;2101,90468;6906,73179;0,59894788;1997,64497;127,884805;5,3768356;2917,65808;14,1778488;392,494003;361,63;0;6,64;4,06;10,01;4,33959236;0,01711685;0,33472823;2478,75435;0,08302555;0,04262171;0,03918277;0,95521532;158,990477;181,24016;4,44417626;0,36897099;2,11366735;4,15681917;8,75631664;;;
29;Cor_San_1;Cor_San_1;Cor_San;Cor;Cornaceae;12,56637061;4;4;4,35866667;50,78523333;3;0,5553;0,1684;0,303259499;42,105;250,0296912;0,3563;33,7811654;50,3078388;35,0037857;0,01116628;5,40405242;99,6010901;20145,5306;0,11878982;4402,43651;26,9331173;1,02006493;1844,19714;0,58691756;19,0513391;0,5867;3549,418;6,04980058;1928,562;0,304216302;0,699;0,3277;1250,95563;21,7547715;25,3771584;10320,5511;8,79980927;13,0096974;2101,90468;6906,73179;0,59894788;1997,64497;127,884805;5,3768356;2917,65808;14,1778488;392,494003;361,63;0;6,64;4,06;10,01;4,33959236;0,01711685;0,33472823;2478,75435;0,08302555;0,04262171;0,03918277;0,95521532;158,990477;181,24016;4,44417626;0,36897099;2,11366735;4,15681917;8,75631664;;;
29;Cor_San_1;Cor_San_1;Cor_San;Cor;Cornaceae;12,56637061;4;4;4,35866667;50,78523333;4;0,3952;0,1177;0,297823887;30,299;257,4256585;0,3563;33,7811654;50,3078388;35,0037857;0,01116628;5,40405242;99,6010901;20145,5306;0,11878982;4402,43651;26,9331173;1,02006493;1844,19714;0,58691756;19,0513391;0,5867;3549,418;6,04980058;1928,562;0,304216302;0,699;0,3277;1250,95563;21,7547715;25,3771584;10320,5511;8,79980927;13,0096974;2101,90468;6906,73179;0,59894788;1997,64497;127,884805;5,3768356;2917,65808;14,1778488;392,494003;361,63;0;6,64;4,06;10,01;4,33959236;0,01711685;0,33472823;2478,75435;0,08302555;0,04262171;0,03918277;0,95521532;158,990477;181,24016;4,44417626;0,36897099;2,11366735;4,15681917;8,75631664;;;
29;Cor_San_1;Cor_San_1;Cor_San;Cor;Cornaceae;12,56637061;4;4;4,35866667;50,78523333;5;0,2734;0,0877;0,320775421;23,984;273,4777651;0,3563;33,7811654;50,3078388;35,0037857;0,01116628;5,40405242;99,6010901;20145,5306;0,11878982;4402,43651;26,9331173;1,02006493;1844,19714;0,58691756;19,0513391;0,5867;3549,418;6,04980058;1928,562;0,304216302;0,699;0,3277;1250,95563;21,7547715;25,3771584;10320,5511;8,79980927;13,0096974;2101,90468;6906,73179;0,59894788;1997,64497;127,884805;5,3768356;2917,65808;14,1778488;392,494003;361,63;0;6,64;4,06;10,01;4,33959236;0,01711685;0,33472823;2478,75435;0,08302555;0,04262171;0,03918277;0,95521532;158,990477;181,24016;4,44417626;0,36897099;2,11366735;4,15681917;8,75631664;;;
29;Cor_San_1;Cor_San_1;Cor_San;Cor;Cornaceae;12,56637061;4;4;4,35866667;50,78523333;6;0,3045;0,099;0,325123153;27,162;274,3636364;0,3563;33,7811654;50,3078388;35,0037857;0,01116628;5,40405242;99,6010901;20145,5306;0,11878982;4402,43651;26,9331173;1,02006493;1844,19714;0,58691756;19,0513391;0,5867;3549,418;6,04980058;1928,562;0,304216302;0,699;0,3277;1250,95563;21,7547715;25,3771584;10320,5511;8,79980927;13,0096974;2101,90468;6906,73179;0,59894788;1997,64497;127,884805;5,3768356;2917,65808;14,1778488;392,494003;361,63;0;6,64;4,06;10,01;4,33959236;0,01711685;0,33472823;2478,75435;0,08302555;0,04262171;0,03918277;0,95521532;158,990477;181,24016;4,44417626;0,36897099;2,11366735;4,15681917;8,75631664;;;
29;Cor_San_1;Cor_San_1;Cor_San;Cor;Cornaceae;12,56637061;4;4;4,35866667;50,78523333;7;0,298;0,0872;0,29261745;27,798;318,7844037;0,3563;33,7811654;50,3078388;35,0037857;0,01116628;5,40405242;99,6010901;20145,5306;0,11878982;4402,43651;26,9331173;1,02006493;1844,19714;0,58691756;19,0513391;0,5867;3549,418;6,04980058;1928,562;0,304216302;0,699;0,3277;1250,95563;21,7547715;25,3771584;10320,5511;8,79980927;13,0096974;2101,90468;6906,73179;0,59894788;1997,64497;127,884805;5,3768356;2917,65808;14,1778488;392,494003;361,63;0;6,64;4,06;10,01;4,33959236;0,01711685;0,33472823;2478,75435;0,08302555;0,04262171;0,03918277;0,95521532;158,990477;181,24016;4,44417626;0,36897099;2,11366735;4,15681917;8,75631664;;;
29;Cor_San_1;Cor_San_1;Cor_San;Cor;Cornaceae;12,56637061;4;4;4,35866667;50,78523333;8;0,2692;0,0891;0,330980684;22,955;257,6318743;0,3563;33,7811654;50,3078388;35,0037857;0,01116628;5,40405242;99,6010901;20145,5306;0,11878982;4402,43651;26,9331173;1,02006493;1844,19714;0,58691756;19,0513391;0,5867;3549,418;6,04980058;1928,562;0,304216302;0,699;0,3277;1250,95563;21,7547715;25,3771584;10320,5511;8,79980927;13,0096974;2101,90468;6906,73179;0,59894788;1997,64497;127,884805;5,3768356;2917,65808;14,1778488;392,494003;361,63;0;6,64;4,06;10,01;4,33959236;0,01711685;0,33472823;2478,75435;0,08302555;0,04262171;0,03918277;0,95521532;158,990477;181,24016;4,44417626;0,36897099;2,11366735;4,15681917;8,75631664;;;
29;Cor_San_1;Cor_San_1;Cor_San;Cor;Cornaceae;12,56637061;4;4;4,35866667;50,78523333;9;0,185;0,0651;0,351891892;18,097;277,9877112;0,3563;33,7811654;50,3078388;35,0037857;0,01116628;5,40405242;99,6010901;20145,5306;0,11878982;4402,43651;26,9331173;1,02006493;1844,19714;0,58691756;19,0513391;0,5867;3549,418;6,04980058;1928,562;0,304216302;0,699;0,3277;1250,95563;21,7547715;25,3771584;10320,5511;8,79980927;13,0096974;2101,90468;6906,73179;0,59894788;1997,64497;127,884805;5,3768356;2917,65808;14,1778488;392,494003;361,63;0;6,64;4,06;10,01;4,33959236;0,01711685;0,33472823;2478,75435;0,08302555;0,04262171;0,03918277;0,95521532;158,990477;181,24016;4,44417626;0,36897099;2,11366735;4,15681917;8,75631664;;;
30;Cor_San_2;Cor_San_2;Cor_San;Cor;Cornaceae;6;1,909859317;4;4,35986667;50,78485000;1;0,4173;0,1241;0,29738797;36,032;290,3464948;0,3308;16,8574129;30,0109688;16,7751899;0,01190625;4,89705673;79,0284453;13435,7272;0,07006424;3610,70771;29,9395006;1,0389943;1494,01333;0,53686165;16,2183288;0,5153;4901,889;9,512689695;2836,972;0,181637323;0,666;0,3831;656,108468;19,9427009;24,6833454;16156,1504;16,8602503;13,223911;1113,65082;11514,8195;0,3920517;3315,69683;112,604299;3,39283912;2383,42408;148,849684;1665,60789;271,54;0;7,24;230;10,24;2,61155106;0,02983989;0,42266227;3166,92624;0,2450673;0,02416787;0,01833336;1,43415312;88,7047443;53,1058902;5,8563814;0,15360865;9,54500622;7,10398899;36,234486;;;
30;Cor_San_2;Cor_San_2;Cor_San;Cor;Cornaceae;6;1,909859317;4;4,35986667;50,78485000;2;0,2959;0,0934;0,315647178;29,792;318,9721627;0,3308;16,8574129;30,0109688;16,7751899;0,01190625;4,89705673;79,0284453;13435,7272;0,07006424;3610,70771;29,9395006;1,0389943;1494,01333;0,53686165;16,2183288;0,5153;4901,889;9,512689695;2836,972;0,181637323;0,666;0,3831;656,108468;19,9427009;24,6833454;16156,1504;16,8602503;13,223911;1113,65082;11514,8195;0,3920517;3315,69683;112,604299;3,39283912;2383,42408;148,849684;1665,60789;271,54;0;7,24;230;10,24;2,61155106;0,02983989;0,42266227;3166,92624;0,2450673;0,02416787;0,01833336;1,43415312;88,7047443;53,1058902;5,8563814;0,15360865;9,54500622;7,10398899;36,234486;;;
30;Cor_San_2;Cor_San_2;Cor_San;Cor;Cornaceae;6;1,909859317;4;4,35986667;50,78485000;3;0,2636;0,0867;0,328907436;26,923;310,5305652;0,3308;16,8574129;30,0109688;16,7751899;0,01190625;4,89705673;79,0284453;13435,7272;0,07006424;3610,70771;29,9395006;1,0389943;1494,01333;0,53686165;16,2183288;0,5153;4901,889;9,512689695;2836,972;0,181637323;0,666;0,3831;656,108468;19,9427009;24,6833454;16156,1504;16,8602503;13,223911;1113,65082;11514,8195;0,3920517;3315,69683;112,604299;3,39283912;2383,42408;148,849684;1665,60789;271,54;0;7,24;230;10,24;2,61155106;0,02983989;0,42266227;3166,92624;0,2450673;0,02416787;0,01833336;1,43415312;88,7047443;53,1058902;5,8563814;0,15360865;9,54500622;7,10398899;36,234486;;;
30;Cor_San_2;Cor_San_2;Cor_San;Cor;Cornaceae;6;1,909859317;4;4,35986667;50,78485000;4;0,4706;0,1489;0,31640459;42,66;286,5010074;0,3308;16,8574129;30,0109688;16,7751899;0,01190625;4,89705673;79,0284453;13435,7272;0,07006424;3610,70771;29,9395006;1,0389943;1494,01333;0,53686165;16,2183288;0,5153;4901,889;9,512689695;2836,972;0,181637323;0,666;0,3831;656,108468;19,9427009;24,6833454;16156,1504;16,8602503;13,223911;1113,65082;11514,8195;0,3920517;3315,69683;112,604299;3,39283912;2383,42408;148,849684;1665,60789;271,54;0;7,24;230;10,24;2,61155106;0,02983989;0,42266227;3166,92624;0,2450673;0,02416787;0,01833336;1,43415312;88,7047443;53,1058902;5,8563814;0,15360865;9,54500622;7,10398899;36,234486;;;
30;Cor_San_2;Cor_San_2;Cor_San;Cor;Cornaceae;6;1,909859317;4;4,35986667;50,78485000;5;0,2264;0,071;0,31360424;19,622;276,3661972;0,3308;16,8574129;30,0109688;16,7751899;0,01190625;4,89705673;79,0284453;13435,7272;0,07006424;3610,70771;29,9395006;1,0389943;1494,01333;0,53686165;16,2183288;0,5153;4901,889;9,512689695;2836,972;0,181637323;0,666;0,3831;656,108468;19,9427009;24,6833454;16156,1504;16,8602503;13,223911;1113,65082;11514,8195;0,3920517;3315,69683;112,604299;3,39283912;2383,42408;148,849684;1665,60789;271,54;0;7,24;230;10,24;2,61155106;0,02983989;0,42266227;3166,92624;0,2450673;0,02416787;0,01833336;1,43415312;88,7047443;53,1058902;5,8563814;0,15360865;9,54500622;7,10398899;36,234486;;;
30;Cor_San_2;Cor_San_2;Cor_San;Cor;Cornaceae;6;1,909859317;4;4,35986667;50,78485000;6;0,375;0,1197;0,3192;36,208;302,4895572;0,3308;16,8574129;30,0109688;16,7751899;0,01190625;4,89705673;79,0284453;13435,7272;0,07006424;3610,70771;29,9395006;1,0389943;1494,01333;0,53686165;16,2183288;0,5153;4901,889;9,512689695;2836,972;0,181637323;0,666;0,3831;656,108468;19,9427009;24,6833454;16156,1504;16,8602503;13,223911;1113,65082;11514,8195;0,3920517;3315,69683;112,604299;3,39283912;2383,42408;148,849684;1665,60789;271,54;0;7,24;230;10,24;2,61155106;0,02983989;0,42266227;3166,92624;0,2450673;0,02416787;0,01833336;1,43415312;88,7047443;53,1058902;5,8563814;0,15360865;9,54500622;7,10398899;36,234486;;;
30;Cor_San_2;Cor_San_2;Cor_San;Cor;Cornaceae;6;1,909859317;4;4,35986667;50,78485000;7;0,3393;0,1092;0,32183908;31,689;290,1923077;0,3308;16,8574129;30,0109688;16,7751899;0,01190625;4,89705673;79,0284453;13435,7272;0,07006424;3610,70771;29,9395006;1,0389943;1494,01333;0,53686165;16,2183288;0,5153;4901,889;9,512689695;2836,972;0,181637323;0,666;0,3831;656,108468;19,9427009;24,6833454;16156,1504;16,8602503;13,223911;1113,65082;11514,8195;0,3920517;3315,69683;112,604299;3,39283912;2383,42408;148,849684;1665,60789;271,54;0;7,24;230;10,24;2,61155106;0,02983989;0,42266227;3166,92624;0,2450673;0,02416787;0,01833336;1,43415312;88,7047443;53,1058902;5,8563814;0,15360865;9,54500622;7,10398899;36,234486;;;
31;Cor_San_3;Cor_San_3;Cor_San;Cor;Cornaceae;4;1,273239545;4;4,35993333;50,78525000;1;0,2922;0,083;0,284052019;31,137;375,1445783;0,3054;27,1992762;41,9693898;23,4479806;0,01943216;6,98433896;104,843111;16610,02;0,09244673;4266,58807;28,6581961;1,7348803;1677,79068;0,48408328;29,8527384;0,2838;4498,007;15,84921424;1278,498;0,221979229;0,51;0,3554;2527,12735;19,2848146;40,0645555;11996,8265;8,12205631;36,4482481;5343,07066;16191,5613;2,36257471;3283,41459;356,553419;8,55491205;2957,56386;26,8206433;641,074513;208,63;12,0395;6,89;130,4;10,27;3,00882398;0,01671656;0,19952699;2533,02349;0,16061359;0,11868565;0,01954782;4,95431814;108,307983;106,86739;20,7586413;0,76570185;2,13637806;7,92391977;20,8065755;;;
31;Cor_San_3;Cor_San_3;Cor_San;Cor;Cornaceae;4;1,273239545;4;4,35993333;50,78525000;2;0,1499;0,0407;0,271514343;16,38;402,4570025;0,3054;27,1992762;41,9693898;23,4479806;0,01943216;6,98433896;104,843111;16610,02;0,09244673;4266,58807;28,6581961;1,7348803;1677,79068;0,48408328;29,8527384;0,2838;4498,007;15,84921424;1278,498;0,221979229;0,51;0,3554;2527,12735;19,2848146;40,0645555;11996,8265;8,12205631;36,4482481;5343,07066;16191,5613;2,36257471;3283,41459;356,553419;8,55491205;2957,56386;26,8206433;641,074513;208,63;12,0395;6,89;130,4;10,27;3,00882398;0,01671656;0,19952699;2533,02349;0,16061359;0,11868565;0,01954782;4,95431814;108,307983;106,86739;20,7586413;0,76570185;2,13637806;7,92391977;20,8065755;;;
31;Cor_San_3;Cor_San_3;Cor_San;Cor;Cornaceae;4;1,273239545;4;4,35993333;50,78525000;3;0,2088;0,0554;0,26532567;21,726;392,166065;0,3054;27,1992762;41,9693898;23,4479806;0,01943216;6,98433896;104,843111;16610,02;0,09244673;4266,58807;28,6581961;1,7348803;1677,79068;0,48408328;29,8527384;0,2838;4498,007;15,84921424;1278,498;0,221979229;0,51;0,3554;2527,12735;19,2848146;40,0645555;11996,8265;8,12205631;36,4482481;5343,07066;16191,5613;2,36257471;3283,41459;356,553419;8,55491205;2957,56386;26,8206433;641,074513;208,63;12,0395;6,89;130,4;10,27;3,00882398;0,01671656;0,19952699;2533,02349;0,16061359;0,11868565;0,01954782;4,95431814;108,307983;106,86739;20,7586413;0,76570185;2,13637806;7,92391977;20,8065755;;;
31;Cor_San_3;Cor_San_3;Cor_San;Cor;Cornaceae;4;1,273239545;4;4,35993333;50,78525000;4;0,3579;0,0966;0,269907795;36,048;373,1677019;0,3054;27,1992762;41,9693898;23,4479806;0,01943216;6,98433896;104,843111;16610,02;0,09244673;4266,58807;28,6581961;1,7348803;1677,79068;0,48408328;29,8527384;0,2838;4498,007;15,84921424;1278,498;0,221979229;0,51;0,3554;2527,12735;19,2848146;40,0645555;11996,8265;8,12205631;36,4482481;5343,07066;16191,5613;2,36257471;3283,41459;356,553419;8,55491205;2957,56386;26,8206433;641,074513;208,63;12,0395;6,89;130,4;10,27;3,00882398;0,01671656;0,19952699;2533,02349;0,16061359;0,11868565;0,01954782;4,95431814;108,307983;106,86739;20,7586413;0,76570185;2,13637806;7,92391977;20,8065755;;;
31;Cor_San_3;Cor_San_3;Cor_San;Cor;Cornaceae;4;1,273239545;4;4,35993333;50,78525000;5;0,2867;0,089;0,31042902;29,319;329,4269663;0,3054;27,1992762;41,9693898;23,4479806;0,01943216;6,98433896;104,843111;16610,02;0,09244673;4266,58807;28,6581961;1,7348803;1677,79068;0,48408328;29,8527384;0,2838;4498,007;15,84921424;1278,498;0,221979229;0,51;0,3554;2527,12735;19,2848146;40,0645555;11996,8265;8,12205631;36,4482481;5343,07066;16191,5613;2,36257471;3283,41459;356,553419;8,55491205;2957,56386;26,8206433;641,074513;208,63;12,0395;6,89;130,4;10,27;3,00882398;0,01671656;0,19952699;2533,02349;0,16061359;0,11868565;0,01954782;4,95431814;108,307983;106,86739;20,7586413;0,76570185;2,13637806;7,92391977;20,8065755;;;
31;Cor_San_3;Cor_San_3;Cor_San;Cor;Cornaceae;4;1,273239545;4;4,35993333;50,78525000;6;0,2402;0,0729;0,303497086;24,839;340,7270233;0,3054;27,1992762;41,9693898;23,4479806;0,01943216;6,98433896;104,843111;16610,02;0,09244673;4266,58807;28,6581961;1,7348803;1677,79068;0,48408328;29,8527384;0,2838;4498,007;15,84921424;1278,498;0,221979229;0,51;0,3554;2527,12735;19,2848146;40,0645555;11996,8265;8,12205631;36,4482481;5343,07066;16191,5613;2,36257471;3283,41459;356,553419;8,55491205;2957,56386;26,8206433;641,074513;208,63;12,0395;6,89;130,4;10,27;3,00882398;0,01671656;0,19952699;2533,02349;0,16061359;0,11868565;0,01954782;4,95431814;108,307983;106,86739;20,7586413;0,76570185;2,13637806;7,92391977;20,8065755;;;
31;Cor_San_3;Cor_San_3;Cor_San;Cor;Cornaceae;4;1,273239545;4;4,35993333;50,78525000;7;0,2442;0,074;0,303030303;26,04;351,8918919;0,3054;27,1992762;41,9693898;23,4479806;0,01943216;6,98433896;104,843111;16610,02;0,09244673;4266,58807;28,6581961;1,7348803;1677,79068;0,48408328;29,8527384;0,2838;4498,007;15,84921424;1278,498;0,221979229;0,51;0,3554;2527,12735;19,2848146;40,0645555;11996,8265;8,12205631;36,4482481;5343,07066;16191,5613;2,36257471;3283,41459;356,553419;8,55491205;2957,56386;26,8206433;641,074513;208,63;12,0395;6,89;130,4;10,27;3,00882398;0,01671656;0,19952699;2533,02349;0,16061359;0,11868565;0,01954782;4,95431814;108,307983;106,86739;20,7586413;0,76570185;2,13637806;7,92391977;20,8065755;;;
31;Cor_San_3;Cor_San_3;Cor_San;Cor;Cornaceae;4;1,273239545;4;4,35993333;50,78525000;8;0,1024;0,0307;0,299804688;9,144;297,8501629;0,3054;27,1992762;41,9693898;23,4479806;0,01943216;6,98433896;104,843111;16610,02;0,09244673;4266,58807;28,6581961;1,7348803;1677,79068;0,48408328;29,8527384;0,2838;4498,007;15,84921424;1278,498;0,221979229;0,51;0,3554;2527,12735;19,2848146;40,0645555;11996,8265;8,12205631;36,4482481;5343,07066;16191,5613;2,36257471;3283,41459;356,553419;8,55491205;2957,56386;26,8206433;641,074513;208,63;12,0395;6,89;130,4;10,27;3,00882398;0,01671656;0,19952699;2533,02349;0,16061359;0,11868565;0,01954782;4,95431814;108,307983;106,86739;20,7586413;0,76570185;2,13637806;7,92391977;20,8065755;;;
31;Cor_San_3;Cor_San_3;Cor_San;Cor;Cornaceae;4;1,273239545;4;4,35993333;50,78525000;9;0,145;0,0411;0,283448276;15,687;381,6788321;0,3054;27,1992762;41,9693898;23,4479806;0,01943216;6,98433896;104,843111;16610,02;0,09244673;4266,58807;28,6581961;1,7348803;1677,79068;0,48408328;29,8527384;0,2838;4498,007;15,84921424;1278,498;0,221979229;0,51;0,3554;2527,12735;19,2848146;40,0645555;11996,8265;8,12205631;36,4482481;5343,07066;16191,5613;2,36257471;3283,41459;356,553419;8,55491205;2957,56386;26,8206433;641,074513;208,63;12,0395;6,89;130,4;10,27;3,00882398;0,01671656;0,19952699;2533,02349;0,16061359;0,11868565;0,01954782;4,95431814;108,307983;106,86739;20,7586413;0,76570185;2,13637806;7,92391977;20,8065755;;;
32;Cor_Ave_1;Cor_Ave_1;Cor_Ave;Cor;Betulaceae;15,70796327;5;3;4,35896667;50,78538333;1;1,4569;0,5285;0,362756538;159,214;301,256386;0,312;49,3567993;73,6928736;16,1495173;0,01080975;7,03328485;140,726873;17646,8769;0,12349568;2601,85652;108,874677;1,8474525;1841,89493;0,56842403;20,5598662;0,2893;4805,031;16,6091635;2898,848;0,099798265;0,677;0,3274;986,671469;20,6079211;27,0583467;13416,4864;1,4879747;15,5195418;1756,95517;4480,74366;0,73073514;1651,3083;77,157051;6,60194724;1891,54527;9,52136202;234,665279;363,94;23,2168;7,55;99,8;10,17;1,58050629;0,02396236;0,42283562;2815,8282;0,12062121;0,03183448;0,01503836;0,88058431;105,477212;55,2818557;11,6018307;0,19538249;15,4296606;3,2767672;12,2547173;;;
32;Cor_Ave_1;Cor_Ave_1;Cor_Ave;Cor;Betulaceae;15,70796327;5;3;4,35896667;50,78538333;2;0,4268;0,1402;0,328491097;59,297;422,9457917;0,312;49,3567993;73,6928736;16,1495173;0,01080975;7,03328485;140,726873;17646,8769;0,12349568;2601,85652;108,874677;1,8474525;1841,89493;0,56842403;20,5598662;0,2893;4805,031;16,6091635;2898,848;0,099798265;0,677;0,3274;986,671469;20,6079211;27,0583467;13416,4864;1,4879747;15,5195418;1756,95517;4480,74366;0,73073514;1651,3083;77,157051;6,60194724;1891,54527;9,52136202;234,665279;363,94;23,2168;7,55;99,8;10,17;1,58050629;0,02396236;0,42283562;2815,8282;0,12062121;0,03183448;0,01503836;0,88058431;105,477212;55,2818557;11,6018307;0,19538249;15,4296606;3,2767672;12,2547173;;;
32;Cor_Ave_1;Cor_Ave_1;Cor_Ave;Cor;Betulaceae;15,70796327;5;3;4,35896667;50,78538333;3;0,4354;0,155;0,355994488;47,545;306,7419355;0,312;49,3567993;73,6928736;16,1495173;0,01080975;7,03328485;140,726873;17646,8769;0,12349568;2601,85652;108,874677;1,8474525;1841,89493;0,56842403;20,5598662;0,2893;4805,031;16,6091635;2898,848;0,099798265;0,677;0,3274;986,671469;20,6079211;27,0583467;13416,4864;1,4879747;15,5195418;1756,95517;4480,74366;0,73073514;1651,3083;77,157051;6,60194724;1891,54527;9,52136202;234,665279;363,94;23,2168;7,55;99,8;10,17;1,58050629;0,02396236;0,42283562;2815,8282;0,12062121;0,03183448;0,01503836;0,88058431;105,477212;55,2818557;11,6018307;0,19538249;15,4296606;3,2767672;12,2547173;;;
33;Cor_Ave_2;Cor_Ave_2;Cor_Ave;Cor;Betulaceae;MST;MST;4;4,35755000;50,78348333;1;0,9609;0,3604;0,375065043;107,771;299,0316315;0,3843;107,332742;62,8570898;36,6605652;0,03475639;10,2775138;263,43159;12913,4146;0,13118926;3349,6476;96,7011069;7,15712143;1946,23563;1,44014584;37,3387015;0,1481;3208,556;21,66479406;475,262;0,311617592;0,356;0,3766;2633,38871;12,5627637;66,6244806;5157,46782;2,80928113;29,4995255;1649,94378;4026,32773;0,62288076;1269,15633;321,446652;11,0198243;1914,2237;34,96033;215,903105;259,31;0;4,69;132,2;10,01;172,611166;0,04370819;0,31399606;270,395114;0,07673954;0,15871441;0,23271392;1,86172394;59,9262871;50,8722461;20,529872;0,38712607;20,8686983;7,51053128;3,10419179;;;
33;Cor_Ave_2;Cor_Ave_2;Cor_Ave;Cor;Betulaceae;MST;MST;4;4,35755000;50,78348333;2;0,5593;0,1882;0,336492044;56,865;302,151966;0,3843;107,332742;62,8570898;36,6605652;0,03475639;10,2775138;263,43159;12913,4146;0,13118926;3349,6476;96,7011069;7,15712143;1946,23563;1,44014584;37,3387015;0,1481;3208,556;21,66479406;475,262;0,311617592;0,356;0,3766;2633,38871;12,5627637;66,6244806;5157,46782;2,80928113;29,4995255;1649,94378;4026,32773;0,62288076;1269,15633;321,446652;11,0198243;1914,2237;34,96033;215,903105;259,31;0;4,69;132,2;10,01;172,611166;0,04370819;0,31399606;270,395114;0,07673954;0,15871441;0,23271392;1,86172394;59,9262871;50,8722461;20,529872;0,38712607;20,8686983;7,51053128;3,10419179;;;
33;Cor_Ave_2;Cor_Ave_2;Cor_Ave;Cor;Betulaceae;MST;MST;4;4,35755000;50,78348333;3;0,6645;0,2461;0,370353649;62,731;254,900447;0,3843;107,332742;62,8570898;36,6605652;0,03475639;10,2775138;263,43159;12913,4146;0,13118926;3349,6476;96,7011069;7,15712143;1946,23563;1,44014584;37,3387015;0,1481;3208,556;21,66479406;475,262;0,311617592;0,356;0,3766;2633,38871;12,5627637;66,6244806;5157,46782;2,80928113;29,4995255;1649,94378;4026,32773;0,62288076;1269,15633;321,446652;11,0198243;1914,2237;34,96033;215,903105;259,31;0;4,69;132,2;10,01;172,611166;0,04370819;0,31399606;270,395114;0,07673954;0,15871441;0,23271392;1,86172394;59,9262871;50,8722461;20,529872;0,38712607;20,8686983;7,51053128;3,10419179;;;
33;Cor_Ave_2;Cor_Ave_2;Cor_Ave;Cor;Betulaceae;MST;MST;4;4,35755000;50,78348333;4;0,9121;0,307;0,336585901;92,469;301,2019544;0,3843;107,332742;62,8570898;36,6605652;0,03475639;10,2775138;263,43159;12913,4146;0,13118926;3349,6476;96,7011069;7,15712143;1946,23563;1,44014584;37,3387015;0,1481;3208,556;21,66479406;475,262;0,311617592;0,356;0,3766;2633,38871;12,5627637;66,6244806;5157,46782;2,80928113;29,4995255;1649,94378;4026,32773;0,62288076;1269,15633;321,446652;11,0198243;1914,2237;34,96033;215,903105;259,31;0;4,69;132,2;10,01;172,611166;0,04370819;0,31399606;270,395114;0,07673954;0,15871441;0,23271392;1,86172394;59,9262871;50,8722461;20,529872;0,38712607;20,8686983;7,51053128;3,10419179;;;
33;Cor_Ave_2;Cor_Ave_2;Cor_Ave;Cor;Betulaceae;MST;MST;4;4,35755000;50,78348333;5;0,9092;0,3484;0,383194017;80,482;231,0045924;0,3843;107,332742;62,8570898;36,6605652;0,03475639;10,2775138;263,43159;12913,4146;0,13118926;3349,6476;96,7011069;7,15712143;1946,23563;1,44014584;37,3387015;0,1481;3208,556;21,66479406;475,262;0,311617592;0,356;0,3766;2633,38871;12,5627637;66,6244806;5157,46782;2,80928113;29,4995255;1649,94378;4026,32773;0,62288076;1269,15633;321,446652;11,0198243;1914,2237;34,96033;215,903105;259,31;0;4,69;132,2;10,01;172,611166;0,04370819;0,31399606;270,395114;0,07673954;0,15871441;0,23271392;1,86172394;59,9262871;50,8722461;20,529872;0,38712607;20,8686983;7,51053128;3,10419179;;;
33;Cor_Ave_2;Cor_Ave_2;Cor_Ave;Cor;Betulaceae;MST;MST;4;4,35755000;50,78348333;6;0,745;0,2773;0,372214765;70,386;253,826181;0,3843;107,332742;62,8570898;36,6605652;0,03475639;10,2775138;263,43159;12913,4146;0,13118926;3349,6476;96,7011069;7,15712143;1946,23563;1,44014584;37,3387015;0,1481;3208,556;21,66479406;475,262;0,311617592;0,356;0,3766;2633,38871;12,5627637;66,6244806;5157,46782;2,80928113;29,4995255;1649,94378;4026,32773;0,62288076;1269,15633;321,446652;11,0198243;1914,2237;34,96033;215,903105;259,31;0;4,69;132,2;10,01;172,611166;0,04370819;0,31399606;270,395114;0,07673954;0,15871441;0,23271392;1,86172394;59,9262871;50,8722461;20,529872;0,38712607;20,8686983;7,51053128;3,10419179;;;
33;Cor_Ave_2;Cor_Ave_2;Cor_Ave;Cor;Betulaceae;MST;MST;4;4,35755000;50,78348333;7;0,4545;0,155;0,341034103;45,948;296,4387097;0,3843;107,332742;62,8570898;36,6605652;0,03475639;10,2775138;263,43159;12913,4146;0,13118926;3349,6476;96,7011069;7,15712143;1946,23563;1,44014584;37,3387015;0,1481;3208,556;21,66479406;475,262;0,311617592;0,356;0,3766;2633,38871;12,5627637;66,6244806;5157,46782;2,80928113;29,4995255;1649,94378;4026,32773;0,62288076;1269,15633;321,446652;11,0198243;1914,2237;34,96033;215,903105;259,31;0;4,69;132,2;10,01;172,611166;0,04370819;0,31399606;270,395114;0,07673954;0,15871441;0,23271392;1,86172394;59,9262871;50,8722461;20,529872;0,38712607;20,8686983;7,51053128;3,10419179;;;
34;Cor_Ave_3;Cor_Ave_3;Cor_Ave;Cor;Betulaceae;7,3;2,323662169;4;4,35980000;50,78580000;1;0,2285;0,0698;0,30547046;29,964;429,2836676;0,3486;134,19926;66,673584;14,2666858;0,0320912;7,85479267;329,499254;19113,2903;0,15217806;2852,73042;31,3815242;2,4421527;2170,35642;1,72669884;30,8779876;1,0722;5474,594;5,105944786;9366,627;0,114470236;0,91;0,326;1670,47632;26,8583828;39,5834228;19226,2405;0,92640898;20,9456483;3073,30313;3847,08835;1,35924838;1765,63183;104,565527;5,19816347;2053,21482;89,0471555;203,877614;400,85;44,8062;7,47;140,9;10;1,0157435;0,05265213;0,14242875;3654,75492;0,10692984;0,02866266;0,02254464;2,24270178;145,099589;51,7341236;7,96982365;0,17636177;13,3333836;52,2193505;18,4908694;;;
34;Cor_Ave_3;Cor_Ave_3;Cor_Ave;Cor;Betulaceae;7,3;2,323662169;4;4,35980000;50,78580000;2;0,2719;0,0817;0,300478117;34,943;427,6988984;0,3486;134,19926;66,673584;14,2666858;0,0320912;7,85479267;329,499254;19113,2903;0,15217806;2852,73042;31,3815242;2,4421527;2170,35642;1,72669884;30,8779876;1,0722;5474,594;5,105944786;9366,627;0,114470236;0,91;0,326;1670,47632;26,8583828;39,5834228;19226,2405;0,92640898;20,9456483;3073,30313;3847,08835;1,35924838;1765,63183;104,565527;5,19816347;2053,21482;89,0471555;203,877614;400,85;44,8062;7,47;140,9;10;1,0157435;0,05265213;0,14242875;3654,75492;0,10692984;0,02866266;0,02254464;2,24270178;145,099589;51,7341236;7,96982365;0,17636177;13,3333836;52,2193505;18,4908694;;;
34;Cor_Ave_3;Cor_Ave_3;Cor_Ave;Cor;Betulaceae;7,3;2,323662169;4;4,35980000;50,78580000;3;0,0965;0,0307;0,318134715;10,681;347,9153094;0,3486;134,19926;66,673584;14,2666858;0,0320912;7,85479267;329,499254;19113,2903;0,15217806;2852,73042;31,3815242;2,4421527;2170,35642;1,72669884;30,8779876;1,0722;5474,594;5,105944786;9366,627;0,114470236;0,91;0,326;1670,47632;26,8583828;39,5834228;19226,2405;0,92640898;20,9456483;3073,30313;3847,08835;1,35924838;1765,63183;104,565527;5,19816347;2053,21482;89,0471555;203,877614;400,85;44,8062;7,47;140,9;10;1,0157435;0,05265213;0,14242875;3654,75492;0,10692984;0,02866266;0,02254464;2,24270178;145,099589;51,7341236;7,96982365;0,17636177;13,3333836;52,2193505;18,4908694;;;
34;Cor_Ave_3;Cor_Ave_3;Cor_Ave;Cor;Betulaceae;7,3;2,323662169;4;4,35980000;50,78580000;4;0,3141;0,0907;0,288761541;36,007;619,6251378;0,3486;134,19926;66,673584;14,2666858;0,0320912;7,85479267;329,499254;19113,2903;0,15217806;2852,73042;31,3815242;2,4421527;2170,35642;1,72669884;30,8779876;1,0722;5474,594;5,105944786;9366,627;0,114470236;0,91;0,326;1670,47632;26,8583828;39,5834228;19226,2405;0,92640898;20,9456483;3073,30313;3847,08835;1,35924838;1765,63183;104,565527;5,19816347;2053,21482;89,0471555;203,877614;400,85;44,8062;7,47;140,9;10;1,0157435;0,05265213;0,14242875;3654,75492;0,10692984;0,02866266;0,02254464;2,24270178;145,099589;51,7341236;7,96982365;0,17636177;13,3333836;52,2193505;18,4908694;;;
34;Cor_Ave_3;Cor_Ave_3;Cor_Ave;Cor;Betulaceae;7,3;2,323662169;4;4,35980000;50,78580000;5;0,5185;0,1496;0,28852459;56,2;240,6885027;0,3486;134,19926;66,673584;14,2666858;0,0320912;7,85479267;329,499254;19113,2903;0,15217806;2852,73042;31,3815242;2,4421527;2170,35642;1,72669884;30,8779876;1,0722;5474,594;5,105944786;9366,627;0,114470236;0,91;0,326;1670,47632;26,8583828;39,5834228;19226,2405;0,92640898;20,9456483;3073,30313;3847,08835;1,35924838;1765,63183;104,565527;5,19816347;2053,21482;89,0471555;203,877614;400,85;44,8062;7,47;140,9;10;1,0157435;0,05265213;0,14242875;3654,75492;0,10692984;0,02866266;0,02254464;2,24270178;145,099589;51,7341236;7,96982365;0,17636177;13,3333836;52,2193505;18,4908694;;;
34;Cor_Ave_3;Cor_Ave_3;Cor_Ave;Cor;Betulaceae;7,3;2,323662169;4;4,35980000;50,78580000;6;0,2826;0,0806;0,285208776;35,908;445,5086849;0,3486;134,19926;66,673584;14,2666858;0,0320912;7,85479267;329,499254;19113,2903;0,15217806;2852,73042;31,3815242;2,4421527;2170,35642;1,72669884;30,8779876;1,0722;5474,594;5,105944786;9366,627;0,114470236;0,91;0,326;1670,47632;26,8583828;39,5834228;19226,2405;0,92640898;20,9456483;3073,30313;3847,08835;1,35924838;1765,63183;104,565527;5,19816347;2053,21482;89,0471555;203,877614;400,85;44,8062;7,47;140,9;10;1,0157435;0,05265213;0,14242875;3654,75492;0,10692984;0,02866266;0,02254464;2,24270178;145,099589;51,7341236;7,96982365;0,17636177;13,3333836;52,2193505;18,4908694;;;
34;Cor_Ave_3;Cor_Ave_3;Cor_Ave;Cor;Betulaceae;7,3;2,323662169;4;4,35980000;50,78580000;7;0,45;0,1396;0,310222222;49,355;353,5458453;0,3486;134,19926;66,673584;14,2666858;0,0320912;7,85479267;329,499254;19113,2903;0,15217806;2852,73042;31,3815242;2,4421527;2170,35642;1,72669884;30,8779876;1,0722;5474,594;5,105944786;9366,627;0,114470236;0,91;0,326;1670,47632;26,8583828;39,5834228;19226,2405;0,92640898;20,9456483;3073,30313;3847,08835;1,35924838;1765,63183;104,565527;5,19816347;2053,21482;89,0471555;203,877614;400,85;44,8062;7,47;140,9;10;1,0157435;0,05265213;0,14242875;3654,75492;0,10692984;0,02866266;0,02254464;2,24270178;145,099589;51,7341236;7,96982365;0,17636177;13,3333836;52,2193505;18,4908694;;;
34;Cor_Ave_3;Cor_Ave_3;Cor_Ave;Cor;Betulaceae;7,3;2,323662169;4;4,35980000;50,78580000;8;0,4494;0,1406;0,312861593;49,598;352,7596017;0,3486;134,19926;66,673584;14,2666858;0,0320912;7,85479267;329,499254;19113,2903;0,15217806;2852,73042;31,3815242;2,4421527;2170,35642;1,72669884;30,8779876;1,0722;5474,594;5,105944786;9366,627;0,114470236;0,91;0,326;1670,47632;26,8583828;39,5834228;19226,2405;0,92640898;20,9456483;3073,30313;3847,08835;1,35924838;1765,63183;104,565527;5,19816347;2053,21482;89,0471555;203,877614;400,85;44,8062;7,47;140,9;10;1,0157435;0,05265213;0,14242875;3654,75492;0,10692984;0,02866266;0,02254464;2,24270178;145,099589;51,7341236;7,96982365;0,17636177;13,3333836;52,2193505;18,4908694;;;
34;Cor_Ave_3;Cor_Ave_3;Cor_Ave;Cor;Betulaceae;7,3;2,323662169;4;4,35980000;50,78580000;9;0,2495;0,0755;0,30260521;32,044;424,4238411;0,3486;134,19926;66,673584;14,2666858;0,0320912;7,85479267;329,499254;19113,2903;0,15217806;2852,73042;31,3815242;2,4421527;2170,35642;1,72669884;30,8779876;1,0722;5474,594;5,105944786;9366,627;0,114470236;0,91;0,326;1670,47632;26,8583828;39,5834228;19226,2405;0,92640898;20,9456483;3073,30313;3847,08835;1,35924838;1765,63183;104,565527;5,19816347;2053,21482;89,0471555;203,877614;400,85;44,8062;7,47;140,9;10;1,0157435;0,05265213;0,14242875;3654,75492;0,10692984;0,02866266;0,02254464;2,24270178;145,099589;51,7341236;7,96982365;0,17636177;13,3333836;52,2193505;18,4908694;;;
34;Cor_Ave_3;Cor_Ave_3;Cor_Ave;Cor;Betulaceae;7,3;2,323662169;4;4,35980000;50,78580000;10;0,1365;0,0446;0,326739927;16,248;364,3049327;0,3486;134,19926;66,673584;14,2666858;0,0320912;7,85479267;329,499254;19113,2903;0,15217806;2852,73042;31,3815242;2,4421527;2170,35642;1,72669884;30,8779876;1,0722;5474,594;5,105944786;9366,627;0,114470236;0,91;0,326;1670,47632;26,8583828;39,5834228;19226,2405;0,92640898;20,9456483;3073,30313;3847,08835;1,35924838;1765,63183;104,565527;5,19816347;2053,21482;89,0471555;203,877614;400,85;44,8062;7,47;140,9;10;1,0157435;0,05265213;0,14242875;3654,75492;0,10692984;0,02866266;0,02254464;2,24270178;145,099589;51,7341236;7,96982365;0,17636177;13,3333836;52,2193505;18,4908694;;;
35;Ile_Aqu_1;Ile_Aqu_1;Ile_Aqu;Ile;Aquifoliaceae;6,283185307;2;7;4,35870000;50,78480000;1;0,7859;0,2369;0,301437842;33,479;141,3212326;0,3421;37,4564707;16,0508284;6,50279183;0,14082167;14,7298485;323,09084;19805,8611;0,04423339;2013,65259;31,3274974;7,50313548;1491,13396;0,56384745;90,5859743;0,3848;8479,961;22,03732069;4367,827;0,088098727;0,681;0,325;465,775803;16,4883873;53,821684;10337,6694;2,09302072;19,2577418;1074,839;11816,9396;0,37261335;2728,04283;49,492499;6,41805352;2402,44607;20,7441697;147,077578;241,07;9,4527;7,25;145,2;10,22;1,58912157;0,0258531;0,18908431;3500,2099;0,29292651;0,04590784;0,02077384;4,81971542;159,02572;82,6519696;11,3899396;0,38180578;16,5068094;16,6243617;30,8808823;;;
35;Ile_Aqu_1;Ile_Aqu_1;Ile_Aqu;Ile;Aquifoliaceae;6,283185307;2;7;4,35870000;50,78480000;2;0,6103;0,1944;0,31853187;24,333;125,1697531;0,3421;37,4564707;16,0508284;6,50279183;0,14082167;14,7298485;323,09084;19805,8611;0,04423339;2013,65259;31,3274974;7,50313548;1491,13396;0,56384745;90,5859743;0,3848;8479,961;22,03732069;4367,827;0,088098727;0,681;0,325;465,775803;16,4883873;53,821684;10337,6694;2,09302072;19,2577418;1074,839;11816,9396;0,37261335;2728,04283;49,492499;6,41805352;2402,44607;20,7441697;147,077578;241,07;9,4527;7,25;145,2;10,22;1,58912157;0,0258531;0,18908431;3500,2099;0,29292651;0,04590784;0,02077384;4,81971542;159,02572;82,6519696;11,3899396;0,38180578;16,5068094;16,6243617;30,8808823;;;
35;Ile_Aqu_1;Ile_Aqu_1;Ile_Aqu;Ile;Aquifoliaceae;6,283185307;2;7;4,35870000;50,78480000;3;0,5957;0,186;0,312237704;25,291;135,9731183;0,3421;37,4564707;16,0508284;6,50279183;0,14082167;14,7298485;323,09084;19805,8611;0,04423339;2013,65259;31,3274974;7,50313548;1491,13396;0,56384745;90,5859743;0,3848;8479,961;22,03732069;4367,827;0,088098727;0,681;0,325;465,775803;16,4883873;53,821684;10337,6694;2,09302072;19,2577418;1074,839;11816,9396;0,37261335;2728,04283;49,492499;6,41805352;2402,44607;20,7441697;147,077578;241,07;9,4527;7,25;145,2;10,22;1,58912157;0,0258531;0,18908431;3500,2099;0,29292651;0,04590784;0,02077384;4,81971542;159,02572;82,6519696;11,3899396;0,38180578;16,5068094;16,6243617;30,8808823;;;
35;Ile_Aqu_1;Ile_Aqu_1;Ile_Aqu;Ile;Aquifoliaceae;6,283185307;2;7;4,35870000;50,78480000;4;0,3145;0,1009;0,320826709;13,985;138,6025768;0,3421;37,4564707;16,0508284;6,50279183;0,14082167;14,7298485;323,09084;19805,8611;0,04423339;2013,65259;31,3274974;7,50313548;1491,13396;0,56384745;90,5859743;0,3848;8479,961;22,03732069;4367,827;0,088098727;0,681;0,325;465,775803;16,4883873;53,821684;10337,6694;2,09302072;19,2577418;1074,839;11816,9396;0,37261335;2728,04283;49,492499;6,41805352;2402,44607;20,7441697;147,077578;241,07;9,4527;7,25;145,2;10,22;1,58912157;0,0258531;0,18908431;3500,2099;0,29292651;0,04590784;0,02077384;4,81971542;159,02572;82,6519696;11,3899396;0,38180578;16,5068094;16,6243617;30,8808823;;;
35;Ile_Aqu_1;Ile_Aqu_1;Ile_Aqu;Ile;Aquifoliaceae;6,283185307;2;7;4,35870000;50,78480000;5;0,304;0,0963;0,316776316;12,888;133,8317757;0,3421;37,4564707;16,0508284;6,50279183;0,14082167;14,7298485;323,09084;19805,8611;0,04423339;2013,65259;31,3274974;7,50313548;1491,13396;0,56384745;90,5859743;0,3848;8479,961;22,03732069;4367,827;0,088098727;0,681;0,325;465,775803;16,4883873;53,821684;10337,6694;2,09302072;19,2577418;1074,839;11816,9396;0,37261335;2728,04283;49,492499;6,41805352;2402,44607;20,7441697;147,077578;241,07;9,4527;7,25;145,2;10,22;1,58912157;0,0258531;0,18908431;3500,2099;0,29292651;0,04590784;0,02077384;4,81971542;159,02572;82,6519696;11,3899396;0,38180578;16,5068094;16,6243617;30,8808823;;;
36;Ile_Aqu_2;Ile_Aqu_2;Ile_Aqu;Ile;Aquifoliaceae;3,5;1,114084602;3;4,35781667;50,78378333;1;0,5746;0,1899;0,330490776;23,175;122,0379147;0,3182;291,700759;26,9165229;79,2529419;4,91482422;6,12407284;87,9939035;11011,081;0,90856105;4517,41573;274,574641;4,26973605;865,499537;0,75516705;446,703133;0,627;4907,74;7,827336523;6464,977;0,096984104;0,966;0,3022;889,314607;9,84828481;475,674348;4487,83784;2,68121561;32,6631111;975,326957;8736,95024;0,40979245;4350,8754;426,675521;5,35548684;3730,37218;39,9762293;147,682261;290,71;0;4,16;83,1;10,02;274,168078;0,03733164;0,33123974;272,127343;0,07369915;0,24480724;0,29969515;1,6328871;43,0432365;23,9436559;22,077195;0,42652764;25,2174866;12,7331833;3,28390948;;;
36;Ile_Aqu_2;Ile_Aqu_2;Ile_Aqu;Ile;Aquifoliaceae;3,5;1,114084602;3;4,35781667;50,78378333;2;0,8291;0,3122;0,376552889;30,441;97,50480461;0,3182;291,700759;26,9165229;79,2529419;4,91482422;6,12407284;87,9939035;11011,081;0,90856105;4517,41573;274,574641;4,26973605;865,499537;0,75516705;446,703133;0,627;4907,74;7,827336523;6464,977;0,096984104;0,966;0,3022;889,314607;9,84828481;475,674348;4487,83784;2,68121561;32,6631111;975,326957;8736,95024;0,40979245;4350,8754;426,675521;5,35548684;3730,37218;39,9762293;147,682261;290,71;0;4,16;83,1;10,02;274,168078;0,03733164;0,33123974;272,127343;0,07369915;0,24480724;0,29969515;1,6328871;43,0432365;23,9436559;22,077195;0,42652764;25,2174866;12,7331833;3,28390948;;;
36;Ile_Aqu_2;Ile_Aqu_2;Ile_Aqu;Ile;Aquifoliaceae;3,5;1,114084602;3;4,35781667;50,78378333;3;1,4518;0,5018;0,345639895;36,335;72,40932642;0,3182;291,700759;26,9165229;79,2529419;4,91482422;6,12407284;87,9939035;11011,081;0,90856105;4517,41573;274,574641;4,26973605;865,499537;0,75516705;446,703133;0,627;4907,74;7,827336523;6464,977;0,096984104;0,966;0,3022;889,314607;9,84828481;475,674348;4487,83784;2,68121561;32,6631111;975,326957;8736,95024;0,40979245;4350,8754;426,675521;5,35548684;3730,37218;39,9762293;147,682261;290,71;0;4,16;83,1;10,02;274,168078;0,03733164;0,33123974;272,127343;0,07369915;0,24480724;0,29969515;1,6328871;43,0432365;23,9436559;22,077195;0,42652764;25,2174866;12,7331833;3,28390948;;;
36;Ile_Aqu_2;Ile_Aqu_2;Ile_Aqu;Ile;Aquifoliaceae;3,5;1,114084602;3;4,35781667;50,78378333;4;1,4248;0,4722;0,331414935;43,638;92,41423126;0,3182;291,700759;26,9165229;79,2529419;4,91482422;6,12407284;87,9939035;11011,081;0,90856105;4517,41573;274,574641;4,26973605;865,499537;0,75516705;446,703133;0,627;4907,74;7,827336523;6464,977;0,096984104;0,966;0,3022;889,314607;9,84828481;475,674348;4487,83784;2,68121561;32,6631111;975,326957;8736,95024;0,40979245;4350,8754;426,675521;5,35548684;3730,37218;39,9762293;147,682261;290,71;0;4,16;83,1;10,02;274,168078;0,03733164;0,33123974;272,127343;0,07369915;0,24480724;0,29969515;1,6328871;43,0432365;23,9436559;22,077195;0,42652764;25,2174866;12,7331833;3,28390948;;;
36;Ile_Aqu_2;Ile_Aqu_2;Ile_Aqu;Ile;Aquifoliaceae;3,5;1,114084602;3;4,35781667;50,78378333;5;0,7831;0,2711;0,346188226;22,445;82,79232755;0,3182;291,700759;26,9165229;79,2529419;4,91482422;6,12407284;87,9939035;11011,081;0,90856105;4517,41573;274,574641;4,26973605;865,499537;0,75516705;446,703133;0,627;4907,74;7,827336523;6464,977;0,096984104;0,966;0,3022;889,314607;9,84828481;475,674348;4487,83784;2,68121561;32,6631111;975,326957;8736,95024;0,40979245;4350,8754;426,675521;5,35548684;3730,37218;39,9762293;147,682261;290,71;0;4,16;83,1;10,02;274,168078;0,03733164;0,33123974;272,127343;0,07369915;0,24480724;0,29969515;1,6328871;43,0432365;23,9436559;22,077195;0,42652764;25,2174866;12,7331833;3,28390948;;;
36;Ile_Aqu_2;Ile_Aqu_2;Ile_Aqu;Ile;Aquifoliaceae;3,5;1,114084602;3;4,35781667;50,78378333;6;0,7809;0,231;0,295812524;30,462;131,8701299;0,3182;291,700759;26,9165229;79,2529419;4,91482422;6,12407284;87,9939035;11011,081;0,90856105;4517,41573;274,574641;4,26973605;865,499537;0,75516705;446,703133;0,627;4907,74;7,827336523;6464,977;0,096984104;0,966;0,3022;889,314607;9,84828481;475,674348;4487,83784;2,68121561;32,6631111;975,326957;8736,95024;0,40979245;4350,8754;426,675521;5,35548684;3730,37218;39,9762293;147,682261;290,71;0;4,16;83,1;10,02;274,168078;0,03733164;0,33123974;272,127343;0,07369915;0,24480724;0,29969515;1,6328871;43,0432365;23,9436559;22,077195;0,42652764;25,2174866;12,7331833;3,28390948;;;
37;Ile_Aqu_3;Ile_Aqu_3;Ile_Aqu;Ile;Aquifoliaceae;2,2;0,70028175;5;4,35985000;50,78591667;1;0,3237;0,0884;0,273092369;11,907;134,6945701;0,3439;33,7328902;36,7589895;27,180134;0,21755827;12,9685488;153,384897;20526,5005;0,09589813;3750,77456;75,4996912;2,21233858;1567,03477;0,47439859;144,305668;0,4086;5019,435;12,28447137;3971,649;0,102879182;0,765;;;;;;;;;;;;;;;;;351,75;42,2991;7,52;120,6;10,05;1,12584591;0,05052016;0,57425965;3152,3738;0,08635192;0,01424165;0,01344434;1,6787773;139,902287;62,4404171;4,84428718;0,14456222;14,8928151;15,4423335;11,8637032;;;
37;Ile_Aqu_3;Ile_Aqu_3;Ile_Aqu;Ile;Aquifoliaceae;2,2;0,70028175;5;4,35985000;50,78591667;2;0,8549;0,2319;0,271259796;29,393;126,7485985;0,3439;33,7328902;36,7589895;27,180134;0,21755827;12,9685488;153,384897;20526,5005;0,09589813;3750,77456;75,4996912;2,21233858;1567,03477;0,47439859;144,305668;0,4086;5019,435;12,28447137;3971,649;0,102879182;0,765;;;;;;;;;;;;;;;;;351,75;42,2991;7,52;120,6;10,05;1,12584591;0,05052016;0,57425965;3152,3738;0,08635192;0,01424165;0,01344434;1,6787773;139,902287;62,4404171;4,84428718;0,14456222;14,8928151;15,4423335;11,8637032;;;
37;Ile_Aqu_3;Ile_Aqu_3;Ile_Aqu;Ile;Aquifoliaceae;2,2;0,70028175;5;4,35985000;50,78591667;3;0,429;0,1151;0,268298368;16,101;139,8870547;0,3439;33,7328902;36,7589895;27,180134;0,21755827;12,9685488;153,384897;20526,5005;0,09589813;3750,77456;75,4996912;2,21233858;1567,03477;0,47439859;144,305668;0,4086;5019,435;12,28447137;3971,649;0,102879182;0,765;;;;;;;;;;;;;;;;;351,75;42,2991;7,52;120,6;10,05;1,12584591;0,05052016;0,57425965;3152,3738;0,08635192;0,01424165;0,01344434;1,6787773;139,902287;62,4404171;4,84428718;0,14456222;14,8928151;15,4423335;11,8637032;;;
37;Ile_Aqu_3;Ile_Aqu_3;Ile_Aqu;Ile;Aquifoliaceae;2,2;0,70028175;5;4,35985000;50,78591667;4;0,709;0,1861;0,26248237;23,958;128,737238;0,3439;33,7328902;36,7589895;27,180134;0,21755827;12,9685488;153,384897;20526,5005;0,09589813;3750,77456;75,4996912;2,21233858;1567,03477;0,47439859;144,305668;0,4086;5019,435;12,28447137;3971,649;0,102879182;0,765;;;;;;;;;;;;;;;;;351,75;42,2991;7,52;120,6;10,05;1,12584591;0,05052016;0,57425965;3152,3738;0,08635192;0,01424165;0,01344434;1,6787773;139,902287;62,4404171;4,84428718;0,14456222;14,8928151;15,4423335;11,8637032;;;
37;Ile_Aqu_3;Ile_Aqu_3;Ile_Aqu;Ile;Aquifoliaceae;2,2;0,70028175;5;4,35985000;50,78591667;5;0,3464;0,0917;0,264722864;12,113;132,0937841;0,3439;33,7328902;36,7589895;27,180134;0,21755827;12,9685488;153,384897;20526,5005;0,09589813;3750,77456;75,4996912;2,21233858;1567,03477;0,47439859;144,305668;0,4086;5019,435;12,28447137;3971,649;0,102879182;0,765;;;;;;;;;;;;;;;;;351,75;42,2991;7,52;120,6;10,05;1,12584591;0,05052016;0,57425965;3152,3738;0,08635192;0,01424165;0,01344434;1,6787773;139,902287;62,4404171;4,84428718;0,14456222;14,8928151;15,4423335;11,8637032;;;
37;Ile_Aqu_3;Ile_Aqu_3;Ile_Aqu;Ile;Aquifoliaceae;2,2;0,70028175;5;4,35985000;50,78591667;6;0,9224;0,2406;0,260841284;31,803;132,1820449;0,3439;33,7328902;36,7589895;27,180134;0,21755827;12,9685488;153,384897;20526,5005;0,09589813;3750,77456;75,4996912;2,21233858;1567,03477;0,47439859;144,305668;0,4086;5019,435;12,28447137;3971,649;0,102879182;0,765;;;;;;;;;;;;;;;;;351,75;42,2991;7,52;120,6;10,05;1,12584591;0,05052016;0,57425965;3152,3738;0,08635192;0,01424165;0,01344434;1,6787773;139,902287;62,4404171;4,84428718;0,14456222;14,8928151;15,4423335;11,8637032;;;
37;Ile_Aqu_3;Ile_Aqu_3;Ile_Aqu;Ile;Aquifoliaceae;2,2;0,70028175;5;4,35985000;50,78591667;7;0,9804;0,2595;0,264687882;32,833;126,5240848;0,3439;33,7328902;36,7589895;27,180134;0,21755827;12,9685488;153,384897;20526,5005;0,09589813;3750,77456;75,4996912;2,21233858;1567,03477;0,47439859;144,305668;0,4086;5019,435;12,28447137;3971,649;0,102879182;0,765;;;;;;;;;;;;;;;;;351,75;42,2991;7,52;120,6;10,05;1,12584591;0,05052016;0,57425965;3152,3738;0,08635192;0,01424165;0,01344434;1,6787773;139,902287;62,4404171;4,84428718;0,14456222;14,8928151;15,4423335;11,8637032;;;
38;Sam_Nig_1_(1);Sam_Nig_1;Sam_Nig;Sam;Caprifoliaceae;31,41592654;10;5;4,35866667;50,78476667;1;0,3847;;0;36,32;;0,1517;57,1748365;54,4501621;21,2711398;0,01638304;10,4601222;205,2197;48011,3512;0,08718514;3665,55679;40,2955945;2,26171063;5321,39117;0,70255879;55,7537951;0,2065;3484,477;16,87398063;1252,535;0,164865652;0,584;0,3218;503,938399;21,9539616;32,3191392;12344,2089;0,91407036;13,2135644;977,761866;22336,0248;0,41185418;2076,92801;45,6927222;3,08051079;7533,64359;15,7177351;142,82065;265,13;7,2956;7,25;213,5;10,06;1,65851174;0,02352771;0,44517485;3627,48191;0,43833371;0,02078094;0,02125479;2,27730352;157,558256;70,0921956;7,19326018;0,21625326;12,1927745;14,1093689;39,292322;;;
38;Sam_Nig_1_(1);Sam_Nig_1;Sam_Nig;Sam;Caprifoliaceae;31,41592654;10;5;4,35866667;50,78476667;2;0,435;;0;39,519;;0,1517;57,1748365;54,4501621;21,2711398;0,01638304;10,4601222;205,2197;48011,3512;0,08718514;3665,55679;40,2955945;2,26171063;5321,39117;0,70255879;55,7537951;0,2065;3484,477;16,87398063;1252,535;0,164865652;0,584;0,3218;503,938399;21,9539616;32,3191392;12344,2089;0,91407036;13,2135644;977,761866;22336,0248;0,41185418;2076,92801;45,6927222;3,08051079;7533,64359;15,7177351;142,82065;265,13;7,2956;7,25;213,5;10,06;1,65851174;0,02352771;0,44517485;3627,48191;0,43833371;0,02078094;0,02125479;2,27730352;157,558256;70,0921956;7,19326018;0,21625326;12,1927745;14,1093689;39,292322;;;
38;Sam_Nig_1_(1);Sam_Nig_1;Sam_Nig;Sam;Caprifoliaceae;31,41592654;10;5;4,35866667;50,78476667;3;0,3003;;0;27,503;;0,1517;57,1748365;54,4501621;21,2711398;0,01638304;10,4601222;205,2197;48011,3512;0,08718514;3665,55679;40,2955945;2,26171063;5321,39117;0,70255879;55,7537951;0,2065;3484,477;16,87398063;1252,535;0,164865652;0,584;0,3218;503,938399;21,9539616;32,3191392;12344,2089;0,91407036;13,2135644;977,761866;22336,0248;0,41185418;2076,92801;45,6927222;3,08051079;7533,64359;15,7177351;142,82065;265,13;7,2956;7,25;213,5;10,06;1,65851174;0,02352771;0,44517485;3627,48191;0,43833371;0,02078094;0,02125479;2,27730352;157,558256;70,0921956;7,19326018;0,21625326;12,1927745;14,1093689;39,292322;;;
38;Sam_Nig_1_(1);Sam_Nig_1;Sam_Nig;Sam;Caprifoliaceae;31,41592654;10;5;4,35866667;50,78476667;4;0,2524;;0;23,309;;0,1517;57,1748365;54,4501621;21,2711398;0,01638304;10,4601222;205,2197;48011,3512;0,08718514;3665,55679;40,2955945;2,26171063;5321,39117;0,70255879;55,7537951;0,2065;3484,477;16,87398063;1252,535;0,164865652;0,584;0,3218;503,938399;21,9539616;32,3191392;12344,2089;0,91407036;13,2135644;977,761866;22336,0248;0,41185418;2076,92801;45,6927222;3,08051079;7533,64359;15,7177351;142,82065;265,13;7,2956;7,25;213,5;10,06;1,65851174;0,02352771;0,44517485;3627,48191;0,43833371;0,02078094;0,02125479;2,27730352;157,558256;70,0921956;7,19326018;0,21625326;12,1927745;14,1093689;39,292322;;;
39;Sam_Nig_1_(2);Sam_Nig_1;Sam_Nig;Sam;Caprifoliaceae;31,41592654;10;5;4,35866667;50,78476667;1;0,5325;;0;45,906;;0,2124;36,5978496;48,3278347;17,6606546;0,01442438;8,07491582;177,773646;53222,1162;0,09647784;3503,40645;32,1617749;1,89729435;5648,68965;0,42815106;41,0393029;0,2065;3484,477;16,87398063;1252,535;0,164865652;0,584;0,3218;503,938399;21,9539616;32,3191392;12344,2089;0,91407036;13,2135644;977,761866;22336,0248;0,41185418;2076,92801;45,6927222;3,08051079;7533,64359;15,7177351;142,82065;265,13;7,2956;7,25;213,5;10,06;1,65851174;0,02352771;0,44517485;3627,48191;0,43833371;0,02078094;0,02125479;2,27730352;157,558256;70,0921956;7,19326018;0,21625326;12,1927745;14,1093689;39,292322;;;
39;Sam_Nig_1_(2);Sam_Nig_1;Sam_Nig;Sam;Caprifoliaceae;31,41592654;10;5;4,35866667;50,78476667;2;0,4219;;0;35,882;;0,2124;36,5978496;48,3278347;17,6606546;0,01442438;8,07491582;177,773646;53222,1162;0,09647784;3503,40645;32,1617749;1,89729435;5648,68965;0,42815106;41,0393029;0,2065;3484,477;16,87398063;1252,535;0,164865652;0,584;0,3218;503,938399;21,9539616;32,3191392;12344,2089;0,91407036;13,2135644;977,761866;22336,0248;0,41185418;2076,92801;45,6927222;3,08051079;7533,64359;15,7177351;142,82065;265,13;7,2956;7,25;213,5;10,06;1,65851174;0,02352771;0,44517485;3627,48191;0,43833371;0,02078094;0,02125479;2,27730352;157,558256;70,0921956;7,19326018;0,21625326;12,1927745;14,1093689;39,292322;;;
39;Sam_Nig_1_(2);Sam_Nig_1;Sam_Nig;Sam;Caprifoliaceae;31,41592654;10;5;4,35866667;50,78476667;3;0,5051;;0;44,14;;0,2124;36,5978496;48,3278347;17,6606546;0,01442438;8,07491582;177,773646;53222,1162;0,09647784;3503,40645;32,1617749;1,89729435;5648,68965;0,42815106;41,0393029;0,2065;3484,477;16,87398063;1252,535;0,164865652;0,584;0,3218;503,938399;21,9539616;32,3191392;12344,2089;0,91407036;13,2135644;977,761866;22336,0248;0,41185418;2076,92801;45,6927222;3,08051079;7533,64359;15,7177351;142,82065;265,13;7,2956;7,25;213,5;10,06;1,65851174;0,02352771;0,44517485;3627,48191;0,43833371;0,02078094;0,02125479;2,27730352;157,558256;70,0921956;7,19326018;0,21625326;12,1927745;14,1093689;39,292322;;;
39;Sam_Nig_1_(2);Sam_Nig_1;Sam_Nig;Sam;Caprifoliaceae;31,41592654;10;5;4,35866667;50,78476667;4;0,3693;;0;31,431;;0,2124;36,5978496;48,3278347;17,6606546;0,01442438;8,07491582;177,773646;53222,1162;0,09647784;3503,40645;32,1617749;1,89729435;5648,68965;0,42815106;41,0393029;0,2065;3484,477;16,87398063;1252,535;0,164865652;0,584;0,3218;503,938399;21,9539616;32,3191392;12344,2089;0,91407036;13,2135644;977,761866;22336,0248;0,41185418;2076,92801;45,6927222;3,08051079;7533,64359;15,7177351;142,82065;265,13;7,2956;7,25;213,5;10,06;1,65851174;0,02352771;0,44517485;3627,48191;0,43833371;0,02078094;0,02125479;2,27730352;157,558256;70,0921956;7,19326018;0,21625326;12,1927745;14,1093689;39,292322;;;
39;Sam_Nig_1_(2);Sam_Nig_1;Sam_Nig;Sam;Caprifoliaceae;31,41592654;10;5;4,35866667;50,78476667;5;0,7544;;0;61,135;;0,2124;36,5978496;48,3278347;17,6606546;0,01442438;8,07491582;177,773646;53222,1162;0,09647784;3503,40645;32,1617749;1,89729435;5648,68965;0,42815106;41,0393029;0,2065;3484,477;16,87398063;1252,535;0,164865652;0,584;0,3218;503,938399;21,9539616;32,3191392;12344,2089;0,91407036;13,2135644;977,761866;22336,0248;0,41185418;2076,92801;45,6927222;3,08051079;7533,64359;15,7177351;142,82065;265,13;7,2956;7,25;213,5;10,06;1,65851174;0,02352771;0,44517485;3627,48191;0,43833371;0,02078094;0,02125479;2,27730352;157,558256;70,0921956;7,19326018;0,21625326;12,1927745;14,1093689;39,292322;;;
40;Sam_Nig_2;Sam_Nig_2;Sam_Nig;Sam;Caprifoliaceae;MST;MST;9;4,35875000;50,78448333;1;0,1835;0,028;0,152588556;16,45;587,5;0,2733;87,6938429;65,07164;18,9846779;0,02708699;11,1583907;265,842017;42095,9323;0,13426015;6452,46049;71,3941444;1,74911633;3433,47933;0,86956101;48,6661663;0,4892;4773,223;9,757201554;3183,914;0,153647366;0,721;0,312;1877,5801;26,1147693;43,5713605;16443,6164;1,21796135;24,5548586;3432,77365;13799,6164;1,48495772;2464,47463;125,192713;7,33935318;3718,23729;22,0251842;94,9637507;285,15;0;7,24;326,5;10;4,36040259;0,03965877;0,5514326;2366,9076;0,2200726;0,03370425;0,02584199;2,20075251;137,6262;64,0572634;12,5189056;0,40789982;12,9943606;11,8307227;16,7858932;;;
40;Sam_Nig_2;Sam_Nig_2;Sam_Nig;Sam;Caprifoliaceae;MST;MST;9;4,35875000;50,78448333;2;0,292;0,0407;0,139383562;22,288;547,6167076;0,2733;87,6938429;65,07164;18,9846779;0,02708699;11,1583907;265,842017;42095,9323;0,13426015;6452,46049;71,3941444;1,74911633;3433,47933;0,86956101;48,6661663;0,4892;4773,223;9,757201554;3183,914;0,153647366;0,721;0,312;1877,5801;26,1147693;43,5713605;16443,6164;1,21796135;24,5548586;3432,77365;13799,6164;1,48495772;2464,47463;125,192713;7,33935318;3718,23729;22,0251842;94,9637507;285,15;0;7,24;326,5;10;4,36040259;0,03965877;0,5514326;2366,9076;0,2200726;0,03370425;0,02584199;2,20075251;137,6262;64,0572634;12,5189056;0,40789982;12,9943606;11,8307227;16,7858932;;;
40;Sam_Nig_2;Sam_Nig_2;Sam_Nig;Sam;Caprifoliaceae;MST;MST;9;4,35875000;50,78448333;3;0,3922;0,0563;0,14354921;32,025;568,8277087;0,2733;87,6938429;65,07164;18,9846779;0,02708699;11,1583907;265,842017;42095,9323;0,13426015;6452,46049;71,3941444;1,74911633;3433,47933;0,86956101;48,6661663;0,4892;4773,223;9,757201554;3183,914;0,153647366;0,721;0,312;1877,5801;26,1147693;43,5713605;16443,6164;1,21796135;24,5548586;3432,77365;13799,6164;1,48495772;2464,47463;125,192713;7,33935318;3718,23729;22,0251842;94,9637507;285,15;0;7,24;326,5;10;4,36040259;0,03965877;0,5514326;2366,9076;0,2200726;0,03370425;0,02584199;2,20075251;137,6262;64,0572634;12,5189056;0,40789982;12,9943606;11,8307227;16,7858932;;;
40;Sam_Nig_2;Sam_Nig_2;Sam_Nig;Sam;Caprifoliaceae;MST;MST;9;4,35875000;50,78448333;4;0,1959;0,0299;0,152628892;17,501;585,3177258;0,2733;87,6938429;65,07164;18,9846779;0,02708699;11,1583907;265,842017;42095,9323;0,13426015;6452,46049;71,3941444;1,74911633;3433,47933;0,86956101;48,6661663;0,4892;4773,223;9,757201554;3183,914;0,153647366;0,721;0,312;1877,5801;26,1147693;43,5713605;16443,6164;1,21796135;24,5548586;3432,77365;13799,6164;1,48495772;2464,47463;125,192713;7,33935318;3718,23729;22,0251842;94,9637507;285,15;0;7,24;326,5;10;4,36040259;0,03965877;0,5514326;2366,9076;0,2200726;0,03370425;0,02584199;2,20075251;137,6262;64,0572634;12,5189056;0,40789982;12,9943606;11,8307227;16,7858932;;;
40;Sam_Nig_2;Sam_Nig_2;Sam_Nig;Sam;Caprifoliaceae;MST;MST;9;4,35875000;50,78448333;5;0,2479;0,0378;0,152480839;22,632;598,7301587;0,2733;87,6938429;65,07164;18,9846779;0,02708699;11,1583907;265,842017;42095,9323;0,13426015;6452,46049;71,3941444;1,74911633;3433,47933;0,86956101;48,6661663;0,4892;4773,223;9,757201554;3183,914;0,153647366;0,721;0,312;1877,5801;26,1147693;43,5713605;16443,6164;1,21796135;24,5548586;3432,77365;13799,6164;1,48495772;2464,47463;125,192713;7,33935318;3718,23729;22,0251842;94,9637507;285,15;0;7,24;326,5;10;4,36040259;0,03965877;0,5514326;2366,9076;0,2200726;0,03370425;0,02584199;2,20075251;137,6262;64,0572634;12,5189056;0,40789982;12,9943606;11,8307227;16,7858932;;;
40;Sam_Nig_2;Sam_Nig_2;Sam_Nig;Sam;Caprifoliaceae;MST;MST;9;4,35875000;50,78448333;6;0,4702;0,0661;0,140578477;40,064;606,1119516;0,2733;87,6938429;65,07164;18,9846779;0,02708699;11,1583907;265,842017;42095,9323;0,13426015;6452,46049;71,3941444;1,74911633;3433,47933;0,86956101;48,6661663;0,4892;4773,223;9,757201554;3183,914;0,153647366;0,721;0,312;1877,5801;26,1147693;43,5713605;16443,6164;1,21796135;24,5548586;3432,77365;13799,6164;1,48495772;2464,47463;125,192713;7,33935318;3718,23729;22,0251842;94,9637507;285,15;0;7,24;326,5;10;4,36040259;0,03965877;0,5514326;2366,9076;0,2200726;0,03370425;0,02584199;2,20075251;137,6262;64,0572634;12,5189056;0,40789982;12,9943606;11,8307227;16,7858932;;;
40;Sam_Nig_2;Sam_Nig_2;Sam_Nig;Sam;Caprifoliaceae;MST;MST;9;4,35875000;50,78448333;7;0,2274;0,0352;0,154793316;20,766;589,9431818;0,2733;87,6938429;65,07164;18,9846779;0,02708699;11,1583907;265,842017;42095,9323;0,13426015;6452,46049;71,3941444;1,74911633;3433,47933;0,86956101;48,6661663;0,4892;4773,223;9,757201554;3183,914;0,153647366;0,721;0,312;1877,5801;26,1147693;43,5713605;16443,6164;1,21796135;24,5548586;3432,77365;13799,6164;1,48495772;2464,47463;125,192713;7,33935318;3718,23729;22,0251842;94,9637507;285,15;0;7,24;326,5;10;4,36040259;0,03965877;0,5514326;2366,9076;0,2200726;0,03370425;0,02584199;2,20075251;137,6262;64,0572634;12,5189056;0,40789982;12,9943606;11,8307227;16,7858932;;;
40;Sam_Nig_2;Sam_Nig_2;Sam_Nig;Sam;Caprifoliaceae;MST;MST;9;4,35875000;50,78448333;8;0,2963;0,0471;0,158960513;26,209;556,4543524;0,2733;87,6938429;65,07164;18,9846779;0,02708699;11,1583907;265,842017;42095,9323;0,13426015;6452,46049;71,3941444;1,74911633;3433,47933;0,86956101;48,6661663;0,4892;4773,223;9,757201554;3183,914;0,153647366;0,721;0,312;1877,5801;26,1147693;43,5713605;16443,6164;1,21796135;24,5548586;3432,77365;13799,6164;1,48495772;2464,47463;125,192713;7,33935318;3718,23729;22,0251842;94,9637507;285,15;0;7,24;326,5;10;4,36040259;0,03965877;0,5514326;2366,9076;0,2200726;0,03370425;0,02584199;2,20075251;137,6262;64,0572634;12,5189056;0,40789982;12,9943606;11,8307227;16,7858932;;;
40;Sam_Nig_2;Sam_Nig_2;Sam_Nig;Sam;Caprifoliaceae;MST;MST;9;4,35875000;50,78448333;9;0,2409;0,0362;0,150269822;20,759;573,4530387;0,2733;87,6938429;65,07164;18,9846779;0,02708699;11,1583907;265,842017;42095,9323;0,13426015;6452,46049;71,3941444;1,74911633;3433,47933;0,86956101;48,6661663;0,4892;4773,223;9,757201554;3183,914;0,153647366;0,721;0,312;1877,5801;26,1147693;43,5713605;16443,6164;1,21796135;24,5548586;3432,77365;13799,6164;1,48495772;2464,47463;125,192713;7,33935318;3718,23729;22,0251842;94,9637507;285,15;0;7,24;326,5;10;4,36040259;0,03965877;0,5514326;2366,9076;0,2200726;0,03370425;0,02584199;2,20075251;137,6262;64,0572634;12,5189056;0,40789982;12,9943606;11,8307227;16,7858932;;;
41;Sam_Nig_3;Sam_Nig_3;Sam_Nig;Sam;Caprifoliaceae;6,5;2,06901426;4;4,35983333;50,78586667;1;0,3207;0,0457;0,14250078;24,18;529,1028446;0,2645;29,2482341;75,3809782;2,62094451;0,01059885;11,3541745;165,28008;51264,6287;0,40769615;4970,69446;20,7669569;1,43368194;5215,66962;0,4848614;54,9269246;0,2464;2473,063;10,03678166;1211,381;0,203404214;0,672;0,3258;1059,90865;20,139588;20,0997814;15059,2167;0,53579152;15,7459127;1985,07402;8037,60999;0,84640958;1917,20087;69,2424126;3,94480424;3077,72529;15,8868674;96,1321477;356,88;67,6562;7,44;159,5;10,09;1,69631555;0,03079802;0,57047898;3287,03955;0,17391607;0,02752587;0,01152515;2,01118667;156,771738;79,4020333;10,2427405;0,16190706;19,2942798;16,3807475;27,5914415;;;
41;Sam_Nig_3;Sam_Nig_3;Sam_Nig;Sam;Caprifoliaceae;6,5;2,06901426;4;4,35983333;50,78586667;2;0,1066;0,0145;0,136022514;9,153;631,2413793;0,2645;29,2482341;75,3809782;2,62094451;0,01059885;11,3541745;165,28008;51264,6287;0,40769615;4970,69446;20,7669569;1,43368194;5215,66962;0,4848614;54,9269246;0,2464;2473,063;10,03678166;1211,381;0,203404214;0,672;0,3258;1059,90865;20,139588;20,0997814;15059,2167;0,53579152;15,7459127;1985,07402;8037,60999;0,84640958;1917,20087;69,2424126;3,94480424;3077,72529;15,8868674;96,1321477;356,88;67,6562;7,44;159,5;10,09;1,69631555;0,03079802;0,57047898;3287,03955;0,17391607;0,02752587;0,01152515;2,01118667;156,771738;79,4020333;10,2427405;0,16190706;19,2942798;16,3807475;27,5914415;;;
41;Sam_Nig_3;Sam_Nig_3;Sam_Nig;Sam;Caprifoliaceae;6,5;2,06901426;4;4,35983333;50,78586667;3;0,2709;0,0366;0,135105205;20,424;558,0327869;0,2645;29,2482341;75,3809782;2,62094451;0,01059885;11,3541745;165,28008;51264,6287;0,40769615;4970,69446;20,7669569;1,43368194;5215,66962;0,4848614;54,9269246;0,2464;2473,063;10,03678166;1211,381;0,203404214;0,672;0,3258;1059,90865;20,139588;20,0997814;15059,2167;0,53579152;15,7459127;1985,07402;8037,60999;0,84640958;1917,20087;69,2424126;3,94480424;3077,72529;15,8868674;96,1321477;356,88;67,6562;7,44;159,5;10,09;1,69631555;0,03079802;0,57047898;3287,03955;0,17391607;0,02752587;0,01152515;2,01118667;156,771738;79,4020333;10,2427405;0,16190706;19,2942798;16,3807475;27,5914415;;;
41;Sam_Nig_3;Sam_Nig_3;Sam_Nig;Sam;Caprifoliaceae;6,5;2,06901426;4;4,35983333;50,78586667;4;0,0545;;0;4,668;;0,2645;29,2482341;75,3809782;2,62094451;0,01059885;11,3541745;165,28008;51264,6287;0,40769615;4970,69446;20,7669569;1,43368194;5215,66962;0,4848614;54,9269246;0,2464;2473,063;10,03678166;1211,381;0,203404214;0,672;0,3258;1059,90865;20,139588;20,0997814;15059,2167;0,53579152;15,7459127;1985,07402;8037,60999;0,84640958;1917,20087;69,2424126;3,94480424;3077,72529;15,8868674;96,1321477;356,88;67,6562;7,44;159,5;10,09;1,69631555;0,03079802;0,57047898;3287,03955;0,17391607;0,02752587;0,01152515;2,01118667;156,771738;79,4020333;10,2427405;0,16190706;19,2942798;16,3807475;27,5914415;;;
41;Sam_Nig_3;Sam_Nig_3;Sam_Nig;Sam;Caprifoliaceae;6,5;2,06901426;4;4,35983333;50,78586667;5;0,4655;;0;34,653;;0,2645;29,2482341;75,3809782;2,62094451;0,01059885;11,3541745;165,28008;51264,6287;0,40769615;4970,69446;20,7669569;1,43368194;5215,66962;0,4848614;54,9269246;0,2464;2473,063;10,03678166;1211,381;0,203404214;0,672;0,3258;1059,90865;20,139588;20,0997814;15059,2167;0,53579152;15,7459127;1985,07402;8037,60999;0,84640958;1917,20087;69,2424126;3,94480424;3077,72529;15,8868674;96,1321477;356,88;67,6562;7,44;159,5;10,09;1,69631555;0,03079802;0,57047898;3287,03955;0,17391607;0,02752587;0,01152515;2,01118667;156,771738;79,4020333;10,2427405;0,16190706;19,2942798;16,3807475;27,5914415;;;
41;Sam_Nig_3;Sam_Nig_3;Sam_Nig;Sam;Caprifoliaceae;6,5;2,06901426;4;4,35983333;50,78586667;6;0,3756;;0;20,424;;0,2645;29,2482341;75,3809782;2,62094451;0,01059885;11,3541745;165,28008;51264,6287;0,40769615;4970,69446;20,7669569;1,43368194;5215,66962;0,4848614;54,9269246;0,2464;2473,063;10,03678166;1211,381;0,203404214;0,672;0,3258;1059,90865;20,139588;20,0997814;15059,2167;0,53579152;15,7459127;1985,07402;8037,60999;0,84640958;1917,20087;69,2424126;3,94480424;3077,72529;15,8868674;96,1321477;356,88;67,6562;7,44;159,5;10,09;1,69631555;0,03079802;0,57047898;3287,03955;0,17391607;0,02752587;0,01152515;2,01118667;156,771738;79,4020333;10,2427405;0,16190706;19,2942798;16,3807475;27,5914415;;;
41;Sam_Nig_3;Sam_Nig_3;Sam_Nig;Sam;Caprifoliaceae;6,5;2,06901426;4;4,35983333;50,78586667;7;0,4854;;0;38,312;;0,2645;29,2482341;75,3809782;2,62094451;0,01059885;11,3541745;165,28008;51264,6287;0,40769615;4970,69446;20,7669569;1,43368194;5215,66962;0,4848614;54,9269246;0,2464;2473,063;10,03678166;1211,381;0,203404214;0,672;0,3258;1059,90865;20,139588;20,0997814;15059,2167;0,53579152;15,7459127;1985,07402;8037,60999;0,84640958;1917,20087;69,2424126;3,94480424;3077,72529;15,8868674;96,1321477;356,88;67,6562;7,44;159,5;10,09;1,69631555;0,03079802;0,57047898;3287,03955;0,17391607;0,02752587;0,01152515;2,01118667;156,771738;79,4020333;10,2427405;0,16190706;19,2942798;16,3807475;27,5914415;;;
41;Sam_Nig_3;Sam_Nig_3;Sam_Nig;Sam;Caprifoliaceae;6,5;2,06901426;4;4,35983333;50,78586667;8;0,6231;;0;47,222;;0,2645;29,2482341;75,3809782;2,62094451;0,01059885;11,3541745;165,28008;51264,6287;0,40769615;4970,69446;20,7669569;1,43368194;5215,66962;0,4848614;54,9269246;0,2464;2473,063;10,03678166;1211,381;0,203404214;0,672;0,3258;1059,90865;20,139588;20,0997814;15059,2167;0,53579152;15,7459127;1985,07402;8037,60999;0,84640958;1917,20087;69,2424126;3,94480424;3077,72529;15,8868674;96,1321477;356,88;67,6562;7,44;159,5;10,09;1,69631555;0,03079802;0,57047898;3287,03955;0,17391607;0,02752587;0,01152515;2,01118667;156,771738;79,4020333;10,2427405;0,16190706;19,2942798;16,3807475;27,5914415;;;
41;Sam_Nig_3;Sam_Nig_3;Sam_Nig;Sam;Caprifoliaceae;6,5;2,06901426;4;4,35983333;50,78586667;9;0,542;;0;4,668;;0,2645;29,2482341;75,3809782;2,62094451;0,01059885;11,3541745;165,28008;51264,6287;0,40769615;4970,69446;20,7669569;1,43368194;5215,66962;0,4848614;54,9269246;0,2464;2473,063;10,03678166;1211,381;0,203404214;0,672;0,3258;1059,90865;20,139588;20,0997814;15059,2167;0,53579152;15,7459127;1985,07402;8037,60999;0,84640958;1917,20087;69,2424126;3,94480424;3077,72529;15,8868674;96,1321477;356,88;67,6562;7,44;159,5;10,09;1,69631555;0,03079802;0,57047898;3287,03955;0,17391607;0,02752587;0,01152515;2,01118667;156,771738;79,4020333;10,2427405;0,16190706;19,2942798;16,3807475;27,5914415;;;
42;Fag_Syl_1;Fag_Syl_1;Fag_Syl;Fag;Fagaceae;28,27433388;9;12;4,35916667;50,78475000;1;0,1589;0,0683;0,429830082;26,8;392,38653;0,3826;28,841343;29,1893082;22,6938766;0,04264737;6,4247509;93,183047;8792,59758;0,05636056;1598,51034;183,586242;1,24555959;1337,73655;0,33217363;34,5351979;0,539;7490,364;13,90695588;4072,687;0,13218833;0,6095;0,356;3169,52767;13,4487452;53,9587115;7557,87273;4,47402549;21,2749093;4145,16141;4161,16745;1,05030994;1436,82783;112,044689;13,2150218;1899,61975;120,329429;385,42996;373,71;0;6,74;63,2;10,1;41,4251593;0,00578266;0,26486611;1486,75622;0,13387583;0,16038974;0,05133266;1,58515649;85,8119644;78,7585671;15,6129394;0,84841445;1,90403954;9,50198622;6,75755749;;;
42;Fag_Syl_1;Fag_Syl_1;Fag_Syl;Fag;Fagaceae;28,27433388;9;12;4,35916667;50,78475000;2;0,3165;0,1423;0,449605055;43,031;302,3963457;0,3826;28,841343;29,1893082;22,6938766;0,04264737;6,4247509;93,183047;8792,59758;0,05636056;1598,51034;183,586242;1,24555959;1337,73655;0,33217363;34,5351979;0,539;7490,364;13,90695588;4072,687;0,13218833;0,6095;0,356;3169,52767;13,4487452;53,9587115;7557,87273;4,47402549;21,2749093;4145,16141;4161,16745;1,05030994;1436,82783;112,044689;13,2150218;1899,61975;120,329429;385,42996;373,71;0;6,74;63,2;10,1;41,4251593;0,00578266;0,26486611;1486,75622;0,13387583;0,16038974;0,05133266;1,58515649;85,8119644;78,7585671;15,6129394;0,84841445;1,90403954;9,50198622;6,75755749;;;
42;Fag_Syl_1;Fag_Syl_1;Fag_Syl;Fag;Fagaceae;28,27433388;9;12;4,35916667;50,78475000;3;0,3062;0,1394;0,455258001;40,296;289,0674319;0,3826;28,841343;29,1893082;22,6938766;0,04264737;6,4247509;93,183047;8792,59758;0,05636056;1598,51034;183,586242;1,24555959;1337,73655;0,33217363;34,5351979;0,539;7490,364;13,90695588;4072,687;0,13218833;0,6095;0,356;3169,52767;13,4487452;53,9587115;7557,87273;4,47402549;21,2749093;4145,16141;4161,16745;1,05030994;1436,82783;112,044689;13,2150218;1899,61975;120,329429;385,42996;373,71;0;6,74;63,2;10,1;41,4251593;0,00578266;0,26486611;1486,75622;0,13387583;0,16038974;0,05133266;1,58515649;85,8119644;78,7585671;15,6129394;0,84841445;1,90403954;9,50198622;6,75755749;;;
42;Fag_Syl_1;Fag_Syl_1;Fag_Syl;Fag;Fagaceae;28,27433388;9;12;4,35916667;50,78475000;4;0,234;0,1058;0,452136752;29,659;280,3308129;0,3826;28,841343;29,1893082;22,6938766;0,04264737;6,4247509;93,183047;8792,59758;0,05636056;1598,51034;183,586242;1,24555959;1337,73655;0,33217363;34,5351979;0,539;7490,364;13,90695588;4072,687;0,13218833;0,6095;0,356;3169,52767;13,4487452;53,9587115;7557,87273;4,47402549;21,2749093;4145,16141;4161,16745;1,05030994;1436,82783;112,044689;13,2150218;1899,61975;120,329429;385,42996;373,71;0;6,74;63,2;10,1;41,4251593;0,00578266;0,26486611;1486,75622;0,13387583;0,16038974;0,05133266;1,58515649;85,8119644;78,7585671;15,6129394;0,84841445;1,90403954;9,50198622;6,75755749;;;
42;Fag_Syl_1;Fag_Syl_1;Fag_Syl;Fag;Fagaceae;28,27433388;9;12;4,35916667;50,78475000;5;0,2486;0,1135;0,456556718;33,27;293,1277533;0,3826;28,841343;29,1893082;22,6938766;0,04264737;6,4247509;93,183047;8792,59758;0,05636056;1598,51034;183,586242;1,24555959;1337,73655;0,33217363;34,5351979;0,539;7490,364;13,90695588;4072,687;0,13218833;0,6095;0,356;3169,52767;13,4487452;53,9587115;7557,87273;4,47402549;21,2749093;4145,16141;4161,16745;1,05030994;1436,82783;112,044689;13,2150218;1899,61975;120,329429;385,42996;373,71;0;6,74;63,2;10,1;41,4251593;0,00578266;0,26486611;1486,75622;0,13387583;0,16038974;0,05133266;1,58515649;85,8119644;78,7585671;15,6129394;0,84841445;1,90403954;9,50198622;6,75755749;;;
42;Fag_Syl_1;Fag_Syl_1;Fag_Syl;Fag;Fagaceae;28,27433388;9;12;4,35916667;50,78475000;6;0,2602;0,1101;0,423136049;38,881;353,1425976;0,3826;28,841343;29,1893082;22,6938766;0,04264737;6,4247509;93,183047;8792,59758;0,05636056;1598,51034;183,586242;1,24555959;1337,73655;0,33217363;34,5351979;0,539;7490,364;13,90695588;4072,687;0,13218833;0,6095;0,356;3169,52767;13,4487452;53,9587115;7557,87273;4,47402549;21,2749093;4145,16141;4161,16745;1,05030994;1436,82783;112,044689;13,2150218;1899,61975;120,329429;385,42996;373,71;0;6,74;63,2;10,1;41,4251593;0,00578266;0,26486611;1486,75622;0,13387583;0,16038974;0,05133266;1,58515649;85,8119644;78,7585671;15,6129394;0,84841445;1,90403954;9,50198622;6,75755749;;;
42;Fag_Syl_1;Fag_Syl_1;Fag_Syl;Fag;Fagaceae;28,27433388;9;12;4,35916667;50,78475000;7;0,1964;0,0825;0,4200611;30,618;371,1272727;0,3826;28,841343;29,1893082;22,6938766;0,04264737;6,4247509;93,183047;8792,59758;0,05636056;1598,51034;183,586242;1,24555959;1337,73655;0,33217363;34,5351979;0,539;7490,364;13,90695588;4072,687;0,13218833;0,6095;0,356;3169,52767;13,4487452;53,9587115;7557,87273;4,47402549;21,2749093;4145,16141;4161,16745;1,05030994;1436,82783;112,044689;13,2150218;1899,61975;120,329429;385,42996;373,71;0;6,74;63,2;10,1;41,4251593;0,00578266;0,26486611;1486,75622;0,13387583;0,16038974;0,05133266;1,58515649;85,8119644;78,7585671;15,6129394;0,84841445;1,90403954;9,50198622;6,75755749;;;
43;Fag_Syl_2;Fag_Syl_2;Fag_Syl;Fag;Fagaceae;7;2,228169203;5;4,35770000;50,78358333;1;0,2243;0,0734;0,327240303;37,672;513,2425068;0,3861;80,2151286;44,8184328;39,6452164;0,14576991;11,41657;248,543103;16420,3457;0,16402673;238,030391;528,161886;7,38809846;1679,38272;0,9287612;78,4948847;0,2253;5952,266;26,41928984;1001,504;0,224961658;0,356;0,3396;2206,24172;19,75346;34,8315654;5092,96377;0,93629947;15,0799795;1681,39615;3686,75063;0,33087923;1182,94454;277,976496;6,67869837;1874,19021;56,7529066;258,345855;210,03;0;4,2;67,7;10,06;278,767684;0,04614292;0,29278487;299,832675;0,06395576;0,19270914;0,31119505;2,09965799;74,0877799;50,4829698;18,7567427;0,47725476;25,080011;15,8243986;36,1925897;;;
43;Fag_Syl_2;Fag_Syl_2;Fag_Syl;Fag;Fagaceae;7;2,228169203;5;4,35770000;50,78358333;2;0,229;0,0764;0,333624454;37,706;493,5340314;0,3861;80,2151286;44,8184328;39,6452164;0,14576991;11,41657;248,543103;16420,3457;0,16402673;238,030391;528,161886;7,38809846;1679,38272;0,9287612;78,4948847;0,2253;5952,266;26,41928984;1001,504;0,224961658;0,356;0,3396;2206,24172;19,75346;34,8315654;5092,96377;0,93629947;15,0799795;1681,39615;3686,75063;0,33087923;1182,94454;277,976496;6,67869837;1874,19021;56,7529066;258,345855;210,03;0;4,2;67,7;10,06;278,767684;0,04614292;0,29278487;299,832675;0,06395576;0,19270914;0,31119505;2,09965799;74,0877799;50,4829698;18,7567427;0,47725476;25,080011;15,8243986;36,1925897;;;
43;Fag_Syl_2;Fag_Syl_2;Fag_Syl;Fag;Fagaceae;7;2,228169203;5;4,35770000;50,78358333;3;0,2195;0,0699;0,318451025;36,562;523,0615165;0,3861;80,2151286;44,8184328;39,6452164;0,14576991;11,41657;248,543103;16420,3457;0,16402673;238,030391;528,161886;7,38809846;1679,38272;0,9287612;78,4948847;0,2253;5952,266;26,41928984;1001,504;0,224961658;0,356;0,3396;2206,24172;19,75346;34,8315654;5092,96377;0,93629947;15,0799795;1681,39615;3686,75063;0,33087923;1182,94454;277,976496;6,67869837;1874,19021;56,7529066;258,345855;210,03;0;4,2;67,7;10,06;278,767684;0,04614292;0,29278487;299,832675;0,06395576;0,19270914;0,31119505;2,09965799;74,0877799;50,4829698;18,7567427;0,47725476;25,080011;15,8243986;36,1925897;;;
43;Fag_Syl_2;Fag_Syl_2;Fag_Syl;Fag;Fagaceae;7;2,228169203;5;4,35770000;50,78358333;4;0,2065;0,067;0,324455206;35,721;533,1492537;0,3861;80,2151286;44,8184328;39,6452164;0,14576991;11,41657;248,543103;16420,3457;0,16402673;238,030391;528,161886;7,38809846;1679,38272;0,9287612;78,4948847;0,2253;5952,266;26,41928984;1001,504;0,224961658;0,356;0,3396;2206,24172;19,75346;34,8315654;5092,96377;0,93629947;15,0799795;1681,39615;3686,75063;0,33087923;1182,94454;277,976496;6,67869837;1874,19021;56,7529066;258,345855;210,03;0;4,2;67,7;10,06;278,767684;0,04614292;0,29278487;299,832675;0,06395576;0,19270914;0,31119505;2,09965799;74,0877799;50,4829698;18,7567427;0,47725476;25,080011;15,8243986;36,1925897;;;
43;Fag_Syl_2;Fag_Syl_2;Fag_Syl;Fag;Fagaceae;7;2,228169203;5;4,35770000;50,78358333;5;0,2037;0,064;0,314187531;35,045;547,578125;0,3861;80,2151286;44,8184328;39,6452164;0,14576991;11,41657;248,543103;16420,3457;0,16402673;238,030391;528,161886;7,38809846;1679,38272;0,9287612;78,4948847;0,2253;5952,266;26,41928984;1001,504;0,224961658;0,356;0,3396;2206,24172;19,75346;34,8315654;5092,96377;0,93629947;15,0799795;1681,39615;3686,75063;0,33087923;1182,94454;277,976496;6,67869837;1874,19021;56,7529066;258,345855;210,03;0;4,2;67,7;10,06;278,767684;0,04614292;0,29278487;299,832675;0,06395576;0,19270914;0,31119505;2,09965799;74,0877799;50,4829698;18,7567427;0,47725476;25,080011;15,8243986;36,1925897;;;
43;Fag_Syl_2;Fag_Syl_2;Fag_Syl;Fag;Fagaceae;7;2,228169203;5;4,35770000;50,78358333;6;0,1961;0,0633;0,322794493;34,062;538,1042654;0,3861;80,2151286;44,8184328;39,6452164;0,14576991;11,41657;248,543103;16420,3457;0,16402673;238,030391;528,161886;7,38809846;1679,38272;0,9287612;78,4948847;0,2253;5952,266;26,41928984;1001,504;0,224961658;0,356;0,3396;2206,24172;19,75346;34,8315654;5092,96377;0,93629947;15,0799795;1681,39615;3686,75063;0,33087923;1182,94454;277,976496;6,67869837;1874,19021;56,7529066;258,345855;210,03;0;4,2;67,7;10,06;278,767684;0,04614292;0,29278487;299,832675;0,06395576;0,19270914;0,31119505;2,09965799;74,0877799;50,4829698;18,7567427;0,47725476;25,080011;15,8243986;36,1925897;;;
43;Fag_Syl_2;Fag_Syl_2;Fag_Syl;Fag;Fagaceae;7;2,228169203;5;4,35770000;50,78358333;7;0,2345;0,0744;0,317270789;39,108;525,6451613;0,3861;80,2151286;44,8184328;39,6452164;0,14576991;11,41657;248,543103;16420,3457;0,16402673;238,030391;528,161886;7,38809846;1679,38272;0,9287612;78,4948847;0,2253;5952,266;26,41928984;1001,504;0,224961658;0,356;0,3396;2206,24172;19,75346;34,8315654;5092,96377;0,93629947;15,0799795;1681,39615;3686,75063;0,33087923;1182,94454;277,976496;6,67869837;1874,19021;56,7529066;258,345855;210,03;0;4,2;67,7;10,06;278,767684;0,04614292;0,29278487;299,832675;0,06395576;0,19270914;0,31119505;2,09965799;74,0877799;50,4829698;18,7567427;0,47725476;25,080011;15,8243986;36,1925897;;;
43;Fag_Syl_2;Fag_Syl_2;Fag_Syl;Fag;Fagaceae;7;2,228169203;5;4,35770000;50,78358333;8;0,2796;0,0913;0,326537911;44,968;492,5301205;0,3861;80,2151286;44,8184328;39,6452164;0,14576991;11,41657;248,543103;16420,3457;0,16402673;238,030391;528,161886;7,38809846;1679,38272;0,9287612;78,4948847;0,2253;5952,266;26,41928984;1001,504;0,224961658;0,356;0,3396;2206,24172;19,75346;34,8315654;5092,96377;0,93629947;15,0799795;1681,39615;3686,75063;0,33087923;1182,94454;277,976496;6,67869837;1874,19021;56,7529066;258,345855;210,03;0;4,2;67,7;10,06;278,767684;0,04614292;0,29278487;299,832675;0,06395576;0,19270914;0,31119505;2,09965799;74,0877799;50,4829698;18,7567427;0,47725476;25,080011;15,8243986;36,1925897;;;
44;Rob_Pse_1_(1);Rob_Pse_1;Rob_Pse;Rob;Fabaceae;219,9114858;70;3;4,35911667;50,78480000;1;0,0943;0,0308;0,326617179;12,141;394,1883117;0,2656;42,3924239;60,615466;24,3076141;0,01000363;11,1285577;145,924696;22460,1058;0,03634989;2416,35924;76,6585322;3,19247425;2322,89662;0,29847435;32,1582586;0,3797;5806,045;15,29113774;2467,35;0,153889801;0,633;0,3925;818,080842;18,1044321;23,6688142;7068,38712;1,79772845;31,8931785;1149,89202;13837,79;0,45754148;1432,38577;284,685227;4,07337209;2720,45831;56,0581057;97,1790306;384,78;0;4,31;83,4;9,97;190,061799;0,03010299;0,24990694;575,515937;0,05922317;0,25378397;0,18887896;2,33058384;109,471592;29,1426158;13,6066286;0,47809565;18,3572344;17,8341299;4,15262038;;;
44;Rob_Pse_1_(1);Rob_Pse_1;Rob_Pse;Rob;Fabaceae;219,9114858;70;3;4,35911667;50,78480000;2;0,1386;0,0423;0,305194805;19,392;458,4397163;0,2656;42,3924239;60,615466;24,3076141;0,01000363;11,1285577;145,924696;22460,1058;0,03634989;2416,35924;76,6585322;3,19247425;2322,89662;0,29847435;32,1582586;0,3797;5806,045;15,29113774;2467,35;0,153889801;0,633;0,3925;818,080842;18,1044321;23,6688142;7068,38712;1,79772845;31,8931785;1149,89202;13837,79;0,45754148;1432,38577;284,685227;4,07337209;2720,45831;56,0581057;97,1790306;384,78;0;4,31;83,4;9,97;190,061799;0,03010299;0,24990694;575,515937;0,05922317;0,25378397;0,18887896;2,33058384;109,471592;29,1426158;13,6066286;0,47809565;18,3572344;17,8341299;4,15262038;;;
44;Rob_Pse_1_(1);Rob_Pse_1;Rob_Pse;Rob;Fabaceae;219,9114858;70;3;4,35911667;50,78480000;3;0,1083;0,0328;0,302862419;14,539;443,2621951;0,2656;42,3924239;60,615466;24,3076141;0,01000363;11,1285577;145,924696;22460,1058;0,03634989;2416,35924;76,6585322;3,19247425;2322,89662;0,29847435;32,1582586;0,3797;5806,045;15,29113774;2467,35;0,153889801;0,633;0,3925;818,080842;18,1044321;23,6688142;7068,38712;1,79772845;31,8931785;1149,89202;13837,79;0,45754148;1432,38577;284,685227;4,07337209;2720,45831;56,0581057;97,1790306;384,78;0;4,31;83,4;9,97;190,061799;0,03010299;0,24990694;575,515937;0,05922317;0,25378397;0,18887896;2,33058384;109,471592;29,1426158;13,6066286;0,47809565;18,3572344;17,8341299;4,15262038;;;
44;Rob_Pse_1_(1);Rob_Pse_1;Rob_Pse;Rob;Fabaceae;219,9114858;70;3;4,35911667;50,78480000;4;0,1521;0,0453;0,297830375;21,298;470,1545254;0,2656;42,3924239;60,615466;24,3076141;0,01000363;11,1285577;145,924696;22460,1058;0,03634989;2416,35924;76,6585322;3,19247425;2322,89662;0,29847435;32,1582586;0,3797;5806,045;15,29113774;2467,35;0,153889801;0,633;0,3925;818,080842;18,1044321;23,6688142;7068,38712;1,79772845;31,8931785;1149,89202;13837,79;0,45754148;1432,38577;284,685227;4,07337209;2720,45831;56,0581057;97,1790306;384,78;0;4,31;83,4;9,97;190,061799;0,03010299;0,24990694;575,515937;0,05922317;0,25378397;0,18887896;2,33058384;109,471592;29,1426158;13,6066286;0,47809565;18,3572344;17,8341299;4,15262038;;;
44;Rob_Pse_1_(1);Rob_Pse_1;Rob_Pse;Rob;Fabaceae;219,9114858;70;3;4,35911667;50,78480000;5;0,1521;0,0473;0,310979619;20,84;440,5919662;0,2656;42,3924239;60,615466;24,3076141;0,01000363;11,1285577;145,924696;22460,1058;0,03634989;2416,35924;76,6585322;3,19247425;2322,89662;0,29847435;32,1582586;0,3797;5806,045;15,29113774;2467,35;0,153889801;0,633;0,3925;818,080842;18,1044321;23,6688142;7068,38712;1,79772845;31,8931785;1149,89202;13837,79;0,45754148;1432,38577;284,685227;4,07337209;2720,45831;56,0581057;97,1790306;384,78;0;4,31;83,4;9,97;190,061799;0,03010299;0,24990694;575,515937;0,05922317;0,25378397;0,18887896;2,33058384;109,471592;29,1426158;13,6066286;0,47809565;18,3572344;17,8341299;4,15262038;;;
44;Rob_Pse_1_(1);Rob_Pse_1;Rob_Pse;Rob;Fabaceae;219,9114858;70;3;4,35911667;50,78480000;6;0,1868;0,0566;0,302997859;24,716;436,6784452;0,2656;42,3924239;60,615466;24,3076141;0,01000363;11,1285577;145,924696;22460,1058;0,03634989;2416,35924;76,6585322;3,19247425;2322,89662;0,29847435;32,1582586;0,3797;5806,045;15,29113774;2467,35;0,153889801;0,633;0,3925;818,080842;18,1044321;23,6688142;7068,38712;1,79772845;31,8931785;1149,89202;13837,79;0,45754148;1432,38577;284,685227;4,07337209;2720,45831;56,0581057;97,1790306;384,78;0;4,31;83,4;9,97;190,061799;0,03010299;0,24990694;575,515937;0,05922317;0,25378397;0,18887896;2,33058384;109,471592;29,1426158;13,6066286;0,47809565;18,3572344;17,8341299;4,15262038;;;
44;Rob_Pse_1_(1);Rob_Pse_1;Rob_Pse;Rob;Fabaceae;219,9114858;70;3;4,35911667;50,78480000;7;0,1452;0,0417;0,287190083;20,429;489,9040767;0,2656;42,3924239;60,615466;24,3076141;0,01000363;11,1285577;145,924696;22460,1058;0,03634989;2416,35924;76,6585322;3,19247425;2322,89662;0,29847435;32,1582586;0,3797;5806,045;15,29113774;2467,35;0,153889801;0,633;0,3925;818,080842;18,1044321;23,6688142;7068,38712;1,79772845;31,8931785;1149,89202;13837,79;0,45754148;1432,38577;284,685227;4,07337209;2720,45831;56,0581057;97,1790306;384,78;0;4,31;83,4;9,97;190,061799;0,03010299;0,24990694;575,515937;0,05922317;0,25378397;0,18887896;2,33058384;109,471592;29,1426158;13,6066286;0,47809565;18,3572344;17,8341299;4,15262038;;;
44;Rob_Pse_1_(1);Rob_Pse_1;Rob_Pse;Rob;Fabaceae;219,9114858;70;3;4,35911667;50,78480000;8;0,1479;0,0448;0,30290737;19,905;444,3080357;0,2656;42,3924239;60,615466;24,3076141;0,01000363;11,1285577;145,924696;22460,1058;0,03634989;2416,35924;76,6585322;3,19247425;2322,89662;0,29847435;32,1582586;0,3797;5806,045;15,29113774;2467,35;0,153889801;0,633;0,3925;818,080842;18,1044321;23,6688142;7068,38712;1,79772845;31,8931785;1149,89202;13837,79;0,45754148;1432,38577;284,685227;4,07337209;2720,45831;56,0581057;97,1790306;384,78;0;4,31;83,4;9,97;190,061799;0,03010299;0,24990694;575,515937;0,05922317;0,25378397;0,18887896;2,33058384;109,471592;29,1426158;13,6066286;0,47809565;18,3572344;17,8341299;4,15262038;;;
45;Rob_Pse_1_(2);Rob_Pse_1;Rob_Pse;Rob;Fabaceae;219,9114858;70;3;4,35911667;50,78480000;1;0,1377;0,0441;0,320261438;17,859;404,9659864;0,2819;9,69069735;92,7837358;24,4484283;0,01073066;7,92391458;99,650041;20279,4802;0,03220967;2031,84328;57,543375;2,58107461;2153,92774;0,41898673;34,5530952;0,3797;5806,045;15,29113774;2467,35;0,153889801;0,633;0,3925;818,080842;18,1044321;23,6688142;7068,38712;1,79772845;31,8931785;1149,89202;13837,79;0,45754148;1432,38577;284,685227;4,07337209;2720,45831;56,0581057;97,1790306;384,78;0;4,31;83,4;9,97;190,061799;0,03010299;0,24990694;575,515937;0,05922317;0,25378397;0,18887896;2,33058384;109,471592;29,1426158;13,6066286;0,47809565;18,3572344;17,8341299;4,15262038;;;
45;Rob_Pse_1_(2);Rob_Pse_1;Rob_Pse;Rob;Fabaceae;219,9114858;70;3;4,35911667;50,78480000;2;0,1405;0,0458;0,325978648;20,146;439,8689956;0,2819;9,69069735;92,7837358;24,4484283;0,01073066;7,92391458;99,650041;20279,4802;0,03220967;2031,84328;57,543375;2,58107461;2153,92774;0,41898673;34,5530952;0,3797;5806,045;15,29113774;2467,35;0,153889801;0,633;0,3925;818,080842;18,1044321;23,6688142;7068,38712;1,79772845;31,8931785;1149,89202;13837,79;0,45754148;1432,38577;284,685227;4,07337209;2720,45831;56,0581057;97,1790306;384,78;0;4,31;83,4;9,97;190,061799;0,03010299;0,24990694;575,515937;0,05922317;0,25378397;0,18887896;2,33058384;109,471592;29,1426158;13,6066286;0,47809565;18,3572344;17,8341299;4,15262038;;;
45;Rob_Pse_1_(2);Rob_Pse_1;Rob_Pse;Rob;Fabaceae;219,9114858;70;3;4,35911667;50,78480000;3;0,1063;0,0324;0,304797742;14,424;445,1851852;0,2819;9,69069735;92,7837358;24,4484283;0,01073066;7,92391458;99,650041;20279,4802;0,03220967;2031,84328;57,543375;2,58107461;2153,92774;0,41898673;34,5530952;0,3797;5806,045;15,29113774;2467,35;0,153889801;0,633;0,3925;818,080842;18,1044321;23,6688142;7068,38712;1,79772845;31,8931785;1149,89202;13837,79;0,45754148;1432,38577;284,685227;4,07337209;2720,45831;56,0581057;97,1790306;384,78;0;4,31;83,4;9,97;190,061799;0,03010299;0,24990694;575,515937;0,05922317;0,25378397;0,18887896;2,33058384;109,471592;29,1426158;13,6066286;0,47809565;18,3572344;17,8341299;4,15262038;;;
45;Rob_Pse_1_(2);Rob_Pse_1;Rob_Pse;Rob;Fabaceae;219,9114858;70;3;4,35911667;50,78480000;4;0,1514;0,0481;0,317701453;20,596;428,1912682;0,2819;9,69069735;92,7837358;24,4484283;0,01073066;7,92391458;99,650041;20279,4802;0,03220967;2031,84328;57,543375;2,58107461;2153,92774;0,41898673;34,5530952;0,3797;5806,045;15,29113774;2467,35;0,153889801;0,633;0,3925;818,080842;18,1044321;23,6688142;7068,38712;1,79772845;31,8931785;1149,89202;13837,79;0,45754148;1432,38577;284,685227;4,07337209;2720,45831;56,0581057;97,1790306;384,78;0;4,31;83,4;9,97;190,061799;0,03010299;0,24990694;575,515937;0,05922317;0,25378397;0,18887896;2,33058384;109,471592;29,1426158;13,6066286;0,47809565;18,3572344;17,8341299;4,15262038;;;
45;Rob_Pse_1_(2);Rob_Pse_1;Rob_Pse;Rob;Fabaceae;219,9114858;70;3;4,35911667;50,78480000;5;0,11;0,0373;0,339090909;14,421;386,6219839;0,2819;9,69069735;92,7837358;24,4484283;0,01073066;7,92391458;99,650041;20279,4802;0,03220967;2031,84328;57,543375;2,58107461;2153,92774;0,41898673;34,5530952;0,3797;5806,045;15,29113774;2467,35;0,153889801;0,633;0,3925;818,080842;18,1044321;23,6688142;7068,38712;1,79772845;31,8931785;1149,89202;13837,79;0,45754148;1432,38577;284,685227;4,07337209;2720,45831;56,0581057;97,1790306;384,78;0;4,31;83,4;9,97;190,061799;0,03010299;0,24990694;575,515937;0,05922317;0,25378397;0,18887896;2,33058384;109,471592;29,1426158;13,6066286;0,47809565;18,3572344;17,8341299;4,15262038;;;
45;Rob_Pse_1_(2);Rob_Pse_1;Rob_Pse;Rob;Fabaceae;219,9114858;70;3;4,35911667;50,78480000;6;0,1019;0,035;0,343473994;14,007;400,2;0,2819;9,69069735;92,7837358;24,4484283;0,01073066;7,92391458;99,650041;20279,4802;0,03220967;2031,84328;57,543375;2,58107461;2153,92774;0,41898673;34,5530952;0,3797;5806,045;15,29113774;2467,35;0,153889801;0,633;0,3925;818,080842;18,1044321;23,6688142;7068,38712;1,79772845;31,8931785;1149,89202;13837,79;0,45754148;1432,38577;284,685227;4,07337209;2720,45831;56,0581057;97,1790306;384,78;0;4,31;83,4;9,97;190,061799;0,03010299;0,24990694;575,515937;0,05922317;0,25378397;0,18887896;2,33058384;109,471592;29,1426158;13,6066286;0,47809565;18,3572344;17,8341299;4,15262038;;;
45;Rob_Pse_1_(2);Rob_Pse_1;Rob_Pse;Rob;Fabaceae;219,9114858;70;3;4,35911667;50,78480000;7;0,1498;0,0504;0,336448598;20,406;404,8809524;0,2819;9,69069735;92,7837358;24,4484283;0,01073066;7,92391458;99,650041;20279,4802;0,03220967;2031,84328;57,543375;2,58107461;2153,92774;0,41898673;34,5530952;0,3797;5806,045;15,29113774;2467,35;0,153889801;0,633;0,3925;818,080842;18,1044321;23,6688142;7068,38712;1,79772845;31,8931785;1149,89202;13837,79;0,45754148;1432,38577;284,685227;4,07337209;2720,45831;56,0581057;97,1790306;384,78;0;4,31;83,4;9,97;190,061799;0,03010299;0,24990694;575,515937;0,05922317;0,25378397;0,18887896;2,33058384;109,471592;29,1426158;13,6066286;0,47809565;18,3572344;17,8341299;4,15262038;;;
45;Rob_Pse_1_(2);Rob_Pse_1;Rob_Pse;Rob;Fabaceae;219,9114858;70;3;4,35911667;50,78480000;8;0,1107;0,0384;0,346883469;15,458;402,5520833;0,2819;9,69069735;92,7837358;24,4484283;0,01073066;7,92391458;99,650041;20279,4802;0,03220967;2031,84328;57,543375;2,58107461;2153,92774;0,41898673;34,5530952;0,3797;5806,045;15,29113774;2467,35;0,153889801;0,633;0,3925;818,080842;18,1044321;23,6688142;7068,38712;1,79772845;31,8931785;1149,89202;13837,79;0,45754148;1432,38577;284,685227;4,07337209;2720,45831;56,0581057;97,1790306;384,78;0;4,31;83,4;9,97;190,061799;0,03010299;0,24990694;575,515937;0,05922317;0,25378397;0,18887896;2,33058384;109,471592;29,1426158;13,6066286;0,47809565;18,3572344;17,8341299;4,15262038;;;
45;Rob_Pse_1_(2);Rob_Pse_1;Rob_Pse;Rob;Fabaceae;219,9114858;70;3;4,35911667;50,78480000;9;0,1701;0,0565;0,332157554;22,559;399,2743363;0,2819;9,69069735;92,7837358;24,4484283;0,01073066;7,92391458;99,650041;20279,4802;0,03220967;2031,84328;57,543375;2,58107461;2153,92774;0,41898673;34,5530952;0,3797;5806,045;15,29113774;2467,35;0,153889801;0,633;0,3925;818,080842;18,1044321;23,6688142;7068,38712;1,79772845;31,8931785;1149,89202;13837,79;0,45754148;1432,38577;284,685227;4,07337209;2720,45831;56,0581057;97,1790306;384,78;0;4,31;83,4;9,97;190,061799;0,03010299;0,24990694;575,515937;0,05922317;0,25378397;0,18887896;2,33058384;109,471592;29,1426158;13,6066286;0,47809565;18,3572344;17,8341299;4,15262038;;;
45;Rob_Pse_1_(2);Rob_Pse_1;Rob_Pse;Rob;Fabaceae;219,9114858;70;3;4,35911667;50,78480000;10;0,1342;0,0419;0,312220566;18,258;435,75179;0,2819;9,69069735;92,7837358;24,4484283;0,01073066;7,92391458;99,650041;20279,4802;0,03220967;2031,84328;57,543375;2,58107461;2153,92774;0,41898673;34,5530952;0,3797;5806,045;15,29113774;2467,35;0,153889801;0,633;0,3925;818,080842;18,1044321;23,6688142;7068,38712;1,79772845;31,8931785;1149,89202;13837,79;0,45754148;1432,38577;284,685227;4,07337209;2720,45831;56,0581057;97,1790306;384,78;0;4,31;83,4;9,97;190,061799;0,03010299;0,24990694;575,515937;0,05922317;0,25378397;0,18887896;2,33058384;109,471592;29,1426158;13,6066286;0,47809565;18,3572344;17,8341299;4,15262038;;;
45;Rob_Pse_1_(2);Rob_Pse_1;Rob_Pse;Rob;Fabaceae;219,9114858;70;3;4,35911667;50,78480000;11;0,172;0,0574;0,33372093;22,851;398,1010453;0,2819;9,69069735;92,7837358;24,4484283;0,01073066;7,92391458;99,650041;20279,4802;0,03220967;2031,84328;57,543375;2,58107461;2153,92774;0,41898673;34,5530952;0,3797;5806,045;15,29113774;2467,35;0,153889801;0,633;0,3925;818,080842;18,1044321;23,6688142;7068,38712;1,79772845;31,8931785;1149,89202;13837,79;0,45754148;1432,38577;284,685227;4,07337209;2720,45831;56,0581057;97,1790306;384,78;0;4,31;83,4;9,97;190,061799;0,03010299;0,24990694;575,515937;0,05922317;0,25378397;0,18887896;2,33058384;109,471592;29,1426158;13,6066286;0,47809565;18,3572344;17,8341299;4,15262038;;;
45;Rob_Pse_1_(2);Rob_Pse_1;Rob_Pse;Rob;Fabaceae;219,9114858;70;3;4,35911667;50,78480000;12;0,17;0,0549;0,322941176;21,722;395,6648452;0,2819;9,69069735;92,7837358;24,4484283;0,01073066;7,92391458;99,650041;20279,4802;0,03220967;2031,84328;57,543375;2,58107461;2153,92774;0,41898673;34,5530952;0,3797;5806,045;15,29113774;2467,35;0,153889801;0,633;0,3925;818,080842;18,1044321;23,6688142;7068,38712;1,79772845;31,8931785;1149,89202;13837,79;0,45754148;1432,38577;284,685227;4,07337209;2720,45831;56,0581057;97,1790306;384,78;0;4,31;83,4;9,97;190,061799;0,03010299;0,24990694;575,515937;0,05922317;0,25378397;0,18887896;2,33058384;109,471592;29,1426158;13,6066286;0,47809565;18,3572344;17,8341299;4,15262038;;;
46;Rob_Pse_2;Rob_Pse_2;Rob_Pse;Rob;Fabaceae;10,5;3,342253805;12;4,35918333;50,78425000;1;0,1154;0,0343;0,297227036;15,165;442,1282799;0,3004;15,3997939;65,0871459;88,244495;0,00723905;6,65146059;102,854218;19810,4187;0,09027234;2285,10898;37,8485623;1,10604726;1841,32902;0,53369174;27,8965198;0,5465;7132,181;13,05065142;5590,934;0,097747532;0,796;0,3639;1693,79244;16,3046199;70,7773497;12326,6956;1,38685725;59,9634561;2778,82979;8309,83303;1,297508;2022,57655;84,8393612;6,06860548;2649,35653;94,3914995;344,310733;307,74;47,8783;6,76;161;9,94;4,98070863;0,03176981;0,53955805;2871,67957;0,33748242;0,03743275;0,02238258;16,4498378;137,504347;129,568254;9,05216402;0,48784363;7,6661516;62,4417372;72,5574733;;;
46;Rob_Pse_2;Rob_Pse_2;Rob_Pse;Rob;Fabaceae;10,5;3,342253805;12;4,35918333;50,78425000;2;0,0433;0,0112;0,258660508;7,227;645,2678571;0,3004;15,3997939;65,0871459;88,244495;0,00723905;6,65146059;102,854218;19810,4187;0,09027234;2285,10898;37,8485623;1,10604726;1841,32902;0,53369174;27,8965198;0,5465;7132,181;13,05065142;5590,934;0,097747532;0,796;0,3639;1693,79244;16,3046199;70,7773497;12326,6956;1,38685725;59,9634561;2778,82979;8309,83303;1,297508;2022,57655;84,8393612;6,06860548;2649,35653;94,3914995;344,310733;307,74;47,8783;6,76;161;9,94;4,98070863;0,03176981;0,53955805;2871,67957;0,33748242;0,03743275;0,02238258;16,4498378;137,504347;129,568254;9,05216402;0,48784363;7,6661516;62,4417372;72,5574733;;;
46;Rob_Pse_2;Rob_Pse_2;Rob_Pse;Rob;Fabaceae;10,5;3,342253805;12;4,35918333;50,78425000;3;0,42;0,0107;0,02547619;6,737;629,6261682;0,3004;15,3997939;65,0871459;88,244495;0,00723905;6,65146059;102,854218;19810,4187;0,09027234;2285,10898;37,8485623;1,10604726;1841,32902;0,53369174;27,8965198;0,5465;7132,181;13,05065142;5590,934;0,097747532;0,796;0,3639;1693,79244;16,3046199;70,7773497;12326,6956;1,38685725;59,9634561;2778,82979;8309,83303;1,297508;2022,57655;84,8393612;6,06860548;2649,35653;94,3914995;344,310733;307,74;47,8783;6,76;161;9,94;4,98070863;0,03176981;0,53955805;2871,67957;0,33748242;0,03743275;0,02238258;16,4498378;137,504347;129,568254;9,05216402;0,48784363;7,6661516;62,4417372;72,5574733;;;
46;Rob_Pse_2;Rob_Pse_2;Rob_Pse;Rob;Fabaceae;10,5;3,342253805;12;4,35918333;50,78425000;4;0,0887;0,0299;0,337091319;11,913;398,4280936;0,3004;15,3997939;65,0871459;88,244495;0,00723905;6,65146059;102,854218;19810,4187;0,09027234;2285,10898;37,8485623;1,10604726;1841,32902;0,53369174;27,8965198;0,5465;7132,181;13,05065142;5590,934;0,097747532;0,796;0,3639;1693,79244;16,3046199;70,7773497;12326,6956;1,38685725;59,9634561;2778,82979;8309,83303;1,297508;2022,57655;84,8393612;6,06860548;2649,35653;94,3914995;344,310733;307,74;47,8783;6,76;161;9,94;4,98070863;0,03176981;0,53955805;2871,67957;0,33748242;0,03743275;0,02238258;16,4498378;137,504347;129,568254;9,05216402;0,48784363;7,6661516;62,4417372;72,5574733;;;
46;Rob_Pse_2;Rob_Pse_2;Rob_Pse;Rob;Fabaceae;10,5;3,342253805;12;4,35918333;50,78425000;5;0,101;0,0323;0,31980198;12,239;378,9164087;0,3004;15,3997939;65,0871459;88,244495;0,00723905;6,65146059;102,854218;19810,4187;0,09027234;2285,10898;37,8485623;1,10604726;1841,32902;0,53369174;27,8965198;0,5465;7132,181;13,05065142;5590,934;0,097747532;0,796;0,3639;1693,79244;16,3046199;70,7773497;12326,6956;1,38685725;59,9634561;2778,82979;8309,83303;1,297508;2022,57655;84,8393612;6,06860548;2649,35653;94,3914995;344,310733;307,74;47,8783;6,76;161;9,94;4,98070863;0,03176981;0,53955805;2871,67957;0,33748242;0,03743275;0,02238258;16,4498378;137,504347;129,568254;9,05216402;0,48784363;7,6661516;62,4417372;72,5574733;;;
46;Rob_Pse_2;Rob_Pse_2;Rob_Pse;Rob;Fabaceae;10,5;3,342253805;12;4,35918333;50,78425000;6;0,1013;0,0273;0,269496545;12,609;461,8681319;0,3004;15,3997939;65,0871459;88,244495;0,00723905;6,65146059;102,854218;19810,4187;0,09027234;2285,10898;37,8485623;1,10604726;1841,32902;0,53369174;27,8965198;0,5465;7132,181;13,05065142;5590,934;0,097747532;0,796;0,3639;1693,79244;16,3046199;70,7773497;12326,6956;1,38685725;59,9634561;2778,82979;8309,83303;1,297508;2022,57655;84,8393612;6,06860548;2649,35653;94,3914995;344,310733;307,74;47,8783;6,76;161;9,94;4,98070863;0,03176981;0,53955805;2871,67957;0,33748242;0,03743275;0,02238258;16,4498378;137,504347;129,568254;9,05216402;0,48784363;7,6661516;62,4417372;72,5574733;;;
46;Rob_Pse_2;Rob_Pse_2;Rob_Pse;Rob;Fabaceae;10,5;3,342253805;12;4,35918333;50,78425000;7;0,1015;0,0353;0,347783251;13,675;387,3937677;0,3004;15,3997939;65,0871459;88,244495;0,00723905;6,65146059;102,854218;19810,4187;0,09027234;2285,10898;37,8485623;1,10604726;1841,32902;0,53369174;27,8965198;0,5465;7132,181;13,05065142;5590,934;0,097747532;0,796;0,3639;1693,79244;16,3046199;70,7773497;12326,6956;1,38685725;59,9634561;2778,82979;8309,83303;1,297508;2022,57655;84,8393612;6,06860548;2649,35653;94,3914995;344,310733;307,74;47,8783;6,76;161;9,94;4,98070863;0,03176981;0,53955805;2871,67957;0,33748242;0,03743275;0,02238258;16,4498378;137,504347;129,568254;9,05216402;0,48784363;7,6661516;62,4417372;72,5574733;;;
46;Rob_Pse_2;Rob_Pse_2;Rob_Pse;Rob;Fabaceae;10,5;3,342253805;12;4,35918333;50,78425000;8;0,0533;0,0147;0,275797373;7,723;525,3741497;0,3004;15,3997939;65,0871459;88,244495;0,00723905;6,65146059;102,854218;19810,4187;0,09027234;2285,10898;37,8485623;1,10604726;1841,32902;0,53369174;27,8965198;0,5465;7132,181;13,05065142;5590,934;0,097747532;0,796;0,3639;1693,79244;16,3046199;70,7773497;12326,6956;1,38685725;59,9634561;2778,82979;8309,83303;1,297508;2022,57655;84,8393612;6,06860548;2649,35653;94,3914995;344,310733;307,74;47,8783;6,76;161;9,94;4,98070863;0,03176981;0,53955805;2871,67957;0,33748242;0,03743275;0,02238258;16,4498378;137,504347;129,568254;9,05216402;0,48784363;7,6661516;62,4417372;72,5574733;;;
46;Rob_Pse_2;Rob_Pse_2;Rob_Pse;Rob;Fabaceae;10,5;3,342253805;12;4,35918333;50,78425000;9;0,0826;0,0217;0,262711864;11,114;512,1658986;0,3004;15,3997939;65,0871459;88,244495;0,00723905;6,65146059;102,854218;19810,4187;0,09027234;2285,10898;37,8485623;1,10604726;1841,32902;0,53369174;27,8965198;0,5465;7132,181;13,05065142;5590,934;0,097747532;0,796;0,3639;1693,79244;16,3046199;70,7773497;12326,6956;1,38685725;59,9634561;2778,82979;8309,83303;1,297508;2022,57655;84,8393612;6,06860548;2649,35653;94,3914995;344,310733;307,74;47,8783;6,76;161;9,94;4,98070863;0,03176981;0,53955805;2871,67957;0,33748242;0,03743275;0,02238258;16,4498378;137,504347;129,568254;9,05216402;0,48784363;7,6661516;62,4417372;72,5574733;;;
46;Rob_Pse_2;Rob_Pse_2;Rob_Pse;Rob;Fabaceae;10,5;3,342253805;12;4,35918333;50,78425000;10;0,0919;;0;;;0,3004;15,3997939;65,0871459;88,244495;0,00723905;6,65146059;102,854218;19810,4187;0,09027234;2285,10898;37,8485623;1,10604726;1841,32902;0,53369174;27,8965198;0,5465;7132,181;13,05065142;5590,934;0,097747532;0,796;0,3639;1693,79244;16,3046199;70,7773497;12326,6956;1,38685725;59,9634561;2778,82979;8309,83303;1,297508;2022,57655;84,8393612;6,06860548;2649,35653;94,3914995;344,310733;307,74;47,8783;6,76;161;9,94;4,98070863;0,03176981;0,53955805;2871,67957;0,33748242;0,03743275;0,02238258;16,4498378;137,504347;129,568254;9,05216402;0,48784363;7,6661516;62,4417372;72,5574733;;;
46;Rob_Pse_2;Rob_Pse_2;Rob_Pse;Rob;Fabaceae;10,5;3,342253805;12;4,35918333;50,78425000;11;0,1357;0,0258;0,190125276;12,638;489,8449612;0,3004;15,3997939;65,0871459;88,244495;0,00723905;6,65146059;102,854218;19810,4187;0,09027234;2285,10898;37,8485623;1,10604726;1841,32902;0,53369174;27,8965198;0,5465;7132,181;13,05065142;5590,934;0,097747532;0,796;0,3639;1693,79244;16,3046199;70,7773497;12326,6956;1,38685725;59,9634561;2778,82979;8309,83303;1,297508;2022,57655;84,8393612;6,06860548;2649,35653;94,3914995;344,310733;307,74;47,8783;6,76;161;9,94;4,98070863;0,03176981;0,53955805;2871,67957;0,33748242;0,03743275;0,02238258;16,4498378;137,504347;129,568254;9,05216402;0,48784363;7,6661516;62,4417372;72,5574733;;;
46;Rob_Pse_2;Rob_Pse_2;Rob_Pse;Rob;Fabaceae;10,5;3,342253805;12;4,35918333;50,78425000;12;0,1353;0,0413;0,305247598;15,573;377,0702179;0,3004;15,3997939;65,0871459;88,244495;0,00723905;6,65146059;102,854218;19810,4187;0,09027234;2285,10898;37,8485623;1,10604726;1841,32902;0,53369174;27,8965198;0,5465;7132,181;13,05065142;5590,934;0,097747532;0,796;0,3639;1693,79244;16,3046199;70,7773497;12326,6956;1,38685725;59,9634561;2778,82979;8309,83303;1,297508;2022,57655;84,8393612;6,06860548;2649,35653;94,3914995;344,310733;307,74;47,8783;6,76;161;9,94;4,98070863;0,03176981;0,53955805;2871,67957;0,33748242;0,03743275;0,02238258;16,4498378;137,504347;129,568254;9,05216402;0,48784363;7,6661516;62,4417372;72,5574733;;;
46;Rob_Pse_2;Rob_Pse_2;Rob_Pse;Rob;Fabaceae;10,5;3,342253805;12;4,35918333;50,78425000;13;0,1316;0,0409;0,310790274;15,145;370,2933985;0,3004;15,3997939;65,0871459;88,244495;0,00723905;6,65146059;102,854218;19810,4187;0,09027234;2285,10898;37,8485623;1,10604726;1841,32902;0,53369174;27,8965198;0,5465;7132,181;13,05065142;5590,934;0,097747532;0,796;0,3639;1693,79244;16,3046199;70,7773497;12326,6956;1,38685725;59,9634561;2778,82979;8309,83303;1,297508;2022,57655;84,8393612;6,06860548;2649,35653;94,3914995;344,310733;307,74;47,8783;6,76;161;9,94;4,98070863;0,03176981;0,53955805;2871,67957;0,33748242;0,03743275;0,02238258;16,4498378;137,504347;129,568254;9,05216402;0,48784363;7,6661516;62,4417372;72,5574733;;;
46;Rob_Pse_2;Rob_Pse_2;Rob_Pse;Rob;Fabaceae;10,5;3,342253805;12;4,35918333;50,78425000;14;0,0883;0,0265;0,30011325;10,179;384,1132075;0,3004;15,3997939;65,0871459;88,244495;0,00723905;6,65146059;102,854218;19810,4187;0,09027234;2285,10898;37,8485623;1,10604726;1841,32902;0,53369174;27,8965198;0,5465;7132,181;13,05065142;5590,934;0,097747532;0,796;0,3639;1693,79244;16,3046199;70,7773497;12326,6956;1,38685725;59,9634561;2778,82979;8309,83303;1,297508;2022,57655;84,8393612;6,06860548;2649,35653;94,3914995;344,310733;307,74;47,8783;6,76;161;9,94;4,98070863;0,03176981;0,53955805;2871,67957;0,33748242;0,03743275;0,02238258;16,4498378;137,504347;129,568254;9,05216402;0,48784363;7,6661516;62,4417372;72,5574733;;;
46;Rob_Pse_2;Rob_Pse_2;Rob_Pse;Rob;Fabaceae;10,5;3,342253805;12;4,35918333;50,78425000;15;0,1177;0,0355;0,301614274;13,735;386,9014085;0,3004;15,3997939;65,0871459;88,244495;0,00723905;6,65146059;102,854218;19810,4187;0,09027234;2285,10898;37,8485623;1,10604726;1841,32902;0,53369174;27,8965198;0,5465;7132,181;13,05065142;5590,934;0,097747532;0,796;0,3639;1693,79244;16,3046199;70,7773497;12326,6956;1,38685725;59,9634561;2778,82979;8309,83303;1,297508;2022,57655;84,8393612;6,06860548;2649,35653;94,3914995;344,310733;307,74;47,8783;6,76;161;9,94;4,98070863;0,03176981;0,53955805;2871,67957;0,33748242;0,03743275;0,02238258;16,4498378;137,504347;129,568254;9,05216402;0,48784363;7,6661516;62,4417372;72,5574733;;;
46;Rob_Pse_2;Rob_Pse_2;Rob_Pse;Rob;Fabaceae;10,5;3,342253805;12;4,35918333;50,78425000;16;0,1181;0,0403;0,34123624;15,165;376,3027295;0,3004;15,3997939;65,0871459;88,244495;0,00723905;6,65146059;102,854218;19810,4187;0,09027234;2285,10898;37,8485623;1,10604726;1841,32902;0,53369174;27,8965198;0,5465;7132,181;13,05065142;5590,934;0,097747532;0,796;0,3639;1693,79244;16,3046199;70,7773497;12326,6956;1,38685725;59,9634561;2778,82979;8309,83303;1,297508;2022,57655;84,8393612;6,06860548;2649,35653;94,3914995;344,310733;307,74;47,8783;6,76;161;9,94;4,98070863;0,03176981;0,53955805;2871,67957;0,33748242;0,03743275;0,02238258;16,4498378;137,504347;129,568254;9,05216402;0,48784363;7,6661516;62,4417372;72,5574733;;;
47;Bet_Pen_1;Bet_Pen_1;Bet_Pen;Bet;Betulaceae;101;32,1492985;9;4,35760000;50,78350000;1;0,2197;0,0534;0,243058716;11,425;213,9513109;0,236;64,051008;35,2444721;64,202423;0,35627575;8,61773081;252,862564;12400,829;0,17376042;2567,86842;149,966733;9,38926838;1106,99564;1,19675614;434,73708;0,3535;5029,014;14,22634795;2049,54;0,172477727;0,674;0,3299;1260,75038;8,67930416;49,6358781;4703,9483;0,98659937;11,1819914;1335,66104;2871,14892;0,16376555;893,979024;166,667993;6,85313598;1658,20405;55,8003813;55,485889;271,65;0;4,38;119,2;10,11;256,994846;0,05711711;0,21172371;256,381644;0,06905986;0,31791728;0,34997563;1,89996956;70,6698361;39,8071621;19,5179178;0,52175725;16,4416673;11,2528671;0,98012523;;;
47;Bet_Pen_1;Bet_Pen_1;Bet_Pen;Bet;Betulaceae;101;32,1492985;9;4,35760000;50,78350000;2;0,0946;0,0226;0,238900634;5,41;239,380531;0,236;64,051008;35,2444721;64,202423;0,35627575;8,61773081;252,862564;12400,829;0,17376042;2567,86842;149,966733;9,38926838;1106,99564;1,19675614;434,73708;0,3535;5029,014;14,22634795;2049,54;0,172477727;0,674;0,3299;1260,75038;8,67930416;49,6358781;4703,9483;0,98659937;11,1819914;1335,66104;2871,14892;0,16376555;893,979024;166,667993;6,85313598;1658,20405;55,8003813;55,485889;271,65;0;4,38;119,2;10,11;256,994846;0,05711711;0,21172371;256,381644;0,06905986;0,31791728;0,34997563;1,89996956;70,6698361;39,8071621;19,5179178;0,52175725;16,4416673;11,2528671;0,98012523;;;
47;Bet_Pen_1;Bet_Pen_1;Bet_Pen;Bet;Betulaceae;101;32,1492985;9;4,35760000;50,78350000;3;0,1648;0,0399;0,24211165;8,8;220,5513784;0,236;64,051008;35,2444721;64,202423;0,35627575;8,61773081;252,862564;12400,829;0,17376042;2567,86842;149,966733;9,38926838;1106,99564;1,19675614;434,73708;0,3535;5029,014;14,22634795;2049,54;0,172477727;0,674;0,3299;1260,75038;8,67930416;49,6358781;4703,9483;0,98659937;11,1819914;1335,66104;2871,14892;0,16376555;893,979024;166,667993;6,85313598;1658,20405;55,8003813;55,485889;271,65;0;4,38;119,2;10,11;256,994846;0,05711711;0,21172371;256,381644;0,06905986;0,31791728;0,34997563;1,89996956;70,6698361;39,8071621;19,5179178;0,52175725;16,4416673;11,2528671;0,98012523;;;
47;Bet_Pen_1;Bet_Pen_1;Bet_Pen;Bet;Betulaceae;101;32,1492985;9;4,35760000;50,78350000;4;0,1255;0,0263;0,209561753;7,847;298,365019;0,236;64,051008;35,2444721;64,202423;0,35627575;8,61773081;252,862564;12400,829;0,17376042;2567,86842;149,966733;9,38926838;1106,99564;1,19675614;434,73708;0,3535;5029,014;14,22634795;2049,54;0,172477727;0,674;0,3299;1260,75038;8,67930416;49,6358781;4703,9483;0,98659937;11,1819914;1335,66104;2871,14892;0,16376555;893,979024;166,667993;6,85313598;1658,20405;55,8003813;55,485889;271,65;0;4,38;119,2;10,11;256,994846;0,05711711;0,21172371;256,381644;0,06905986;0,31791728;0,34997563;1,89996956;70,6698361;39,8071621;19,5179178;0,52175725;16,4416673;11,2528671;0,98012523;;;
47;Bet_Pen_1;Bet_Pen_1;Bet_Pen;Bet;Betulaceae;101;32,1492985;9;4,35760000;50,78350000;5;0,1867;0,041;0,219603642;9,799;239;0,236;64,051008;35,2444721;64,202423;0,35627575;8,61773081;252,862564;12400,829;0,17376042;2567,86842;149,966733;9,38926838;1106,99564;1,19675614;434,73708;0,3535;5029,014;14,22634795;2049,54;0,172477727;0,674;0,3299;1260,75038;8,67930416;49,6358781;4703,9483;0,98659937;11,1819914;1335,66104;2871,14892;0,16376555;893,979024;166,667993;6,85313598;1658,20405;55,8003813;55,485889;271,65;0;4,38;119,2;10,11;256,994846;0,05711711;0,21172371;256,381644;0,06905986;0,31791728;0,34997563;1,89996956;70,6698361;39,8071621;19,5179178;0,52175725;16,4416673;11,2528671;0,98012523;;;
47;Bet_Pen_1;Bet_Pen_1;Bet_Pen;Bet;Betulaceae;101;32,1492985;9;4,35760000;50,78350000;6;0,2052;0,0473;0,230506823;11,098;234,6300211;0,236;64,051008;35,2444721;64,202423;0,35627575;8,61773081;252,862564;12400,829;0,17376042;2567,86842;149,966733;9,38926838;1106,99564;1,19675614;434,73708;0,3535;5029,014;14,22634795;2049,54;0,172477727;0,674;0,3299;1260,75038;8,67930416;49,6358781;4703,9483;0,98659937;11,1819914;1335,66104;2871,14892;0,16376555;893,979024;166,667993;6,85313598;1658,20405;55,8003813;55,485889;271,65;0;4,38;119,2;10,11;256,994846;0,05711711;0,21172371;256,381644;0,06905986;0,31791728;0,34997563;1,89996956;70,6698361;39,8071621;19,5179178;0,52175725;16,4416673;11,2528671;0,98012523;;;
47;Bet_Pen_1;Bet_Pen_1;Bet_Pen;Bet;Betulaceae;101;32,1492985;9;4,35760000;50,78350000;7;0,1994;0,049;0,245737212;11,256;229,7142857;0,236;64,051008;35,2444721;64,202423;0,35627575;8,61773081;252,862564;12400,829;0,17376042;2567,86842;149,966733;9,38926838;1106,99564;1,19675614;434,73708;0,3535;5029,014;14,22634795;2049,54;0,172477727;0,674;0,3299;1260,75038;8,67930416;49,6358781;4703,9483;0,98659937;11,1819914;1335,66104;2871,14892;0,16376555;893,979024;166,667993;6,85313598;1658,20405;55,8003813;55,485889;271,65;0;4,38;119,2;10,11;256,994846;0,05711711;0,21172371;256,381644;0,06905986;0,31791728;0,34997563;1,89996956;70,6698361;39,8071621;19,5179178;0,52175725;16,4416673;11,2528671;0,98012523;;;
47;Bet_Pen_1;Bet_Pen_1;Bet_Pen;Bet;Betulaceae;101;32,1492985;9;4,35760000;50,78350000;8;0,207;0,0476;0,229951691;11,382;239,1176471;0,236;64,051008;35,2444721;64,202423;0,35627575;8,61773081;252,862564;12400,829;0,17376042;2567,86842;149,966733;9,38926838;1106,99564;1,19675614;434,73708;0,3535;5029,014;14,22634795;2049,54;0,172477727;0,674;0,3299;1260,75038;8,67930416;49,6358781;4703,9483;0,98659937;11,1819914;1335,66104;2871,14892;0,16376555;893,979024;166,667993;6,85313598;1658,20405;55,8003813;55,485889;271,65;0;4,38;119,2;10,11;256,994846;0,05711711;0,21172371;256,381644;0,06905986;0,31791728;0,34997563;1,89996956;70,6698361;39,8071621;19,5179178;0,52175725;16,4416673;11,2528671;0,98012523;;;
48;Bet_Pen_2;Bet_Pen_2;Bet_Pen;Bet;Betulaceae;48;15,27887454;3;4,36026667;50,78463333;1;0,2001;0,0766;0,382808596;11,401;148,8381201;0,3957;12,8570355;37,7968396;46,8021684;0,01323493;3,44460617;65,0007215;11753,2619;0,05129078;1870,51782;25,3193193;1,29554779;1475,91731;0,56764143;193,134001;0,3656;5196,533;14,21371171;1877,417;0,194735639;0,518;0,3574;547,458788;29,7502553;104,572007;14758,0618;0,99393282;40,746126;1022,07477;6091,77828;0,44062251;823,06218;31,0275094;3,17199041;1779,52017;95,6540763;233,779823;353,76;17,0279;6,99;202,6;10,09;1,74925227;0,03123325;0,22059761;3914,61978;0,41132534;0,02707651;0,02776929;16,061219;195,163717;67,2121254;4,19363885;0,43265375;1,59770627;83,4156558;56,8867545;;;
48;Bet_Pen_2;Bet_Pen_2;Bet_Pen;Bet;Betulaceae;48;15,27887454;3;4,36026667;50,78463333;2;0,2387;0,0887;0,371596146;13,794;155,5129651;0,3957;12,8570355;37,7968396;46,8021684;0,01323493;3,44460617;65,0007215;11753,2619;0,05129078;1870,51782;25,3193193;1,29554779;1475,91731;0,56764143;193,134001;0,3656;5196,533;14,21371171;1877,417;0,194735639;0,518;0,3574;547,458788;29,7502553;104,572007;14758,0618;0,99393282;40,746126;1022,07477;6091,77828;0,44062251;823,06218;31,0275094;3,17199041;1779,52017;95,6540763;233,779823;353,76;17,0279;6,99;202,6;10,09;1,74925227;0,03123325;0,22059761;3914,61978;0,41132534;0,02707651;0,02776929;16,061219;195,163717;67,2121254;4,19363885;0,43265375;1,59770627;83,4156558;56,8867545;;;
48;Bet_Pen_2;Bet_Pen_2;Bet_Pen;Bet;Betulaceae;48;15,27887454;3;4,36026667;50,78463333;3;0,4041;0,1723;0,426379609;19,753;114,6430644;0,3957;12,8570355;37,7968396;46,8021684;0,01323493;3,44460617;65,0007215;11753,2619;0,05129078;1870,51782;25,3193193;1,29554779;1475,91731;0,56764143;193,134001;0,3656;5196,533;14,21371171;1877,417;0,194735639;0,518;0,3574;547,458788;29,7502553;104,572007;14758,0618;0,99393282;40,746126;1022,07477;6091,77828;0,44062251;823,06218;31,0275094;3,17199041;1779,52017;95,6540763;233,779823;353,76;17,0279;6,99;202,6;10,09;1,74925227;0,03123325;0,22059761;3914,61978;0,41132534;0,02707651;0,02776929;16,061219;195,163717;67,2121254;4,19363885;0,43265375;1,59770627;83,4156558;56,8867545;;;
48;Bet_Pen_2;Bet_Pen_2;Bet_Pen;Bet;Betulaceae;48;15,27887454;3;4,36026667;50,78463333;4;0,2712;0,1032;0,380530973;14,974;145,0968992;0,3957;12,8570355;37,7968396;46,8021684;0,01323493;3,44460617;65,0007215;11753,2619;0,05129078;1870,51782;25,3193193;1,29554779;1475,91731;0,56764143;193,134001;0,3656;5196,533;14,21371171;1877,417;0,194735639;0,518;0,3574;547,458788;29,7502553;104,572007;14758,0618;0,99393282;40,746126;1022,07477;6091,77828;0,44062251;823,06218;31,0275094;3,17199041;1779,52017;95,6540763;233,779823;353,76;17,0279;6,99;202,6;10,09;1,74925227;0,03123325;0,22059761;3914,61978;0,41132534;0,02707651;0,02776929;16,061219;195,163717;67,2121254;4,19363885;0,43265375;1,59770627;83,4156558;56,8867545;;;
48;Bet_Pen_2;Bet_Pen_2;Bet_Pen;Bet;Betulaceae;48;15,27887454;3;4,36026667;50,78463333;5;0,3866;0,1585;0,40998448;18,682;117,8675079;0,3957;12,8570355;37,7968396;46,8021684;0,01323493;3,44460617;65,0007215;11753,2619;0,05129078;1870,51782;25,3193193;1,29554779;1475,91731;0,56764143;193,134001;0,3656;5196,533;14,21371171;1877,417;0,194735639;0,518;0,3574;547,458788;29,7502553;104,572007;14758,0618;0,99393282;40,746126;1022,07477;6091,77828;0,44062251;823,06218;31,0275094;3,17199041;1779,52017;95,6540763;233,779823;353,76;17,0279;6,99;202,6;10,09;1,74925227;0,03123325;0,22059761;3914,61978;0,41132534;0,02707651;0,02776929;16,061219;195,163717;67,2121254;4,19363885;0,43265375;1,59770627;83,4156558;56,8867545;;;
48;Bet_Pen_2;Bet_Pen_2;Bet_Pen;Bet;Betulaceae;48;15,27887454;3;4,36026667;50,78463333;6;0,3027;0,1185;0,39147671;15,037;126,8945148;0,3957;12,8570355;37,7968396;46,8021684;0,01323493;3,44460617;65,0007215;11753,2619;0,05129078;1870,51782;25,3193193;1,29554779;1475,91731;0,56764143;193,134001;0,3656;5196,533;14,21371171;1877,417;0,194735639;0,518;0,3574;547,458788;29,7502553;104,572007;14758,0618;0,99393282;40,746126;1022,07477;6091,77828;0,44062251;823,06218;31,0275094;3,17199041;1779,52017;95,6540763;233,779823;353,76;17,0279;6,99;202,6;10,09;1,74925227;0,03123325;0,22059761;3914,61978;0,41132534;0,02707651;0,02776929;16,061219;195,163717;67,2121254;4,19363885;0,43265375;1,59770627;83,4156558;56,8867545;;;
48;Bet_Pen_2;Bet_Pen_2;Bet_Pen;Bet;Betulaceae;48;15,27887454;3;4,36026667;50,78463333;7;0,4666;0,1743;0,373553365;23,022;132,0826162;0,3957;12,8570355;37,7968396;46,8021684;0,01323493;3,44460617;65,0007215;11753,2619;0,05129078;1870,51782;25,3193193;1,29554779;1475,91731;0,56764143;193,134001;0,3656;5196,533;14,21371171;1877,417;0,194735639;0,518;0,3574;547,458788;29,7502553;104,572007;14758,0618;0,99393282;40,746126;1022,07477;6091,77828;0,44062251;823,06218;31,0275094;3,17199041;1779,52017;95,6540763;233,779823;353,76;17,0279;6,99;202,6;10,09;1,74925227;0,03123325;0,22059761;3914,61978;0,41132534;0,02707651;0,02776929;16,061219;195,163717;67,2121254;4,19363885;0,43265375;1,59770627;83,4156558;56,8867545;;;
48;Bet_Pen_2;Bet_Pen_2;Bet_Pen;Bet;Betulaceae;48;15,27887454;3;4,36026667;50,78463333;8;0,2904;0,1229;0,423209366;12,767;103,8812042;0,3957;12,8570355;37,7968396;46,8021684;0,01323493;3,44460617;65,0007215;11753,2619;0,05129078;1870,51782;25,3193193;1,29554779;1475,91731;0,56764143;193,134001;0,3656;5196,533;14,21371171;1877,417;0,194735639;0,518;0,3574;547,458788;29,7502553;104,572007;14758,0618;0,99393282;40,746126;1022,07477;6091,77828;0,44062251;823,06218;31,0275094;3,17199041;1779,52017;95,6540763;233,779823;353,76;17,0279;6,99;202,6;10,09;1,74925227;0,03123325;0,22059761;3914,61978;0,41132534;0,02707651;0,02776929;16,061219;195,163717;67,2121254;4,19363885;0,43265375;1,59770627;83,4156558;56,8867545;;;
48;Bet_Pen_2;Bet_Pen_2;Bet_Pen;Bet;Betulaceae;48;15,27887454;3;4,36026667;50,78463333;9;0,2185;0,0858;0,392677346;10,93;127,3892774;0,3957;12,8570355;37,7968396;46,8021684;0,01323493;3,44460617;65,0007215;11753,2619;0,05129078;1870,51782;25,3193193;1,29554779;1475,91731;0,56764143;193,134001;0,3656;5196,533;14,21371171;1877,417;0,194735639;0,518;0,3574;547,458788;29,7502553;104,572007;14758,0618;0,99393282;40,746126;1022,07477;6091,77828;0,44062251;823,06218;31,0275094;3,17199041;1779,52017;95,6540763;233,779823;353,76;17,0279;6,99;202,6;10,09;1,74925227;0,03123325;0,22059761;3914,61978;0,41132534;0,02707651;0,02776929;16,061219;195,163717;67,2121254;4,19363885;0,43265375;1,59770627;83,4156558;56,8867545;;;
49;Que_Rob_1;Que_Rob_1;Que_Rob;Que;Fagaceae;314,1592654;100;6;4,35823333;50,78473333;1;0,2938;0,1272;0,432947583;24,996;196,509434;0,3527;33,2722229;57,3580617;28,1937068;0,0246782;11,5447056;115,084386;9084,67671;0,05660653;2652,07126;96,0298539;5,68617718;1982,83319;0,4677563;24,3459913;0,3413;9257,296;27,12363317;5341,361;0,063897572;0,662;0,3249;90,144139;14,4880652;18,3010282;9399,00137;1,97612255;18,6746239;211,831008;8398,53695;0,15121624;1785,16469;179,443944;7,9544922;3204,56276;8,34794816;273,028389;297,51;0;4,35;262,5;10,08;276,818634;0,04208718;0,24152661;149,568395;0,0253241;0,12586635;0,33800404;2,05896932;82,0305281;29,7708478;28,5792189;0,3147668;25,7481094;17,6725214;2,33206703;;;
49;Que_Rob_1;Que_Rob_1;Que_Rob;Que;Fagaceae;314,1592654;100;6;4,35823333;50,78473333;2;0,3747;0,1537;0,410194823;29,701;193,2400781;0,3527;33,2722229;57,3580617;28,1937068;0,0246782;11,5447056;115,084386;9084,67671;0,05660653;2652,07126;96,0298539;5,68617718;1982,83319;0,4677563;24,3459913;0,3413;9257,296;27,12363317;5341,361;0,063897572;0,662;0,3249;90,144139;14,4880652;18,3010282;9399,00137;1,97612255;18,6746239;211,831008;8398,53695;0,15121624;1785,16469;179,443944;7,9544922;3204,56276;8,34794816;273,028389;297,51;0;4,35;262,5;10,08;276,818634;0,04208718;0,24152661;149,568395;0,0253241;0,12586635;0,33800404;2,05896932;82,0305281;29,7708478;28,5792189;0,3147668;25,7481094;17,6725214;2,33206703;;;
49;Que_Rob_1;Que_Rob_1;Que_Rob;Que;Fagaceae;314,1592654;100;6;4,35823333;50,78473333;3;0,4461;0,2109;0,472763954;28,523;135,2441916;0,3527;33,2722229;57,3580617;28,1937068;0,0246782;11,5447056;115,084386;9084,67671;0,05660653;2652,07126;96,0298539;5,68617718;1982,83319;0,4677563;24,3459913;0,3413;9257,296;27,12363317;5341,361;0,063897572;0,662;0,3249;90,144139;14,4880652;18,3010282;9399,00137;1,97612255;18,6746239;211,831008;8398,53695;0,15121624;1785,16469;179,443944;7,9544922;3204,56276;8,34794816;273,028389;297,51;0;4,35;262,5;10,08;276,818634;0,04208718;0,24152661;149,568395;0,0253241;0,12586635;0,33800404;2,05896932;82,0305281;29,7708478;28,5792189;0,3147668;25,7481094;17,6725214;2,33206703;;;
49;Que_Rob_1;Que_Rob_1;Que_Rob;Que;Fagaceae;314,1592654;100;6;4,35823333;50,78473333;4;0,3318;0,156;0,470162749;21,182;135,7820513;0,3527;33,2722229;57,3580617;28,1937068;0,0246782;11,5447056;115,084386;9084,67671;0,05660653;2652,07126;96,0298539;5,68617718;1982,83319;0,4677563;24,3459913;0,3413;9257,296;27,12363317;5341,361;0,063897572;0,662;0,3249;90,144139;14,4880652;18,3010282;9399,00137;1,97612255;18,6746239;211,831008;8398,53695;0,15121624;1785,16469;179,443944;7,9544922;3204,56276;8,34794816;273,028389;297,51;0;4,35;262,5;10,08;276,818634;0,04208718;0,24152661;149,568395;0,0253241;0,12586635;0,33800404;2,05896932;82,0305281;29,7708478;28,5792189;0,3147668;25,7481094;17,6725214;2,33206703;;;
49;Que_Rob_1;Que_Rob_1;Que_Rob;Que;Fagaceae;314,1592654;100;6;4,35823333;50,78473333;5;0,4828;0,2134;0,442004971;36,22;169,7282099;0,3527;33,2722229;57,3580617;28,1937068;0,0246782;11,5447056;115,084386;9084,67671;0,05660653;2652,07126;96,0298539;5,68617718;1982,83319;0,4677563;24,3459913;0,3413;9257,296;27,12363317;5341,361;0,063897572;0,662;0,3249;90,144139;14,4880652;18,3010282;9399,00137;1,97612255;18,6746239;211,831008;8398,53695;0,15121624;1785,16469;179,443944;7,9544922;3204,56276;8,34794816;273,028389;297,51;0;4,35;262,5;10,08;276,818634;0,04208718;0,24152661;149,568395;0,0253241;0,12586635;0,33800404;2,05896932;82,0305281;29,7708478;28,5792189;0,3147668;25,7481094;17,6725214;2,33206703;;;
49;Que_Rob_1;Que_Rob_1;Que_Rob;Que;Fagaceae;314,1592654;100;6;4,35823333;50,78473333;6;0,5356;0,2198;0,410380881;40,503;184,2720655;0,3527;33,2722229;57,3580617;28,1937068;0,0246782;11,5447056;115,084386;9084,67671;0,05660653;2652,07126;96,0298539;5,68617718;1982,83319;0,4677563;24,3459913;0,3413;9257,296;27,12363317;5341,361;0,063897572;0,662;0,3249;90,144139;14,4880652;18,3010282;9399,00137;1,97612255;18,6746239;211,831008;8398,53695;0,15121624;1785,16469;179,443944;7,9544922;3204,56276;8,34794816;273,028389;297,51;0;4,35;262,5;10,08;276,818634;0,04208718;0,24152661;149,568395;0,0253241;0,12586635;0,33800404;2,05896932;82,0305281;29,7708478;28,5792189;0,3147668;25,7481094;17,6725214;2,33206703;;;
50;Ulm_Min_1;Ulm_Min_1;Ulm_Min;Ulm;Ulmaceae;9,424777961;3;7;4,35930000;50,78516667;1;0,4352;0,1261;0,289751838;41,223;326,9072165;0,3663;69,8191368;65,9964306;23,2639311;0,04150266;8,45957198;385,82492;24267,2091;0,22353718;4711,6403;62,8360809;3,77576464;2444,96291;1,00742362;49,8615483;0,3845;5515,226;14,34389077;2432,773;0,158050093;0,632;0,3644;396,911863;18,3095612;47,4815067;16010,5172;1,90599751;18,2992099;509,179536;7714,10482;0,25129279;2254,67364;70,1028091;2,94152419;3569,31637;23,4637882;285,091945;239,86;15,1078;6,54;160,7;10,01;2,84573782;0,02316217;0,17827917;3385,046;0,45204009;0,12485964;0,0232876;2,00942275;118,708209;164,054278;15,3790718;0,46312105;4,6989235;31,9004739;103,281101;;;
50;Ulm_Min_1;Ulm_Min_1;Ulm_Min;Ulm;Ulmaceae;9,424777961;3;7;4,35930000;50,78516667;2;0,3009;0,0923;0,306746427;28,618;310,0541712;0,3663;69,8191368;65,9964306;23,2639311;0,04150266;8,45957198;385,82492;24267,2091;0,22353718;4711,6403;62,8360809;3,77576464;2444,96291;1,00742362;49,8615483;0,3845;5515,226;14,34389077;2432,773;0,158050093;0,632;0,3644;396,911863;18,3095612;47,4815067;16010,5172;1,90599751;18,2992099;509,179536;7714,10482;0,25129279;2254,67364;70,1028091;2,94152419;3569,31637;23,4637882;285,091945;239,86;15,1078;6,54;160,7;10,01;2,84573782;0,02316217;0,17827917;3385,046;0,45204009;0,12485964;0,0232876;2,00942275;118,708209;164,054278;15,3790718;0,46312105;4,6989235;31,9004739;103,281101;;;
50;Ulm_Min_1;Ulm_Min_1;Ulm_Min;Ulm;Ulmaceae;9,424777961;3;7;4,35930000;50,78516667;3;0,4849;0,1401;0,288925552;43,058;307,337616;0,3663;69,8191368;65,9964306;23,2639311;0,04150266;8,45957198;385,82492;24267,2091;0,22353718;4711,6403;62,8360809;3,77576464;2444,96291;1,00742362;49,8615483;0,3845;5515,226;14,34389077;2432,773;0,158050093;0,632;0,3644;396,911863;18,3095612;47,4815067;16010,5172;1,90599751;18,2992099;509,179536;7714,10482;0,25129279;2254,67364;70,1028091;2,94152419;3569,31637;23,4637882;285,091945;239,86;15,1078;6,54;160,7;10,01;2,84573782;0,02316217;0,17827917;3385,046;0,45204009;0,12485964;0,0232876;2,00942275;118,708209;164,054278;15,3790718;0,46312105;4,6989235;31,9004739;103,281101;;;
50;Ulm_Min_1;Ulm_Min_1;Ulm_Min;Ulm;Ulmaceae;9,424777961;3;7;4,35930000;50,78516667;4;0,5464;0,1649;0,301793558;48,884;296,4463311;0,3663;69,8191368;65,9964306;23,2639311;0,04150266;8,45957198;385,82492;24267,2091;0,22353718;4711,6403;62,8360809;3,77576464;2444,96291;1,00742362;49,8615483;0,3845;5515,226;14,34389077;2432,773;0,158050093;0,632;0,3644;396,911863;18,3095612;47,4815067;16010,5172;1,90599751;18,2992099;509,179536;7714,10482;0,25129279;2254,67364;70,1028091;2,94152419;3569,31637;23,4637882;285,091945;239,86;15,1078;6,54;160,7;10,01;2,84573782;0,02316217;0,17827917;3385,046;0,45204009;0,12485964;0,0232876;2,00942275;118,708209;164,054278;15,3790718;0,46312105;4,6989235;31,9004739;103,281101;;;
50;Ulm_Min_1;Ulm_Min_1;Ulm_Min;Ulm;Ulmaceae;9,424777961;3;7;4,35930000;50,78516667;5;0,6048;0,1561;0,258101852;45,478;291,3388853;0,3663;69,8191368;65,9964306;23,2639311;0,04150266;8,45957198;385,82492;24267,2091;0,22353718;4711,6403;62,8360809;3,77576464;2444,96291;1,00742362;49,8615483;0,3845;5515,226;14,34389077;2432,773;0,158050093;0,632;0,3644;396,911863;18,3095612;47,4815067;16010,5172;1,90599751;18,2992099;509,179536;7714,10482;0,25129279;2254,67364;70,1028091;2,94152419;3569,31637;23,4637882;285,091945;239,86;15,1078;6,54;160,7;10,01;2,84573782;0,02316217;0,17827917;3385,046;0,45204009;0,12485964;0,0232876;2,00942275;118,708209;164,054278;15,3790718;0,46312105;4,6989235;31,9004739;103,281101;;;
50;Ulm_Min_1;Ulm_Min_1;Ulm_Min;Ulm;Ulmaceae;9,424777961;3;7;4,35930000;50,78516667;6;0,5682;0,172;0,302710313;50,382;292,9186047;0,3663;69,8191368;65,9964306;23,2639311;0,04150266;8,45957198;385,82492;24267,2091;0,22353718;4711,6403;62,8360809;3,77576464;2444,96291;1,00742362;49,8615483;0,3845;5515,226;14,34389077;2432,773;0,158050093;0,632;0,3644;396,911863;18,3095612;47,4815067;16010,5172;1,90599751;18,2992099;509,179536;7714,10482;0,25129279;2254,67364;70,1028091;2,94152419;3569,31637;23,4637882;285,091945;239,86;15,1078;6,54;160,7;10,01;2,84573782;0,02316217;0,17827917;3385,046;0,45204009;0,12485964;0,0232876;2,00942275;118,708209;164,054278;15,3790718;0,46312105;4,6989235;31,9004739;103,281101;;;
51;Fra_Exc_1;Fra_Exc_1;Fra_Exc;Fra;Oleaceae;125,6637061;40;3;4,35903333;50,78531667;1;0,1807;0,0524;0,289983398;22,3;425,5725191;0,2487;25,4708929;19,4587406;29,8627318;0,01316165;10,3332212;116,116713;14497,6105;0,4367827;4798,15268;26,7690343;3,10524633;2377,72418;0,72729437;28,6734745;0,2974;7002,7895;24,81987849;2703,086;0,116420813;0,5555;0,3268;535,858132;15,7666748;21,4114206;10860,519;7,53789347;54,996812;1038,79048;11733,592;0,52716369;1831,36558;47,8574485;4,70243566;3109,21922;35,1218089;918,911075;229,78;0;6,97;196,1;10,02;1,98422624;0,03428879;0,37791924;3532,37269;0,64330334;0,02534321;0,01662567;20,7075361;153,987475;128,421005;8,82482569;0,27972205;19,4235526;89,7060031;137,41132;;;
51;Fra_Exc_1;Fra_Exc_1;Fra_Exc;Fra;Oleaceae;125,6637061;40;3;4,35903333;50,78531667;2;0,1911;0,0576;0,301412873;23,426;406,7013889;0,2487;25,4708929;19,4587406;29,8627318;0,01316165;10,3332212;116,116713;14497,6105;0,4367827;4798,15268;26,7690343;3,10524633;2377,72418;0,72729437;28,6734745;0,2974;7002,7895;24,81987849;2703,086;0,116420813;0,5555;0,3268;535,858132;15,7666748;21,4114206;10860,519;7,53789347;54,996812;1038,79048;11733,592;0,52716369;1831,36558;47,8574485;4,70243566;3109,21922;35,1218089;918,911075;229,78;0;6,97;196,1;10,02;1,98422624;0,03428879;0,37791924;3532,37269;0,64330334;0,02534321;0,01662567;20,7075361;153,987475;128,421005;8,82482569;0,27972205;19,4235526;89,7060031;137,41132;;;
51;Fra_Exc_1;Fra_Exc_1;Fra_Exc;Fra;Oleaceae;125,6637061;40;3;4,35903333;50,78531667;3;0,1697;0,0491;0,289334119;20,486;417,2301426;0,2487;25,4708929;19,4587406;29,8627318;0,01316165;10,3332212;116,116713;14497,6105;0,4367827;4798,15268;26,7690343;3,10524633;2377,72418;0,72729437;28,6734745;0,2974;7002,7895;24,81987849;2703,086;0,116420813;0,5555;0,3268;535,858132;15,7666748;21,4114206;10860,519;7,53789347;54,996812;1038,79048;11733,592;0,52716369;1831,36558;47,8574485;4,70243566;3109,21922;35,1218089;918,911075;229,78;0;6,97;196,1;10,02;1,98422624;0,03428879;0,37791924;3532,37269;0,64330334;0,02534321;0,01662567;20,7075361;153,987475;128,421005;8,82482569;0,27972205;19,4235526;89,7060031;137,41132;;;
51;Fra_Exc_1;Fra_Exc_1;Fra_Exc;Fra;Oleaceae;125,6637061;40;3;4,35903333;50,78531667;4;0,1138;0,0378;0,332161687;14,129;373,7830688;0,2487;25,4708929;19,4587406;29,8627318;0,01316165;10,3332212;116,116713;14497,6105;0,4367827;4798,15268;26,7690343;3,10524633;2377,72418;0,72729437;28,6734745;0,2974;7002,7895;24,81987849;2703,086;0,116420813;0,5555;0,3268;535,858132;15,7666748;21,4114206;10860,519;7,53789347;54,996812;1038,79048;11733,592;0,52716369;1831,36558;47,8574485;4,70243566;3109,21922;35,1218089;918,911075;229,78;0;6,97;196,1;10,02;1,98422624;0,03428879;0,37791924;3532,37269;0,64330334;0,02534321;0,01662567;20,7075361;153,987475;128,421005;8,82482569;0,27972205;19,4235526;89,7060031;137,41132;;;
51;Fra_Exc_1;Fra_Exc_1;Fra_Exc;Fra;Oleaceae;125,6637061;40;3;4,35903333;50,78531667;5;0,1972;0,0564;0,286004057;24,204;429,1489362;0,2487;25,4708929;19,4587406;29,8627318;0,01316165;10,3332212;116,116713;14497,6105;0,4367827;4798,15268;26,7690343;3,10524633;2377,72418;0,72729437;28,6734745;0,2974;7002,7895;24,81987849;2703,086;0,116420813;0,5555;0,3268;535,858132;15,7666748;21,4114206;10860,519;7,53789347;54,996812;1038,79048;11733,592;0,52716369;1831,36558;47,8574485;4,70243566;3109,21922;35,1218089;918,911075;229,78;0;6,97;196,1;10,02;1,98422624;0,03428879;0,37791924;3532,37269;0,64330334;0,02534321;0,01662567;20,7075361;153,987475;128,421005;8,82482569;0,27972205;19,4235526;89,7060031;137,41132;;;
51;Fra_Exc_1;Fra_Exc_1;Fra_Exc;Fra;Oleaceae;125,6637061;40;3;4,35903333;50,78531667;6;0,2143;0,0635;0,296313579;26,5;417,3228346;0,2487;25,4708929;19,4587406;29,8627318;0,01316165;10,3332212;116,116713;14497,6105;0,4367827;4798,15268;26,7690343;3,10524633;2377,72418;0,72729437;28,6734745;0,2974;7002,7895;24,81987849;2703,086;0,116420813;0,5555;0,3268;535,858132;15,7666748;21,4114206;10860,519;7,53789347;54,996812;1038,79048;11733,592;0,52716369;1831,36558;47,8574485;4,70243566;3109,21922;35,1218089;918,911075;229,78;0;6,97;196,1;10,02;1,98422624;0,03428879;0,37791924;3532,37269;0,64330334;0,02534321;0,01662567;20,7075361;153,987475;128,421005;8,82482569;0,27972205;19,4235526;89,7060031;137,41132;;;
51;Fra_Exc_1;Fra_Exc_1;Fra_Exc;Fra;Oleaceae;125,6637061;40;3;4,35903333;50,78531667;7;0,2036;0,0579;0,284381139;25,444;439,447323;0,2487;25,4708929;19,4587406;29,8627318;0,01316165;10,3332212;116,116713;14497,6105;0,4367827;4798,15268;26,7690343;3,10524633;2377,72418;0,72729437;28,6734745;0,2974;7002,7895;24,81987849;2703,086;0,116420813;0,5555;0,3268;535,858132;15,7666748;21,4114206;10860,519;7,53789347;54,996812;1038,79048;11733,592;0,52716369;1831,36558;47,8574485;4,70243566;3109,21922;35,1218089;918,911075;229,78;0;6,97;196,1;10,02;1,98422624;0,03428879;0,37791924;3532,37269;0,64330334;0,02534321;0,01662567;20,7075361;153,987475;128,421005;8,82482569;0,27972205;19,4235526;89,7060031;137,41132;;;
51;Fra_Exc_1;Fra_Exc_1;Fra_Exc;Fra;Oleaceae;125,6637061;40;3;4,35903333;50,78531667;8;0,1481;0,0443;0,299122215;18,499;417,5846501;0,2487;25,4708929;19,4587406;29,8627318;0,01316165;10,3332212;116,116713;14497,6105;0,4367827;4798,15268;26,7690343;3,10524633;2377,72418;0,72729437;28,6734745;0,2974;7002,7895;24,81987849;2703,086;0,116420813;0,5555;0,3268;535,858132;15,7666748;21,4114206;10860,519;7,53789347;54,996812;1038,79048;11733,592;0,52716369;1831,36558;47,8574485;4,70243566;3109,21922;35,1218089;918,911075;229,78;0;6,97;196,1;10,02;1,98422624;0,03428879;0,37791924;3532,37269;0,64330334;0,02534321;0,01662567;20,7075361;153,987475;128,421005;8,82482569;0,27972205;19,4235526;89,7060031;137,41132;;;
51;Fra_Exc_1;Fra_Exc_1;Fra_Exc;Fra;Oleaceae;125,6637061;40;3;4,35903333;50,78531667;9;0,1497;0,0429;0,286573146;17,593;410,0932401;0,2487;25,4708929;19,4587406;29,8627318;0,01316165;10,3332212;116,116713;14497,6105;0,4367827;4798,15268;26,7690343;3,10524633;2377,72418;0,72729437;28,6734745;0,2974;7002,7895;24,81987849;2703,086;0,116420813;0,5555;0,3268;535,858132;15,7666748;21,4114206;10860,519;7,53789347;54,996812;1038,79048;11733,592;0,52716369;1831,36558;47,8574485;4,70243566;3109,21922;35,1218089;918,911075;229,78;0;6,97;196,1;10,02;1,98422624;0,03428879;0,37791924;3532,37269;0,64330334;0,02534321;0,01662567;20,7075361;153,987475;128,421005;8,82482569;0,27972205;19,4235526;89,7060031;137,41132;;;
51;Fra_Exc_1;Fra_Exc_1;Fra_Exc;Fra;Oleaceae;125,6637061;40;3;4,35903333;50,78531667;10;0,2201;0,0632;0,287142208;26,999;427,1993671;0,2487;25,4708929;19,4587406;29,8627318;0,01316165;10,3332212;116,116713;14497,6105;0,4367827;4798,15268;26,7690343;3,10524633;2377,72418;0,72729437;28,6734745;0,2974;7002,7895;24,81987849;2703,086;0,116420813;0,5555;0,3268;535,858132;15,7666748;21,4114206;10860,519;7,53789347;54,996812;1038,79048;11733,592;0,52716369;1831,36558;47,8574485;4,70243566;3109,21922;35,1218089;918,911075;229,78;0;6,97;196,1;10,02;1,98422624;0,03428879;0,37791924;3532,37269;0,64330334;0,02534321;0,01662567;20,7075361;153,987475;128,421005;8,82482569;0,27972205;19,4235526;89,7060031;137,41132;;;
51;Fra_Exc_1;Fra_Exc_1;Fra_Exc;Fra;Oleaceae;125,6637061;40;3;4,35903333;50,78531667;11;0,1223;0,0408;0,333605887;16,452;403,2352941;0,2487;25,4708929;19,4587406;29,8627318;0,01316165;10,3332212;116,116713;14497,6105;0,4367827;4798,15268;26,7690343;3,10524633;2377,72418;0,72729437;28,6734745;0,2974;7002,7895;24,81987849;2703,086;0,116420813;0,5555;0,3268;535,858132;15,7666748;21,4114206;10860,519;7,53789347;54,996812;1038,79048;11733,592;0,52716369;1831,36558;47,8574485;4,70243566;3109,21922;35,1218089;918,911075;229,78;0;6,97;196,1;10,02;1,98422624;0,03428879;0,37791924;3532,37269;0,64330334;0,02534321;0,01662567;20,7075361;153,987475;128,421005;8,82482569;0,27972205;19,4235526;89,7060031;137,41132;;;
52;Mal_Syl_1;Mal_Syl_1;Mal_Syl;Mal;Rosaceae;15,70796327;5;3;4,35901667;50,78538333;1;0,4442;0,1615;0,363574966;23,981;148,4891641;0,3804;36,1518622;48,3904294;22,1037017;0,01115513;3,90063594;115,537294;28157,4466;0,22652208;2761,98073;30,6269721;1,37014606;1593,70094;0,39114384;12,6539479;0,6089;5384,665;8,843266546;3722,53;0,163571549;0,748;0,3626;963,201469;18,8996917;73,695232;11874,4063;1,27786083;40,5761135;1487,86421;7429,3055;0,66958752;1325,96042;52,3559234;3,65860269;2137,23482;80,0523725;150,919186;513;57,9277;7,42;132;10,01;0,9226458;0,03607674;0,0976512;3672,99459;0,34376767;0,03402136;0,01988274;11,1182813;156,626875;80,6000146;10,9805336;0,27864011;11,251873;60,5263967;48,7755886;;;
52;Mal_Syl_1;Mal_Syl_1;Mal_Syl;Mal;Rosaceae;15,70796327;5;3;4,35901667;50,78538333;2;0,5504;0,1822;0,331031977;42,622;233,9297475;0,3804;36,1518622;48,3904294;22,1037017;0,01115513;3,90063594;115,537294;28157,4466;0,22652208;2761,98073;30,6269721;1,37014606;1593,70094;0,39114384;12,6539479;0,6089;5384,665;8,843266546;3722,53;0,163571549;0,748;0,3626;963,201469;18,8996917;73,695232;11874,4063;1,27786083;40,5761135;1487,86421;7429,3055;0,66958752;1325,96042;52,3559234;3,65860269;2137,23482;80,0523725;150,919186;513;57,9277;7,42;132;10,01;0,9226458;0,03607674;0,0976512;3672,99459;0,34376767;0,03402136;0,01988274;11,1182813;156,626875;80,6000146;10,9805336;0,27864011;11,251873;60,5263967;48,7755886;;;
52;Mal_Syl_1;Mal_Syl_1;Mal_Syl;Mal;Rosaceae;15,70796327;5;3;4,35901667;50,78538333;3;0,5936;0,1998;0,336590296;34,7;173,6736737;0,3804;36,1518622;48,3904294;22,1037017;0,01115513;3,90063594;115,537294;28157,4466;0,22652208;2761,98073;30,6269721;1,37014606;1593,70094;0,39114384;12,6539479;0,6089;5384,665;8,843266546;3722,53;0,163571549;0,748;0,3626;963,201469;18,8996917;73,695232;11874,4063;1,27786083;40,5761135;1487,86421;7429,3055;0,66958752;1325,96042;52,3559234;3,65860269;2137,23482;80,0523725;150,919186;513;57,9277;7,42;132;10,01;0,9226458;0,03607674;0,0976512;3672,99459;0,34376767;0,03402136;0,01988274;11,1182813;156,626875;80,6000146;10,9805336;0,27864011;11,251873;60,5263967;48,7755886;;;
52;Mal_Syl_1;Mal_Syl_1;Mal_Syl;Mal;Rosaceae;15,70796327;5;3;4,35901667;50,78538333;4;1,2295;0,431;0,350549004;84,536;196,1392111;0,3804;36,1518622;48,3904294;22,1037017;0,01115513;3,90063594;115,537294;28157,4466;0,22652208;2761,98073;30,6269721;1,37014606;1593,70094;0,39114384;12,6539479;0,6089;5384,665;8,843266546;3722,53;0,163571549;0,748;0,3626;963,201469;18,8996917;73,695232;11874,4063;1,27786083;40,5761135;1487,86421;7429,3055;0,66958752;1325,96042;52,3559234;3,65860269;2137,23482;80,0523725;150,919186;513;57,9277;7,42;132;10,01;0,9226458;0,03607674;0,0976512;3672,99459;0,34376767;0,03402136;0,01988274;11,1182813;156,626875;80,6000146;10,9805336;0,27864011;11,251873;60,5263967;48,7755886;;;
52;Mal_Syl_1;Mal_Syl_1;Mal_Syl;Mal;Rosaceae;15,70796327;5;3;4,35901667;50,78538333;5;1,0006;0,3354;0,335198881;79,036;235,6469887;0,3804;36,1518622;48,3904294;22,1037017;0,01115513;3,90063594;115,537294;28157,4466;0,22652208;2761,98073;30,6269721;1,37014606;1593,70094;0,39114384;12,6539479;0,6089;5384,665;8,843266546;3722,53;0,163571549;0,748;0,3626;963,201469;18,8996917;73,695232;11874,4063;1,27786083;40,5761135;1487,86421;7429,3055;0,66958752;1325,96042;52,3559234;3,65860269;2137,23482;80,0523725;150,919186;513;57,9277;7,42;132;10,01;0,9226458;0,03607674;0,0976512;3672,99459;0,34376767;0,03402136;0,01988274;11,1182813;156,626875;80,6000146;10,9805336;0,27864011;11,251873;60,5263967;48,7755886;;;
53;Lig_Ova_1;Lig_Ova_1;Lig_Ova;Lig;Oleaceae;21,99114858;7;6;4,35743333;50,78346667;1;0,6625;0,1453;0,219320755;25,789;177,487956;0,3052;24,6401357;46,7599319;22,5943702;0,07917656;9,52779969;172,179447;30587,9041;0,20357001;2983,66956;87,3417237;5,41898413;3072,10793;0,36535073;182,198791;0,1057;2758,069;26,09336802;465,668;0,22698575;0,375;0,3476;813,224224;15,2241877;66,6928003;5136,30025;7,4276136;14,108713;1138,50536;10395,1715;0,51364384;2312,12522;478,964552;5,20454841;2224,23713;14,9836624;299,594175;305,89;0;5,61;66,3;10;169,479882;0,03418805;-0,0803703;657,821654;0,1394497;0,18267814;0,17520057;2,15617232;58,0311269;79,1225655;75,855547;0,49470381;13,8854372;12,2620305;9,02382272;;;
53;Lig_Ova_1;Lig_Ova_1;Lig_Ova;Lig;Oleaceae;21,99114858;7;6;4,35743333;50,78346667;2;0,7579;0,1633;0,215463782;22,581;138,2792407;0,3052;24,6401357;46,7599319;22,5943702;0,07917656;9,52779969;172,179447;30587,9041;0,20357001;2983,66956;87,3417237;5,41898413;3072,10793;0,36535073;182,198791;0,1057;2758,069;26,09336802;465,668;0,22698575;0,375;0,3476;813,224224;15,2241877;66,6928003;5136,30025;7,4276136;14,108713;1138,50536;10395,1715;0,51364384;2312,12522;478,964552;5,20454841;2224,23713;14,9836624;299,594175;305,89;0;5,61;66,3;10;169,479882;0,03418805;-0,0803703;657,821654;0,1394497;0,18267814;0,17520057;2,15617232;58,0311269;79,1225655;75,855547;0,49470381;13,8854372;12,2620305;9,02382272;;;
53;Lig_Ova_1;Lig_Ova_1;Lig_Ova;Lig;Oleaceae;21,99114858;7;6;4,35743333;50,78346667;3;0,3925;0,0778;0,198216561;22,219;285,5912596;0,3052;24,6401357;46,7599319;22,5943702;0,07917656;9,52779969;172,179447;30587,9041;0,20357001;2983,66956;87,3417237;5,41898413;3072,10793;0,36535073;182,198791;0,1057;2758,069;26,09336802;465,668;0,22698575;0,375;0,3476;813,224224;15,2241877;66,6928003;5136,30025;7,4276136;14,108713;1138,50536;10395,1715;0,51364384;2312,12522;478,964552;5,20454841;2224,23713;14,9836624;299,594175;305,89;0;5,61;66,3;10;169,479882;0,03418805;-0,0803703;657,821654;0,1394497;0,18267814;0,17520057;2,15617232;58,0311269;79,1225655;75,855547;0,49470381;13,8854372;12,2620305;9,02382272;;;
53;Lig_Ova_1;Lig_Ova_1;Lig_Ova;Lig;Oleaceae;21,99114858;7;6;4,35743333;50,78346667;4;0,3408;0,0671;0,196889671;19,183;285,8867362;0,3052;24,6401357;46,7599319;22,5943702;0,07917656;9,52779969;172,179447;30587,9041;0,20357001;2983,66956;87,3417237;5,41898413;3072,10793;0,36535073;182,198791;0,1057;2758,069;26,09336802;465,668;0,22698575;0,375;0,3476;813,224224;15,2241877;66,6928003;5136,30025;7,4276136;14,108713;1138,50536;10395,1715;0,51364384;2312,12522;478,964552;5,20454841;2224,23713;14,9836624;299,594175;305,89;0;5,61;66,3;10;169,479882;0,03418805;-0,0803703;657,821654;0,1394497;0,18267814;0,17520057;2,15617232;58,0311269;79,1225655;75,855547;0,49470381;13,8854372;12,2620305;9,02382272;;;
53;Lig_Ova_1;Lig_Ova_1;Lig_Ova;Lig;Oleaceae;21,99114858;7;6;4,35743333;50,78346667;5;0,3937;0,0751;0,190754382;20,091;267,5233023;0,3052;24,6401357;46,7599319;22,5943702;0,07917656;9,52779969;172,179447;30587,9041;0,20357001;2983,66956;87,3417237;5,41898413;3072,10793;0,36535073;182,198791;0,1057;2758,069;26,09336802;465,668;0,22698575;0,375;0,3476;813,224224;15,2241877;66,6928003;5136,30025;7,4276136;14,108713;1138,50536;10395,1715;0,51364384;2312,12522;478,964552;5,20454841;2224,23713;14,9836624;299,594175;305,89;0;5,61;66,3;10;169,479882;0,03418805;-0,0803703;657,821654;0,1394497;0,18267814;0,17520057;2,15617232;58,0311269;79,1225655;75,855547;0,49470381;13,8854372;12,2620305;9,02382272;;;
53;Lig_Ova_1;Lig_Ova_1;Lig_Ova;Lig;Oleaceae;21,99114858;7;6;4,35743333;50,78346667;6;0,3831;0,0765;0,199686766;21,135;276,2745098;0,3052;24,6401357;46,7599319;22,5943702;0,07917656;9,52779969;172,179447;30587,9041;0,20357001;2983,66956;87,3417237;5,41898413;3072,10793;0,36535073;182,198791;0,1057;2758,069;26,09336802;465,668;0,22698575;0,375;0,3476;813,224224;15,2241877;66,6928003;5136,30025;7,4276136;14,108713;1138,50536;10395,1715;0,51364384;2312,12522;478,964552;5,20454841;2224,23713;14,9836624;299,594175;305,89;0;5,61;66,3;10;169,479882;0,03418805;-0,0803703;657,821654;0,1394497;0,18267814;0,17520057;2,15617232;58,0311269;79,1225655;75,855547;0,49470381;13,8854372;12,2620305;9,02382272;;;
53;Lig_Ova_1;Lig_Ova_1;Lig_Ova;Lig;Oleaceae;21,99114858;7;6;4,35743333;50,78346667;7;0,3828;0,0774;0,202194357;20,278;261,9896641;0,3052;24,6401357;46,7599319;22,5943702;0,07917656;9,52779969;172,179447;30587,9041;0,20357001;2983,66956;87,3417237;5,41898413;3072,10793;0,36535073;182,198791;0,1057;2758,069;26,09336802;465,668;0,22698575;0,375;0,3476;813,224224;15,2241877;66,6928003;5136,30025;7,4276136;14,108713;1138,50536;10395,1715;0,51364384;2312,12522;478,964552;5,20454841;2224,23713;14,9836624;299,594175;305,89;0;5,61;66,3;10;169,479882;0,03418805;-0,0803703;657,821654;0,1394497;0,18267814;0,17520057;2,15617232;58,0311269;79,1225655;75,855547;0,49470381;13,8854372;12,2620305;9,02382272;;;
53;Lig_Ova_1;Lig_Ova_1;Lig_Ova;Lig;Oleaceae;21,99114858;7;6;4,35743333;50,78346667;8;0,329;0,0637;0,193617021;18,718;293,8461538;0,3052;24,6401357;46,7599319;22,5943702;0,07917656;9,52779969;172,179447;30587,9041;0,20357001;2983,66956;87,3417237;5,41898413;3072,10793;0,36535073;182,198791;0,1057;2758,069;26,09336802;465,668;0,22698575;0,375;0,3476;813,224224;15,2241877;66,6928003;5136,30025;7,4276136;14,108713;1138,50536;10395,1715;0,51364384;2312,12522;478,964552;5,20454841;2224,23713;14,9836624;299,594175;305,89;0;5,61;66,3;10;169,479882;0,03418805;-0,0803703;657,821654;0,1394497;0,18267814;0,17520057;2,15617232;58,0311269;79,1225655;75,855547;0,49470381;13,8854372;12,2620305;9,02382272;;;
53;Lig_Ova_1;Lig_Ova_1;Lig_Ova;Lig;Oleaceae;21,99114858;7;6;4,35743333;50,78346667;9;0,2511;0,0474;0,188769415;13,938;294,0506329;0,3052;24,6401357;46,7599319;22,5943702;0,07917656;9,52779969;172,179447;30587,9041;0,20357001;2983,66956;87,3417237;5,41898413;3072,10793;0,36535073;182,198791;0,1057;2758,069;26,09336802;465,668;0,22698575;0,375;0,3476;813,224224;15,2241877;66,6928003;5136,30025;7,4276136;14,108713;1138,50536;10395,1715;0,51364384;2312,12522;478,964552;5,20454841;2224,23713;14,9836624;299,594175;305,89;0;5,61;66,3;10;169,479882;0,03418805;-0,0803703;657,821654;0,1394497;0,18267814;0,17520057;2,15617232;58,0311269;79,1225655;75,855547;0,49470381;13,8854372;12,2620305;9,02382272;;;
53;Lig_Ova_1;Lig_Ova_1;Lig_Ova;Lig;Oleaceae;21,99114858;7;6;4,35743333;50,78346667;10;0,2897;0,0596;0,205730066;13,493;226,3926174;0,3052;24,6401357;46,7599319;22,5943702;0,07917656;9,52779969;172,179447;30587,9041;0,20357001;2983,66956;87,3417237;5,41898413;3072,10793;0,36535073;182,198791;0,1057;2758,069;26,09336802;465,668;0,22698575;0,375;0,3476;813,224224;15,2241877;66,6928003;5136,30025;7,4276136;14,108713;1138,50536;10395,1715;0,51364384;2312,12522;478,964552;5,20454841;2224,23713;14,9836624;299,594175;305,89;0;5,61;66,3;10;169,479882;0,03418805;-0,0803703;657,821654;0,1394497;0,18267814;0,17520057;2,15617232;58,0311269;79,1225655;75,855547;0,49470381;13,8854372;12,2620305;9,02382272;;;
53;Lig_Ova_1;Lig_Ova_1;Lig_Ova;Lig;Oleaceae;21,99114858;7;6;4,35743333;50,78346667;11;0,345;0,0658;0,190724638;20,487;311,3525836;0,3052;24,6401357;46,7599319;22,5943702;0,07917656;9,52779969;172,179447;30587,9041;0,20357001;2983,66956;87,3417237;5,41898413;3072,10793;0,36535073;182,198791;0,1057;2758,069;26,09336802;465,668;0,22698575;0,375;0,3476;813,224224;15,2241877;66,6928003;5136,30025;7,4276136;14,108713;1138,50536;10395,1715;0,51364384;2312,12522;478,964552;5,20454841;2224,23713;14,9836624;299,594175;305,89;0;5,61;66,3;10;169,479882;0,03418805;-0,0803703;657,821654;0,1394497;0,18267814;0,17520057;2,15617232;58,0311269;79,1225655;75,855547;0,49470381;13,8854372;12,2620305;9,02382272;;;
54;Sal_Cap_1;Sal_Cap_1;Sal_Cap;Sal;Salicaceae;116;36,9239468;5;4,35773333;50,78351667;1;0,9594;0,2713;0,282780905;67,348;248,2417987;0,3541;47,1866037;42,0201331;64,8615456;1,62328662;9,19393682;178,688935;18367,623;0,08097899;4366,8;88,1641869;12,9686344;2221,83747;0,66263764;201,005285;0,1178;3632,093;30,83270798;651,073;0,180932092;0,39;0,3201;1492,10143;14,1307196;40,440871;5401,04632;1,53489123;15,6897026;1832,94015;3312,13258;0,53851813;1341,21309;260,051606;8,59507156;2188,46461;28,4505436;78,0927133;242,54;0;4,33;73,4;9,93;185,89942;0,09419761;0,23842384;508,28659;0,09742214;0,25832282;0,25884462;2,01457907;71,8708195;50,0151028;27,6824627;0,53098788;35,0790596;11,1856705;1,49912435;;;
54;Sal_Cap_1;Sal_Cap_1;Sal_Cap;Sal;Salicaceae;116;36,9239468;5;4,35773333;50,78351667;2;0,8261;0,2416;0,29245854;51,326;212,442053;0,3541;47,1866037;42,0201331;64,8615456;1,62328662;9,19393682;178,688935;18367,623;0,08097899;4366,8;88,1641869;12,9686344;2221,83747;0,66263764;201,005285;0,1178;3632,093;30,83270798;651,073;0,180932092;0,39;0,3201;1492,10143;14,1307196;40,440871;5401,04632;1,53489123;15,6897026;1832,94015;3312,13258;0,53851813;1341,21309;260,051606;8,59507156;2188,46461;28,4505436;78,0927133;242,54;0;4,33;73,4;9,93;185,89942;0,09419761;0,23842384;508,28659;0,09742214;0,25832282;0,25884462;2,01457907;71,8708195;50,0151028;27,6824627;0,53098788;35,0790596;11,1856705;1,49912435;;;
54;Sal_Cap_1;Sal_Cap_1;Sal_Cap;Sal;Salicaceae;116;36,9239468;5;4,35773333;50,78351667;3;0,2289;0,0527;0,230231542;17,204;326,4516129;0,3541;47,1866037;42,0201331;64,8615456;1,62328662;9,19393682;178,688935;18367,623;0,08097899;4366,8;88,1641869;12,9686344;2221,83747;0,66263764;201,005285;0,1178;3632,093;30,83270798;651,073;0,180932092;0,39;0,3201;1492,10143;14,1307196;40,440871;5401,04632;1,53489123;15,6897026;1832,94015;3312,13258;0,53851813;1341,21309;260,051606;8,59507156;2188,46461;28,4505436;78,0927133;242,54;0;4,33;73,4;9,93;185,89942;0,09419761;0,23842384;508,28659;0,09742214;0,25832282;0,25884462;2,01457907;71,8708195;50,0151028;27,6824627;0,53098788;35,0790596;11,1856705;1,49912435;;;
54;Sal_Cap_1;Sal_Cap_1;Sal_Cap;Sal;Salicaceae;116;36,9239468;5;4,35773333;50,78351667;4;0,1949;0,0456;0,233966136;14,461;317,127193;0,3541;47,1866037;42,0201331;64,8615456;1,62328662;9,19393682;178,688935;18367,623;0,08097899;4366,8;88,1641869;12,9686344;2221,83747;0,66263764;201,005285;0,1178;3632,093;30,83270798;651,073;0,180932092;0,39;0,3201;1492,10143;14,1307196;40,440871;5401,04632;1,53489123;15,6897026;1832,94015;3312,13258;0,53851813;1341,21309;260,051606;8,59507156;2188,46461;28,4505436;78,0927133;242,54;0;4,33;73,4;9,93;185,89942;0,09419761;0,23842384;508,28659;0,09742214;0,25832282;0,25884462;2,01457907;71,8708195;50,0151028;27,6824627;0,53098788;35,0790596;11,1856705;1,49912435;;;
55;Pru_Avi_1;Pru_Avi_1;Pru_Avi;Pru;Rosaceae;88;28,01126998;6;4,35766667;50,78385000;1;0,6749;0,1963;0,290857905;49,991;254,6663271;0,3428;46,1321921;47,2204642;52,2107886;0,01238889;8,24204434;191,982032;17810,8341;0,09225516;6152,78154;69,7595498;8,73428042;1370,66902;0,61648671;26,0271944;0,3857;7091,318;18,38557947;1681,997;0,229310754;0,438;0,3168;1372,92166;19,0091392;28,4472142;6366,31741;2,21290077;15,3097424;1632,04091;5210,31637;0,92464465;2218,27037;205,79814;6,14727815;2746,91542;10,8071559;105,008279;311,08;0;5,01;0,582;10,06;170,518601;0,0264915;-0,0869754;563,634869;0,11313823;0,14691731;0,1876533;1,99506121;65,8583752;94,3733795;22,3608316;0,49137995;14,2371678;7,3001018;4,10736508;ms;;
55;Pru_Avi_1;Pru_Avi_1;Pru_Avi;Pru;Rosaceae;88;28,01126998;6;4,35766667;50,78385000;2;0,7258;0,2421;0,333562965;50,669;209,2895498;0,3428;46,1321921;47,2204642;52,2107886;0,01238889;8,24204434;191,982032;17810,8341;0,09225516;6152,78154;69,7595498;8,73428042;1370,66902;0,61648671;26,0271944;0,3857;7091,318;18,38557947;1681,997;0,229310754;0,438;0,3168;1372,92166;19,0091392;28,4472142;6366,31741;2,21290077;15,3097424;1632,04091;5210,31637;0,92464465;2218,27037;205,79814;6,14727815;2746,91542;10,8071559;105,008279;311,08;0;5,01;0,582;10,06;170,518601;0,0264915;-0,0869754;563,634869;0,11313823;0,14691731;0,1876533;1,99506121;65,8583752;94,3733795;22,3608316;0,49137995;14,2371678;7,3001018;4,10736508;;;
55;Pru_Avi_1;Pru_Avi_1;Pru_Avi;Pru;Rosaceae;88;28,01126998;6;4,35766667;50,78385000;3;0,7564;0,2645;0,349682708;51,566;194,9565217;0,3428;46,1321921;47,2204642;52,2107886;0,01238889;8,24204434;191,982032;17810,8341;0,09225516;6152,78154;69,7595498;8,73428042;1370,66902;0,61648671;26,0271944;0,3857;7091,318;18,38557947;1681,997;0,229310754;0,438;0,3168;1372,92166;19,0091392;28,4472142;6366,31741;2,21290077;15,3097424;1632,04091;5210,31637;0,92464465;2218,27037;205,79814;6,14727815;2746,91542;10,8071559;105,008279;311,08;0;5,01;0,582;10,06;170,518601;0,0264915;-0,0869754;563,634869;0,11313823;0,14691731;0,1876533;1,99506121;65,8583752;94,3733795;22,3608316;0,49137995;14,2371678;7,3001018;4,10736508;;;
55;Pru_Avi_1;Pru_Avi_1;Pru_Avi;Pru;Rosaceae;88;28,01126998;6;4,35766667;50,78385000;4;0,7289;0,2414;0,331183976;45,747;189,5070423;0,3428;46,1321921;47,2204642;52,2107886;0,01238889;8,24204434;191,982032;17810,8341;0,09225516;6152,78154;69,7595498;8,73428042;1370,66902;0,61648671;26,0271944;0,3857;7091,318;18,38557947;1681,997;0,229310754;0,438;0,3168;1372,92166;19,0091392;28,4472142;6366,31741;2,21290077;15,3097424;1632,04091;5210,31637;0,92464465;2218,27037;205,79814;6,14727815;2746,91542;10,8071559;105,008279;311,08;0;5,01;0,582;10,06;170,518601;0,0264915;-0,0869754;563,634869;0,11313823;0,14691731;0,1876533;1,99506121;65,8583752;94,3733795;22,3608316;0,49137995;14,2371678;7,3001018;4,10736508;;;
55;Pru_Avi_1;Pru_Avi_1;Pru_Avi;Pru;Rosaceae;88;28,01126998;6;4,35766667;50,78385000;5;0,5459;0,1661;0,304268181;38,954;234,5213727;0,3428;46,1321921;47,2204642;52,2107886;0,01238889;8,24204434;191,982032;17810,8341;0,09225516;6152,78154;69,7595498;8,73428042;1370,66902;0,61648671;26,0271944;0,3857;7091,318;18,38557947;1681,997;0,229310754;0,438;0,3168;1372,92166;19,0091392;28,4472142;6366,31741;2,21290077;15,3097424;1632,04091;5210,31637;0,92464465;2218,27037;205,79814;6,14727815;2746,91542;10,8071559;105,008279;311,08;0;5,01;0,582;10,06;170,518601;0,0264915;-0,0869754;563,634869;0,11313823;0,14691731;0,1876533;1,99506121;65,8583752;94,3733795;22,3608316;0,49137995;14,2371678;7,3001018;4,10736508;;;
55;Pru_Avi_1;Pru_Avi_1;Pru_Avi;Pru;Rosaceae;88;28,01126998;6;4,35766667;50,78385000;6;0,5813;0,1707;0,293652159;50,252;294,3878149;0,3428;46,1321921;47,2204642;52,2107886;0,01238889;8,24204434;191,982032;17810,8341;0,09225516;6152,78154;69,7595498;8,73428042;1370,66902;0,61648671;26,0271944;0,3857;7091,318;18,38557947;1681,997;0,229310754;0,438;0,3168;1372,92166;19,0091392;28,4472142;6366,31741;2,21290077;15,3097424;1632,04091;5210,31637;0,92464465;2218,27037;205,79814;6,14727815;2746,91542;10,8071559;105,008279;311,08;0;5,01;0,582;10,06;170,518601;0,0264915;-0,0869754;563,634869;0,11313823;0,14691731;0,1876533;1,99506121;65,8583752;94,3733795;22,3608316;0,49137995;14,2371678;7,3001018;4,10736508;;;
56;Pru_Ser_1;Pru_Ser_1;Pru_Ser;Pru;Rosaceae;45;14,32394488;5;4,35785000;50,78390000;1;0,3527;0,115;0,326056138;32,235;280,3043478;0,3224;38,2061409;33,6465227;42,9268462;0,01754907;4,46707036;121,786584;20432,368;0,07367587;5013,84351;247,041157;4,88507255;1286,16774;0,95450618;26,8800296;0,2844;6926,774;24,35574543;1909,379;0,148948951;0,466;0,3397;2389,05447;23,6588183;47,9488518;3923,76229;1,62518256;15,3785629;2287,92356;4380,48023;0,46816594;1582,17505;308,182525;9,56486308;1608,61956;157,402912;194,104007;389,08;0;6,02;63;9,94;275,31641;0,04498098;0,31861323;158,215917;0,03148066;0,16781737;0,26985816;2,21555989;40,8058378;19,3990044;11,9315846;0,32066739;35,7793419;17,536181;2,86537199;;;
56;Pru_Ser_1;Pru_Ser_1;Pru_Ser;Pru;Rosaceae;45;14,32394488;5;4,35785000;50,78390000;2;0,3168;0,1047;0,330492424;28,8;275,0716332;0,3224;38,2061409;33,6465227;42,9268462;0,01754907;4,46707036;121,786584;20432,368;0,07367587;5013,84351;247,041157;4,88507255;1286,16774;0,95450618;26,8800296;0,2844;6926,774;24,35574543;1909,379;0,148948951;0,466;0,3397;2389,05447;23,6588183;47,9488518;3923,76229;1,62518256;15,3785629;2287,92356;4380,48023;0,46816594;1582,17505;308,182525;9,56486308;1608,61956;157,402912;194,104007;389,08;0;6,02;63;9,94;275,31641;0,04498098;0,31861323;158,215917;0,03148066;0,16781737;0,26985816;2,21555989;40,8058378;19,3990044;11,9315846;0,32066739;35,7793419;17,536181;2,86537199;;;
56;Pru_Ser_1;Pru_Ser_1;Pru_Ser;Pru;Rosaceae;45;14,32394488;5;4,35785000;50,78390000;3;0,2902;0,0911;0,313921433;28,075;308,1778266;0,3224;38,2061409;33,6465227;42,9268462;0,01754907;4,46707036;121,786584;20432,368;0,07367587;5013,84351;247,041157;4,88507255;1286,16774;0,95450618;26,8800296;0,2844;6926,774;24,35574543;1909,379;0,148948951;0,466;0,3397;2389,05447;23,6588183;47,9488518;3923,76229;1,62518256;15,3785629;2287,92356;4380,48023;0,46816594;1582,17505;308,182525;9,56486308;1608,61956;157,402912;194,104007;389,08;0;6,02;63;9,94;275,31641;0,04498098;0,31861323;158,215917;0,03148066;0,16781737;0,26985816;2,21555989;40,8058378;19,3990044;11,9315846;0,32066739;35,7793419;17,536181;2,86537199;;;
56;Pru_Ser_1;Pru_Ser_1;Pru_Ser;Pru;Rosaceae;45;14,32394488;5;4,35785000;50,78390000;4;0,1855;0,0543;0,292722372;20,533;378,1399632;0,3224;38,2061409;33,6465227;42,9268462;0,01754907;4,46707036;121,786584;20432,368;0,07367587;5013,84351;247,041157;4,88507255;1286,16774;0,95450618;26,8800296;0,2844;6926,774;24,35574543;1909,379;0,148948951;0,466;0,3397;2389,05447;23,6588183;47,9488518;3923,76229;1,62518256;15,3785629;2287,92356;4380,48023;0,46816594;1582,17505;308,182525;9,56486308;1608,61956;157,402912;194,104007;389,08;0;6,02;63;9,94;275,31641;0,04498098;0,31861323;158,215917;0,03148066;0,16781737;0,26985816;2,21555989;40,8058378;19,3990044;11,9315846;0,32066739;35,7793419;17,536181;2,86537199;;;
56;Pru_Ser_1;Pru_Ser_1;Pru_Ser;Pru;Rosaceae;45;14,32394488;5;4,35785000;50,78390000;5;0,239;0,0708;0,29623431;23,371;330,0988701;0,3224;38,2061409;33,6465227;42,9268462;0,01754907;4,46707036;121,786584;20432,368;0,07367587;5013,84351;247,041157;4,88507255;1286,16774;0,95450618;26,8800296;0,2844;6926,774;24,35574543;1909,379;0,148948951;0,466;0,3397;2389,05447;23,6588183;47,9488518;3923,76229;1,62518256;15,3785629;2287,92356;4380,48023;0,46816594;1582,17505;308,182525;9,56486308;1608,61956;157,402912;194,104007;389,08;0;6,02;63;9,94;275,31641;0,04498098;0,31861323;158,215917;0,03148066;0,16781737;0,26985816;2,21555989;40,8058378;19,3990044;11,9315846;0,32066739;35,7793419;17,536181;2,86537199;;;
56;Pru_Ser_1;Pru_Ser_1;Pru_Ser;Pru;Rosaceae;45;14,32394488;5;4,35785000;50,78390000;6;0,1688;0,0514;0,30450237;17,798;346,2645914;0,3224;38,2061409;33,6465227;42,9268462;0,01754907;4,46707036;121,786584;20432,368;0,07367587;5013,84351;247,041157;4,88507255;1286,16774;0,95450618;26,8800296;0,2844;6926,774;24,35574543;1909,379;0,148948951;0,466;0,3397;2389,05447;23,6588183;47,9488518;3923,76229;1,62518256;15,3785629;2287,92356;4380,48023;0,46816594;1582,17505;308,182525;9,56486308;1608,61956;157,402912;194,104007;389,08;0;6,02;63;9,94;275,31641;0,04498098;0,31861323;158,215917;0,03148066;0,16781737;0,26985816;2,21555989;40,8058378;19,3990044;11,9315846;0,32066739;35,7793419;17,536181;2,86537199;;;
56;Pru_Ser_1;Pru_Ser_1;Pru_Ser;Pru;Rosaceae;45;14,32394488;5;4,35785000;50,78390000;7;0,2351;0,076;0,323266695;24,66;324,4736842;0,3224;38,2061409;33,6465227;42,9268462;0,01754907;4,46707036;121,786584;20432,368;0,07367587;5013,84351;247,041157;4,88507255;1286,16774;0,95450618;26,8800296;0,2844;6926,774;24,35574543;1909,379;0,148948951;0,466;0,3397;2389,05447;23,6588183;47,9488518;3923,76229;1,62518256;15,3785629;2287,92356;4380,48023;0,46816594;1582,17505;308,182525;9,56486308;1608,61956;157,402912;194,104007;389,08;0;6,02;63;9,94;275,31641;0,04498098;0,31861323;158,215917;0,03148066;0,16781737;0,26985816;2,21555989;40,8058378;19,3990044;11,9315846;0,32066739;35,7793419;17,536181;2,86537199;;;
56;Pru_Ser_1;Pru_Ser_1;Pru_Ser;Pru;Rosaceae;45;14,32394488;5;4,35785000;50,78390000;8;0,2392;0,0734;0,306856187;24,706;336,5940054;0,3224;38,2061409;33,6465227;42,9268462;0,01754907;4,46707036;121,786584;20432,368;0,07367587;5013,84351;247,041157;4,88507255;1286,16774;0,95450618;26,8800296;0,2844;6926,774;24,35574543;1909,379;0,148948951;0,466;0,3397;2389,05447;23,6588183;47,9488518;3923,76229;1,62518256;15,3785629;2287,92356;4380,48023;0,46816594;1582,17505;308,182525;9,56486308;1608,61956;157,402912;194,104007;389,08;0;6,02;63;9,94;275,31641;0,04498098;0,31861323;158,215917;0,03148066;0,16781737;0,26985816;2,21555989;40,8058378;19,3990044;11,9315846;0,32066739;35,7793419;17,536181;2,86537199;;;
56;Pru_Ser_1;Pru_Ser_1;Pru_Ser;Pru;Rosaceae;45;14,32394488;5;4,35785000;50,78390000;9;0,2427;0,0753;0,31025958;25,221;334,940239;0,3224;38,2061409;33,6465227;42,9268462;0,01754907;4,46707036;121,786584;20432,368;0,07367587;5013,84351;247,041157;4,88507255;1286,16774;0,95450618;26,8800296;0,2844;6926,774;24,35574543;1909,379;0,148948951;0,466;0,3397;2389,05447;23,6588183;47,9488518;3923,76229;1,62518256;15,3785629;2287,92356;4380,48023;0,46816594;1582,17505;308,182525;9,56486308;1608,61956;157,402912;194,104007;389,08;0;6,02;63;9,94;275,31641;0,04498098;0,31861323;158,215917;0,03148066;0,16781737;0,26985816;2,21555989;40,8058378;19,3990044;11,9315846;0,32066739;35,7793419;17,536181;2,86537199;;;
56;Pru_Ser_1;Pru_Ser_1;Pru_Ser;Pru;Rosaceae;45;14,32394488;5;4,35785000;50,78390000;10;0,3063;0,0986;0,321906627;27,099;274,8377282;0,3224;38,2061409;33,6465227;42,9268462;0,01754907;4,46707036;121,786584;20432,368;0,07367587;5013,84351;247,041157;4,88507255;1286,16774;0,95450618;26,8800296;0,2844;6926,774;24,35574543;1909,379;0,148948951;0,466;0,3397;2389,05447;23,6588183;47,9488518;3923,76229;1,62518256;15,3785629;2287,92356;4380,48023;0,46816594;1582,17505;308,182525;9,56486308;1608,61956;157,402912;194,104007;389,08;0;6,02;63;9,94;275,31641;0,04498098;0,31861323;158,215917;0,03148066;0,16781737;0,26985816;2,21555989;40,8058378;19,3990044;11,9315846;0,32066739;35,7793419;17,536181;2,86537199;;;
57;Pru_Lau_1;Pru_Lau_1;Pru_Lau;Pru;Rosaceae;10;3,183098862;3;4,35836667;50,78411667;1;1,7996;0,5766;0,320404534;78,179;135,5861949;0,3128;16,0609038;33,897256;22,7994566;0,07550287;8,59134453;101,89828;15483,7429;0,04028401;6094,21967;262,279182;4,81497646;1745,43285;0,48127235;36,7981188;0,1549;3200,421;20,66120723;659,682;0,234810105;0,437;0,3717;998,960243;14,5690199;48,4598621;6888,39049;1,05362491;11,7281236;1336,00751;3459,18298;0,33136226;1272,0639;972,058217;6,13150375;1772,74117;30,9751393;132,503388;312,9;0;4,08;106,2;9,98;450,007094;0,08007078;-0,0634824;471,553708;0,06004112;0,26434704;0,55515955;2,91475618;86,9419406;63,8063558;98,3458637;0,56882653;34,4454187;20,7805107;5,08651882;;;
57;Pru_Lau_1;Pru_Lau_1;Pru_Lau;Pru;Rosaceae;10;3,183098862;3;4,35836667;50,78411667;2;1,3937;0,4643;0,333141996;62,953;135,586905;0,3128;16,0609038;33,897256;22,7994566;0,07550287;8,59134453;101,89828;15483,7429;0,04028401;6094,21967;262,279182;4,81497646;1745,43285;0,48127235;36,7981188;0,1549;3200,421;20,66120723;659,682;0,234810105;0,437;0,3717;998,960243;14,5690199;48,4598621;6888,39049;1,05362491;11,7281236;1336,00751;3459,18298;0,33136226;1272,0639;972,058217;6,13150375;1772,74117;30,9751393;132,503388;312,9;0;4,08;106,2;9,98;450,007094;0,08007078;-0,0634824;471,553708;0,06004112;0,26434704;0,55515955;2,91475618;86,9419406;63,8063558;98,3458637;0,56882653;34,4454187;20,7805107;5,08651882;;;
57;Pru_Lau_1;Pru_Lau_1;Pru_Lau;Pru;Rosaceae;10;3,183098862;3;4,35836667;50,78411667;3;1,0207;0,2815;0,275791124;42,445;150,7815275;0,3128;16,0609038;33,897256;22,7994566;0,07550287;8,59134453;101,89828;15483,7429;0,04028401;6094,21967;262,279182;4,81497646;1745,43285;0,48127235;36,7981188;0,1549;3200,421;20,66120723;659,682;0,234810105;0,437;0,3717;998,960243;14,5690199;48,4598621;6888,39049;1,05362491;11,7281236;1336,00751;3459,18298;0,33136226;1272,0639;972,058217;6,13150375;1772,74117;30,9751393;132,503388;312,9;0;4,08;106,2;9,98;450,007094;0,08007078;-0,0634824;471,553708;0,06004112;0,26434704;0,55515955;2,91475618;86,9419406;63,8063558;98,3458637;0,56882653;34,4454187;20,7805107;5,08651882;;;
57;Pru_Lau_1;Pru_Lau_1;Pru_Lau;Pru;Rosaceae;10;3,183098862;3;4,35836667;50,78411667;4;1,5669;0,5694;0,363392686;65,731;115,4390587;0,3128;16,0609038;33,897256;22,7994566;0,07550287;8,59134453;101,89828;15483,7429;0,04028401;6094,21967;262,279182;4,81497646;1745,43285;0,48127235;36,7981188;0,1549;3200,421;20,66120723;659,682;0,234810105;0,437;0,3717;998,960243;14,5690199;48,4598621;6888,39049;1,05362491;11,7281236;1336,00751;3459,18298;0,33136226;1272,0639;972,058217;6,13150375;1772,74117;30,9751393;132,503388;312,9;0;4,08;106,2;9,98;450,007094;0,08007078;-0,0634824;471,553708;0,06004112;0,26434704;0,55515955;2,91475618;86,9419406;63,8063558;98,3458637;0,56882653;34,4454187;20,7805107;5,08651882;;;
57;Pru_Lau_1;Pru_Lau_1;Pru_Lau;Pru;Rosaceae;10;3,183098862;3;4,35836667;50,78411667;5;1,898;0,6511;0,343045311;84,055;129,0969129;0,3128;16,0609038;33,897256;22,7994566;0,07550287;8,59134453;101,89828;15483,7429;0,04028401;6094,21967;262,279182;4,81497646;1745,43285;0,48127235;36,7981188;0,1549;3200,421;20,66120723;659,682;0,234810105;0,437;0,3717;998,960243;14,5690199;48,4598621;6888,39049;1,05362491;11,7281236;1336,00751;3459,18298;0,33136226;1272,0639;972,058217;6,13150375;1772,74117;30,9751393;132,503388;312,9;0;4,08;106,2;9,98;450,007094;0,08007078;-0,0634824;471,553708;0,06004112;0,26434704;0,55515955;2,91475618;86,9419406;63,8063558;98,3458637;0,56882653;34,4454187;20,7805107;5,08651882;;;
57;Pru_Lau_1;Pru_Lau_1;Pru_Lau;Pru;Rosaceae;10;3,183098862;3;4,35836667;50,78411667;6;1,5636;0,569;0,363903812;72,913;128,142355;0,3128;16,0609038;33,897256;22,7994566;0,07550287;8,59134453;101,89828;15483,7429;0,04028401;6094,21967;262,279182;4,81497646;1745,43285;0,48127235;36,7981188;0,1549;3200,421;20,66120723;659,682;0,234810105;0,437;0,3717;998,960243;14,5690199;48,4598621;6888,39049;1,05362491;11,7281236;1336,00751;3459,18298;0,33136226;1272,0639;972,058217;6,13150375;1772,74117;30,9751393;132,503388;312,9;0;4,08;106,2;9,98;450,007094;0,08007078;-0,0634824;471,553708;0,06004112;0,26434704;0,55515955;2,91475618;86,9419406;63,8063558;98,3458637;0,56882653;34,4454187;20,7805107;5,08651882;;;
57;Pru_Lau_1;Pru_Lau_1;Pru_Lau;Pru;Rosaceae;10;3,183098862;3;4,35836667;50,78411667;7;1,2406;0,4444;0,358213768;56,771;127,7475248;0,3128;16,0609038;33,897256;22,7994566;0,07550287;8,59134453;101,89828;15483,7429;0,04028401;6094,21967;262,279182;4,81497646;1745,43285;0,48127235;36,7981188;0,1549;3200,421;20,66120723;659,682;0,234810105;0,437;0,3717;998,960243;14,5690199;48,4598621;6888,39049;1,05362491;11,7281236;1336,00751;3459,18298;0,33136226;1272,0639;972,058217;6,13150375;1772,74117;30,9751393;132,503388;312,9;0;4,08;106,2;9,98;450,007094;0,08007078;-0,0634824;471,553708;0,06004112;0,26434704;0,55515955;2,91475618;86,9419406;63,8063558;98,3458637;0,56882653;34,4454187;20,7805107;5,08651882;;;
58;Til_sp_1;Til_sp_1;Til_sp_;Til;Malvaceae;119;37,87887646;12;4,35953333;50,78478333;1;0,5103;0,1825;0,357632765;48,301;264,6630137;0,3268;65,8707559;64,4588308;13,8651178;0,01928869;7,02124141;198,877542;12275,9057;0,21921652;3645,21294;28,9421123;2,25081479;1733,49506;0,82301038;21,0887501;0,1644;4189,846;25,48568127;1056,412;0,155621102;0,445;0,3377;1184,26398;29,3423967;33,6502474;11519,9069;0,7625785;14,2943415;2252,04164;10281,0073;0,90446064;1336,9571;71,8829457;3,59033808;2334,58328;16,6763551;88,441696;306,3;5,1584;7,35;152,5;9,96;22,7129172;0,02265433;0,42019936;2072,64532;0,13067033;0,11324984;0,04118013;1,69920666;123,021845;96,2860624;12,5706118;0,63113588;4,75992193;10,530759;11,1337054;;;
58;Til_sp_1;Til_sp_1;Til_sp_;Til;Malvaceae;119;37,87887646;12;4,35953333;50,78478333;2;0,7408;0,2515;0,33949784;79,544;316,27833;0,3268;65,8707559;64,4588308;13,8651178;0,01928869;7,02124141;198,877542;12275,9057;0,21921652;3645,21294;28,9421123;2,25081479;1733,49506;0,82301038;21,0887501;0,1644;4189,846;25,48568127;1056,412;0,155621102;0,445;0,3377;1184,26398;29,3423967;33,6502474;11519,9069;0,7625785;14,2943415;2252,04164;10281,0073;0,90446064;1336,9571;71,8829457;3,59033808;2334,58328;16,6763551;88,441696;306,3;5,1584;7,35;152,5;9,96;22,7129172;0,02265433;0,42019936;2072,64532;0,13067033;0,11324984;0,04118013;1,69920666;123,021845;96,2860624;12,5706118;0,63113588;4,75992193;10,530759;11,1337054;;;
58;Til_sp_1;Til_sp_1;Til_sp_;Til;Malvaceae;119;37,87887646;12;4,35953333;50,78478333;3;0,5709;0,2071;0,362760554;51,305;247,7305649;0,3268;65,8707559;64,4588308;13,8651178;0,01928869;7,02124141;198,877542;12275,9057;0,21921652;3645,21294;28,9421123;2,25081479;1733,49506;0,82301038;21,0887501;0,1644;4189,846;25,48568127;1056,412;0,155621102;0,445;0,3377;1184,26398;29,3423967;33,6502474;11519,9069;0,7625785;14,2943415;2252,04164;10281,0073;0,90446064;1336,9571;71,8829457;3,59033808;2334,58328;16,6763551;88,441696;306,3;5,1584;7,35;152,5;9,96;22,7129172;0,02265433;0,42019936;2072,64532;0,13067033;0,11324984;0,04118013;1,69920666;123,021845;96,2860624;12,5706118;0,63113588;4,75992193;10,530759;11,1337054;;;
58;Til_sp_1;Til_sp_1;Til_sp_;Til;Malvaceae;119;37,87887646;12;4,35953333;50,78478333;4;0,2485;0,0885;0,356136821;26,086;294,7570621;0,3268;65,8707559;64,4588308;13,8651178;0,01928869;7,02124141;198,877542;12275,9057;0,21921652;3645,21294;28,9421123;2,25081479;1733,49506;0,82301038;21,0887501;0,1644;4189,846;25,48568127;1056,412;0,155621102;0,445;0,3377;1184,26398;29,3423967;33,6502474;11519,9069;0,7625785;14,2943415;2252,04164;10281,0073;0,90446064;1336,9571;71,8829457;3,59033808;2334,58328;16,6763551;88,441696;306,3;5,1584;7,35;152,5;9,96;22,7129172;0,02265433;0,42019936;2072,64532;0,13067033;0,11324984;0,04118013;1,69920666;123,021845;96,2860624;12,5706118;0,63113588;4,75992193;10,530759;11,1337054;;;
58;Til_sp_1;Til_sp_1;Til_sp_;Til;Malvaceae;119;37,87887646;12;4,35953333;50,78478333;5;1,2424;0,4261;0,342965229;123,344;289,4719549;0,3268;65,8707559;64,4588308;13,8651178;0,01928869;7,02124141;198,877542;12275,9057;0,21921652;3645,21294;28,9421123;2,25081479;1733,49506;0,82301038;21,0887501;0,1644;4189,846;25,48568127;1056,412;0,155621102;0,445;0,3377;1184,26398;29,3423967;33,6502474;11519,9069;0,7625785;14,2943415;2252,04164;10281,0073;0,90446064;1336,9571;71,8829457;3,59033808;2334,58328;16,6763551;88,441696;306,3;5,1584;7,35;152,5;9,96;22,7129172;0,02265433;0,42019936;2072,64532;0,13067033;0,11324984;0,04118013;1,69920666;123,021845;96,2860624;12,5706118;0,63113588;4,75992193;10,530759;11,1337054;;;
58;Til_sp_1;Til_sp_1;Til_sp_;Til;Malvaceae;119;37,87887646;12;4,35953333;50,78478333;6;0,7784;0,271;0,348150051;92,937;342,9409594;0,3268;65,8707559;64,4588308;13,8651178;0,01928869;7,02124141;198,877542;12275,9057;0,21921652;3645,21294;28,9421123;2,25081479;1733,49506;0,82301038;21,0887501;0,1644;4189,846;25,48568127;1056,412;0,155621102;0,445;0,3377;1184,26398;29,3423967;33,6502474;11519,9069;0,7625785;14,2943415;2252,04164;10281,0073;0,90446064;1336,9571;71,8829457;3,59033808;2334,58328;16,6763551;88,441696;306,3;5,1584;7,35;152,5;9,96;22,7129172;0,02265433;0,42019936;2072,64532;0,13067033;0,11324984;0,04118013;1,69920666;123,021845;96,2860624;12,5706118;0,63113588;4,75992193;10,530759;11,1337054;;;
58;Til_sp_1;Til_sp_1;Til_sp_;Til;Malvaceae;119;37,87887646;12;4,35953333;50,78478333;7;0,714;0,2696;0,377591036;70,843;262,7707715;0,3268;65,8707559;64,4588308;13,8651178;0,01928869;7,02124141;198,877542;12275,9057;0,21921652;3645,21294;28,9421123;2,25081479;1733,49506;0,82301038;21,0887501;0,1644;4189,846;25,48568127;1056,412;0,155621102;0,445;0,3377;1184,26398;29,3423967;33,6502474;11519,9069;0,7625785;14,2943415;2252,04164;10281,0073;0,90446064;1336,9571;71,8829457;3,59033808;2334,58328;16,6763551;88,441696;306,3;5,1584;7,35;152,5;9,96;22,7129172;0,02265433;0,42019936;2072,64532;0,13067033;0,11324984;0,04118013;1,69920666;123,021845;96,2860624;12,5706118;0,63113588;4,75992193;10,530759;11,1337054;;;
58;Til_sp_1;Til_sp_1;Til_sp_;Til;Malvaceae;119;37,87887646;12;4,35953333;50,78478333;8;0,3296;0,1231;0,37348301;26,68;216,7343623;0,3268;65,8707559;64,4588308;13,8651178;0,01928869;7,02124141;198,877542;12275,9057;0,21921652;3645,21294;28,9421123;2,25081479;1733,49506;0,82301038;21,0887501;0,1644;4189,846;25,48568127;1056,412;0,155621102;0,445;0,3377;1184,26398;29,3423967;33,6502474;11519,9069;0,7625785;14,2943415;2252,04164;10281,0073;0,90446064;1336,9571;71,8829457;3,59033808;2334,58328;16,6763551;88,441696;306,3;5,1584;7,35;152,5;9,96;22,7129172;0,02265433;0,42019936;2072,64532;0,13067033;0,11324984;0,04118013;1,69920666;123,021845;96,2860624;12,5706118;0,63113588;4,75992193;10,530759;11,1337054;;;
58;Til_sp_1;Til_sp_1;Til_sp_;Til;Malvaceae;119;37,87887646;12;4,35953333;50,78478333;9;0,5785;0,2151;0,371823682;47,574;221,1715481;0,3268;65,8707559;64,4588308;13,8651178;0,01928869;7,02124141;198,877542;12275,9057;0,21921652;3645,21294;28,9421123;2,25081479;1733,49506;0,82301038;21,0887501;0,1644;4189,846;25,48568127;1056,412;0,155621102;0,445;0,3377;1184,26398;29,3423967;33,6502474;11519,9069;0,7625785;14,2943415;2252,04164;10281,0073;0,90446064;1336,9571;71,8829457;3,59033808;2334,58328;16,6763551;88,441696;306,3;5,1584;7,35;152,5;9,96;22,7129172;0,02265433;0,42019936;2072,64532;0,13067033;0,11324984;0,04118013;1,69920666;123,021845;96,2860624;12,5706118;0,63113588;4,75992193;10,530759;11,1337054;;;
58;Til_sp_1;Til_sp_1;Til_sp_;Til;Malvaceae;119;37,87887646;12;4,35953333;50,78478333;10;0,7689;0,2758;0,358694239;71,238;258,2958666;0,3268;65,8707559;64,4588308;13,8651178;0,01928869;7,02124141;198,877542;12275,9057;0,21921652;3645,21294;28,9421123;2,25081479;1733,49506;0,82301038;21,0887501;0,1644;4189,846;25,48568127;1056,412;0,155621102;0,445;0,3377;1184,26398;29,3423967;33,6502474;11519,9069;0,7625785;14,2943415;2252,04164;10281,0073;0,90446064;1336,9571;71,8829457;3,59033808;2334,58328;16,6763551;88,441696;306,3;5,1584;7,35;152,5;9,96;22,7129172;0,02265433;0,42019936;2072,64532;0,13067033;0,11324984;0,04118013;1,69920666;123,021845;96,2860624;12,5706118;0,63113588;4,75992193;10,530759;11,1337054;;;
58;Til_sp_1;Til_sp_1;Til_sp_;Til;Malvaceae;119;37,87887646;12;4,35953333;50,78478333;11;0,4319;0,1598;0,369993054;38,263;239,4430538;0,3268;65,8707559;64,4588308;13,8651178;0,01928869;7,02124141;198,877542;12275,9057;0,21921652;3645,21294;28,9421123;2,25081479;1733,49506;0,82301038;21,0887501;0,1644;4189,846;25,48568127;1056,412;0,155621102;0,445;0,3377;1184,26398;29,3423967;33,6502474;11519,9069;0,7625785;14,2943415;2252,04164;10281,0073;0,90446064;1336,9571;71,8829457;3,59033808;2334,58328;16,6763551;88,441696;306,3;5,1584;7,35;152,5;9,96;22,7129172;0,02265433;0,42019936;2072,64532;0,13067033;0,11324984;0,04118013;1,69920666;123,021845;96,2860624;12,5706118;0,63113588;4,75992193;10,530759;11,1337054;;;
59;Que_Pet_1;Que_Pet_1;Que_Pet;Que;Fagaceae;1,7;0,541126807;4;4,36033333;50,78508333;1;0,5527;0,2552;0,461733309;55,309;216,7280564;0,3645;15,6087528;30,1185409;42,2812672;0,01560418;5,88469543;58,1914506;8667,42422;0,11703667;2688,31692;59,4633561;1,37597536;1210,18195;0,34223986;30,6096479;0,2352;5093,864;21,65758503;1001,11;0,234939217;0,414;0,3406;718,589921;25,4339194;30,3297793;10240,3013;1,17284698;19,7205902;1198,45092;6738,34913;0,71646711;1927,26857;84,5897966;2,51595914;1954,44769;42,215282;162,981224;386,11;66,1072;6,47;167;10,02;9,06924359;0,03103834;0,39902292;3680,50372;0,21669943;0,0695136;0,02233281;3,93662636;99,5721091;131,130128;16,7237905;0,22663855;6,39358431;37,2125417;58,1187952;;;
59;Que_Pet_1;Que_Pet_1;Que_Pet;Que;Fagaceae;1,7;0,541126807;4;4,36033333;50,78508333;2;0,5513;0,243;0,440776347;54,633;224,8271605;0,3645;15,6087528;30,1185409;42,2812672;0,01560418;5,88469543;58,1914506;8667,42422;0,11703667;2688,31692;59,4633561;1,37597536;1210,18195;0,34223986;30,6096479;0,2352;5093,864;21,65758503;1001,11;0,234939217;0,414;0,3406;718,589921;25,4339194;30,3297793;10240,3013;1,17284698;19,7205902;1198,45092;6738,34913;0,71646711;1927,26857;84,5897966;2,51595914;1954,44769;42,215282;162,981224;386,11;66,1072;6,47;167;10,02;9,06924359;0,03103834;0,39902292;3680,50372;0,21669943;0,0695136;0,02233281;3,93662636;99,5721091;131,130128;16,7237905;0,22663855;6,39358431;37,2125417;58,1187952;;;
59;Que_Pet_1;Que_Pet_1;Que_Pet;Que;Fagaceae;1,7;0,541126807;4;4,36033333;50,78508333;3;0,2683;0,1096;0,40849795;26,478;241,5875912;0,3645;15,6087528;30,1185409;42,2812672;0,01560418;5,88469543;58,1914506;8667,42422;0,11703667;2688,31692;59,4633561;1,37597536;1210,18195;0,34223986;30,6096479;0,2352;5093,864;21,65758503;1001,11;0,234939217;0,414;0,3406;718,589921;25,4339194;30,3297793;10240,3013;1,17284698;19,7205902;1198,45092;6738,34913;0,71646711;1927,26857;84,5897966;2,51595914;1954,44769;42,215282;162,981224;386,11;66,1072;6,47;167;10,02;9,06924359;0,03103834;0,39902292;3680,50372;0,21669943;0,0695136;0,02233281;3,93662636;99,5721091;131,130128;16,7237905;0,22663855;6,39358431;37,2125417;58,1187952;;;
59;Que_Pet_1;Que_Pet_1;Que_Pet;Que;Fagaceae;1,7;0,541126807;4;4,36033333;50,78508333;4;0,401;0,1705;0,425187032;38,192;224;0,3645;15,6087528;30,1185409;42,2812672;0,01560418;5,88469543;58,1914506;8667,42422;0,11703667;2688,31692;59,4633561;1,37597536;1210,18195;0,34223986;30,6096479;0,2352;5093,864;21,65758503;1001,11;0,234939217;0,414;0,3406;718,589921;25,4339194;30,3297793;10240,3013;1,17284698;19,7205902;1198,45092;6738,34913;0,71646711;1927,26857;84,5897966;2,51595914;1954,44769;42,215282;162,981224;386,11;66,1072;6,47;167;10,02;9,06924359;0,03103834;0,39902292;3680,50372;0,21669943;0,0695136;0,02233281;3,93662636;99,5721091;131,130128;16,7237905;0,22663855;6,39358431;37,2125417;58,1187952;;;
59;Que_Pet_1;Que_Pet_1;Que_Pet;Que;Fagaceae;1,7;0,541126807;4;4,36033333;50,78508333;5;0,3423;0,1454;0,42477359;32,582;224,085282;0,3645;15,6087528;30,1185409;42,2812672;0,01560418;5,88469543;58,1914506;8667,42422;0,11703667;2688,31692;59,4633561;1,37597536;1210,18195;0,34223986;30,6096479;0,2352;5093,864;21,65758503;1001,11;0,234939217;0,414;0,3406;718,589921;25,4339194;30,3297793;10240,3013;1,17284698;19,7205902;1198,45092;6738,34913;0,71646711;1927,26857;84,5897966;2,51595914;1954,44769;42,215282;162,981224;386,11;66,1072;6,47;167;10,02;9,06924359;0,03103834;0,39902292;3680,50372;0,21669943;0,0695136;0,02233281;3,93662636;99,5721091;131,130128;16,7237905;0,22663855;6,39358431;37,2125417;58,1187952;;;
59;Que_Pet_1;Que_Pet_1;Que_Pet;Que;Fagaceae;1,7;0,541126807;4;4,36033333;50,78508333;6;0,5274;0,2383;0,451839211;53,972;226,4876206;0,3645;15,6087528;30,1185409;42,2812672;0,01560418;5,88469543;58,1914506;8667,42422;0,11703667;2688,31692;59,4633561;1,37597536;1210,18195;0,34223986;30,6096479;0,2352;5093,864;21,65758503;1001,11;0,234939217;0,414;0,3406;718,589921;25,4339194;30,3297793;10240,3013;1,17284698;19,7205902;1198,45092;6738,34913;0,71646711;1927,26857;84,5897966;2,51595914;1954,44769;42,215282;162,981224;386,11;66,1072;6,47;167;10,02;9,06924359;0,03103834;0,39902292;3680,50372;0,21669943;0,0695136;0,02233281;3,93662636;99,5721091;131,130128;16,7237905;0,22663855;6,39358431;37,2125417;58,1187952;;;
60;Mah_Aqu_1;Mah_Aqu_1;Mah_Aqu;Mah;Berberidaceae;4;1,273239545;4;4,36040000;50,78515000;1;0,2506;0,0954;0,380686353;17,855;187,1593291;0,3686;6,12264662;46,3676775;1,83840602;0,00293162;6,61617297;52,5411956;11575,9423;0,01823137;2415,84107;51,6181262;1,49955569;2663,77993;0,22719933;26,5557634;0,559;6076,111;10,86960823;4744,95;0,117809461;0,774;0,3095;97,2539057;21,6824476;7,3170205;7072,7588;0,20375986;13,2484966;346,64301;14108,734;0,12428834;1326,20873;29,0513202;2,6056526;3264,37045;1,53649446;59,1179115;323,41;0;7,28;113,9;10,26;8,11911286;0,00937191;0,00857583;761,980708;0,03369764;0,04344866;0,05687088;0,40982583;61,9964891;32,0185516;7,50656106;0,16309299;6,32589984;0,83535116;4,79634841;;;
60;Mah_Aqu_1;Mah_Aqu_1;Mah_Aqu;Mah;Berberidaceae;4;1,273239545;4;4,36040000;50,78515000;2;0,1722;0,0629;0,365272938;13,697;217,7583466;0,3686;6,12264662;46,3676775;1,83840602;0,00293162;6,61617297;52,5411956;11575,9423;0,01823137;2415,84107;51,6181262;1,49955569;2663,77993;0,22719933;26,5557634;0,559;6076,111;10,86960823;4744,95;0,117809461;0,774;0,3095;97,2539057;21,6824476;7,3170205;7072,7588;0,20375986;13,2484966;346,64301;14108,734;0,12428834;1326,20873;29,0513202;2,6056526;3264,37045;1,53649446;59,1179115;323,41;0;7,28;113,9;10,26;8,11911286;0,00937191;0,00857583;761,980708;0,03369764;0,04344866;0,05687088;0,40982583;61,9964891;32,0185516;7,50656106;0,16309299;6,32589984;0,83535116;4,79634841;;;
60;Mah_Aqu_1;Mah_Aqu_1;Mah_Aqu;Mah;Berberidaceae;4;1,273239545;4;4,36040000;50,78515000;3;0,2142;0,0858;0,400560224;17,238;200,9090909;0,3686;6,12264662;46,3676775;1,83840602;0,00293162;6,61617297;52,5411956;11575,9423;0,01823137;2415,84107;51,6181262;1,49955569;2663,77993;0,22719933;26,5557634;0,559;6076,111;10,86960823;4744,95;0,117809461;0,774;0,3095;97,2539057;21,6824476;7,3170205;7072,7588;0,20375986;13,2484966;346,64301;14108,734;0,12428834;1326,20873;29,0513202;2,6056526;3264,37045;1,53649446;59,1179115;323,41;0;7,28;113,9;10,26;8,11911286;0,00937191;0,00857583;761,980708;0,03369764;0,04344866;0,05687088;0,40982583;61,9964891;32,0185516;7,50656106;0,16309299;6,32589984;0,83535116;4,79634841;;;
60;Mah_Aqu_1;Mah_Aqu_1;Mah_Aqu;Mah;Berberidaceae;4;1,273239545;4;4,36040000;50,78515000;4;0,2063;0,0831;0,40281144;17,017;204,7773767;0,3686;6,12264662;46,3676775;1,83840602;0,00293162;6,61617297;52,5411956;11575,9423;0,01823137;2415,84107;51,6181262;1,49955569;2663,77993;0,22719933;26,5557634;0,559;6076,111;10,86960823;4744,95;0,117809461;0,774;0,3095;97,2539057;21,6824476;7,3170205;7072,7588;0,20375986;13,2484966;346,64301;14108,734;0,12428834;1326,20873;29,0513202;2,6056526;3264,37045;1,53649446;59,1179115;323,41;0;7,28;113,9;10,26;8,11911286;0,00937191;0,00857583;761,980708;0,03369764;0,04344866;0,05687088;0,40982583;61,9964891;32,0185516;7,50656106;0,16309299;6,32589984;0,83535116;4,79634841;;;
60;Mah_Aqu_1;Mah_Aqu_1;Mah_Aqu;Mah;Berberidaceae;4;1,273239545;4;4,36040000;50,78515000;5;0,3539;0,1383;0,390788358;23,354;168,8647867;0,3686;6,12264662;46,3676775;1,83840602;0,00293162;6,61617297;52,5411956;11575,9423;0,01823137;2415,84107;51,6181262;1,49955569;2663,77993;0,22719933;26,5557634;0,559;6076,111;10,86960823;4744,95;0,117809461;0,774;0,3095;97,2539057;21,6824476;7,3170205;7072,7588;0,20375986;13,2484966;346,64301;14108,734;0,12428834;1326,20873;29,0513202;2,6056526;3264,37045;1,53649446;59,1179115;323,41;0;7,28;113,9;10,26;8,11911286;0,00937191;0,00857583;761,980708;0,03369764;0,04344866;0,05687088;0,40982583;61,9964891;32,0185516;7,50656106;0,16309299;6,32589984;0,83535116;4,79634841;;;
60;Mah_Aqu_1;Mah_Aqu_1;Mah_Aqu;Mah;Berberidaceae;4;1,273239545;4;4,36040000;50,78515000;6;0,3399;0,1312;0,385995881;24,144;184,0243902;0,3686;6,12264662;46,3676775;1,83840602;0,00293162;6,61617297;52,5411956;11575,9423;0,01823137;2415,84107;51,6181262;1,49955569;2663,77993;0,22719933;26,5557634;0,559;6076,111;10,86960823;4744,95;0,117809461;0,774;0,3095;97,2539057;21,6824476;7,3170205;7072,7588;0,20375986;13,2484966;346,64301;14108,734;0,12428834;1326,20873;29,0513202;2,6056526;3264,37045;1,53649446;59,1179115;323,41;0;7,28;113,9;10,26;8,11911286;0,00937191;0,00857583;761,980708;0,03369764;0,04344866;0,05687088;0,40982583;61,9964891;32,0185516;7,50656106;0,16309299;6,32589984;0,83535116;4,79634841;;;
60;Mah_Aqu_1;Mah_Aqu_1;Mah_Aqu;Mah;Berberidaceae;4;1,273239545;4;4,36040000;50,78515000;7;0,1276;0,0498;0,390282132;11,17;224,2971888;0,3686;6,12264662;46,3676775;1,83840602;0,00293162;6,61617297;52,5411956;11575,9423;0,01823137;2415,84107;51,6181262;1,49955569;2663,77993;0,22719933;26,5557634;0,559;6076,111;10,86960823;4744,95;0,117809461;0,774;0,3095;97,2539057;21,6824476;7,3170205;7072,7588;0,20375986;13,2484966;346,64301;14108,734;0,12428834;1326,20873;29,0513202;2,6056526;3264,37045;1,53649446;59,1179115;323,41;0;7,28;113,9;10,26;8,11911286;0,00937191;0,00857583;761,980708;0,03369764;0,04344866;0,05687088;0,40982583;61,9964891;32,0185516;7,50656106;0,16309299;6,32589984;0,83535116;4,79634841;;;
60;Mah_Aqu_1;Mah_Aqu_1;Mah_Aqu;Mah;Berberidaceae;4;1,273239545;4;4,36040000;50,78515000;8;0,2799;0,1117;0,399071097;20,903;187,1351835;0,3686;6,12264662;46,3676775;1,83840602;0,00293162;6,61617297;52,5411956;11575,9423;0,01823137;2415,84107;51,6181262;1,49955569;2663,77993;0,22719933;26,5557634;0,559;6076,111;10,86960823;4744,95;0,117809461;0,774;0,3095;97,2539057;21,6824476;7,3170205;7072,7588;0,20375986;13,2484966;346,64301;14108,734;0,12428834;1326,20873;29,0513202;2,6056526;3264,37045;1,53649446;59,1179115;323,41;0;7,28;113,9;10,26;8,11911286;0,00937191;0,00857583;761,980708;0,03369764;0,04344866;0,05687088;0,40982583;61,9964891;32,0185516;7,50656106;0,16309299;6,32589984;0,83535116;4,79634841;;;
60;Mah_Aqu_1;Mah_Aqu_1;Mah_Aqu;Mah;Berberidaceae;4;1,273239545;4;4,36040000;50,78515000;9;0,2726;0,1091;0,400220103;20,079;184,0421632;0,3686;6,12264662;46,3676775;1,83840602;0,00293162;6,61617297;52,5411956;11575,9423;0,01823137;2415,84107;51,6181262;1,49955569;2663,77993;0,22719933;26,5557634;0,559;6076,111;10,86960823;4744,95;0,117809461;0,774;0,3095;97,2539057;21,6824476;7,3170205;7072,7588;0,20375986;13,2484966;346,64301;14108,734;0,12428834;1326,20873;29,0513202;2,6056526;3264,37045;1,53649446;59,1179115;323,41;0;7,28;113,9;10,26;8,11911286;0,00937191;0,00857583;761,980708;0,03369764;0,04344866;0,05687088;0,40982583;61,9964891;32,0185516;7,50656106;0,16309299;6,32589984;0,83535116;4,79634841;;;
60;Mah_Aqu_1;Mah_Aqu_1;Mah_Aqu;Mah;Berberidaceae;4;1,273239545;4;4,36040000;50,78515000;10;0,1504;0,0593;0,394281915;12,231;206,2563238;0,3686;6,12264662;46,3676775;1,83840602;0,00293162;6,61617297;52,5411956;11575,9423;0,01823137;2415,84107;51,6181262;1,49955569;2663,77993;0,22719933;26,5557634;0,559;6076,111;10,86960823;4744,95;0,117809461;0,774;0,3095;97,2539057;21,6824476;7,3170205;7072,7588;0,20375986;13,2484966;346,64301;14108,734;0,12428834;1326,20873;29,0513202;2,6056526;3264,37045;1,53649446;59,1179115;323,41;0;7,28;113,9;10,26;8,11911286;0,00937191;0,00857583;761,980708;0,03369764;0,04344866;0,05687088;0,40982583;61,9964891;32,0185516;7,50656106;0,16309299;6,32589984;0,83535116;4,79634841;;;
60;Mah_Aqu_1;Mah_Aqu_1;Mah_Aqu;Mah;Berberidaceae;4;1,273239545;4;4,36040000;50,78515000;11;0,1756;0,0639;0,363895216;14,071;220,2034429;0,3686;6,12264662;46,3676775;1,83840602;0,00293162;6,61617297;52,5411956;11575,9423;0,01823137;2415,84107;51,6181262;1,49955569;2663,77993;0,22719933;26,5557634;0,559;6076,111;10,86960823;4744,95;0,117809461;0,774;0,3095;97,2539057;21,6824476;7,3170205;7072,7588;0,20375986;13,2484966;346,64301;14108,734;0,12428834;1326,20873;29,0513202;2,6056526;3264,37045;1,53649446;59,1179115;323,41;0;7,28;113,9;10,26;8,11911286;0,00937191;0,00857583;761,980708;0,03369764;0,04344866;0,05687088;0,40982583;61,9964891;32,0185516;7,50656106;0,16309299;6,32589984;0,83535116;4,79634841;;;
60;Mah_Aqu_1;Mah_Aqu_1;Mah_Aqu;Mah;Berberidaceae;4;1,273239545;4;4,36040000;50,78515000;12;0,3533;0,1398;0,395697707;24,645;176,2875536;0,3686;6,12264662;46,3676775;1,83840602;0,00293162;6,61617297;52,5411956;11575,9423;0,01823137;2415,84107;51,6181262;1,49955569;2663,77993;0,22719933;26,5557634;0,559;6076,111;10,86960823;4744,95;0,117809461;0,774;0,3095;97,2539057;21,6824476;7,3170205;7072,7588;0,20375986;13,2484966;346,64301;14108,734;0,12428834;1326,20873;29,0513202;2,6056526;3264,37045;1,53649446;59,1179115;323,41;0;7,28;113,9;10,26;8,11911286;0,00937191;0,00857583;761,980708;0,03369764;0,04344866;0,05687088;0,40982583;61,9964891;32,0185516;7,50656106;0,16309299;6,32589984;0,83535116;4,79634841;;;
61;Cas_Sat_1;Cas_Sat_1;Cas_Sat;Cas;Fagaceae;7;2,228169203;3;4,35993333;50,78526667;1;0,8708;0,3126;0,358980248;97,678;312,4696097;0,3432;71,1829143;111,760929;13,7549242;0,05898672;6,71868166;204,514327;15893,5225;0,64033453;2440,59856;57,0434188;2,896191;2097,65647;0,76485079;41,2958206;0,432;5943,9305;15,19392916;3063,184;0,137546261;0,642;0,3115;2368,94931;21,2209053;32,416108;11181,8847;2,62286084;71,2560488;4681,89988;11172,9402;2,18494318;2108,12083;158,275527;7,57077718;2981,87321;12,4097273;273,283632;334,04;32,8504;6,88;160,01;10,19;1,58441593;0,00324374;0,50746859;3308,18919;0,14592733;0,02947331;0,0108026;4,53140504;204,822845;114,75051;13,0507659;0,47494749;2,22960823;6,48194617;16,5732808;;;
61;Cas_Sat_1;Cas_Sat_1;Cas_Sat;Cas;Fagaceae;7;2,228169203;3;4,35993333;50,78526667;2;0,7243;0,2362;0,326107966;100,306;424,6655377;0,3432;71,1829143;111,760929;13,7549242;0,05898672;6,71868166;204,514327;15893,5225;0,64033453;2440,59856;57,0434188;2,896191;2097,65647;0,76485079;41,2958206;0,432;5943,9305;15,19392916;3063,184;0,137546261;0,642;0,3115;2368,94931;21,2209053;32,416108;11181,8847;2,62286084;71,2560488;4681,89988;11172,9402;2,18494318;2108,12083;158,275527;7,57077718;2981,87321;12,4097273;273,283632;334,04;32,8504;6,88;160,01;10,19;1,58441593;0,00324374;0,50746859;3308,18919;0,14592733;0,02947331;0,0108026;4,53140504;204,822845;114,75051;13,0507659;0,47494749;2,22960823;6,48194617;16,5732808;;;
61;Cas_Sat_1;Cas_Sat_1;Cas_Sat;Cas;Fagaceae;7;2,228169203;3;4,35993333;50,78526667;3;0,5339;0,1794;0,336017981;68,999;384,6098105;0,3432;71,1829143;111,760929;13,7549242;0,05898672;6,71868166;204,514327;15893,5225;0,64033453;2440,59856;57,0434188;2,896191;2097,65647;0,76485079;41,2958206;0,432;5943,9305;15,19392916;3063,184;0,137546261;0,642;0,3115;2368,94931;21,2209053;32,416108;11181,8847;2,62286084;71,2560488;4681,89988;11172,9402;2,18494318;2108,12083;158,275527;7,57077718;2981,87321;12,4097273;273,283632;334,04;32,8504;6,88;160,01;10,19;1,58441593;0,00324374;0,50746859;3308,18919;0,14592733;0,02947331;0,0108026;4,53140504;204,822845;114,75051;13,0507659;0,47494749;2,22960823;6,48194617;16,5732808;;;
61;Cas_Sat_1;Cas_Sat_1;Cas_Sat;Cas;Fagaceae;7;2,228169203;3;4,35993333;50,78526667;4;0,5167;0,1586;0,306947939;72,994;460,2395965;0,3432;71,1829143;111,760929;13,7549242;0,05898672;6,71868166;204,514327;15893,5225;0,64033453;2440,59856;57,0434188;2,896191;2097,65647;0,76485079;41,2958206;0,432;5943,9305;15,19392916;3063,184;0,137546261;0,642;0,3115;2368,94931;21,2209053;32,416108;11181,8847;2,62286084;71,2560488;4681,89988;11172,9402;2,18494318;2108,12083;158,275527;7,57077718;2981,87321;12,4097273;273,283632;334,04;32,8504;6,88;160,01;10,19;1,58441593;0,00324374;0,50746859;3308,18919;0,14592733;0,02947331;0,0108026;4,53140504;204,822845;114,75051;13,0507659;0,47494749;2,22960823;6,48194617;16,5732808;;;
61;Cas_Sat_1;Cas_Sat_1;Cas_Sat;Cas;Fagaceae;7;2,228169203;3;4,35993333;50,78526667;5;0,6725;0,2189;0,325501859;72,971;333,3531293;0,3432;71,1829143;111,760929;13,7549242;0,05898672;6,71868166;204,514327;15893,5225;0,64033453;2440,59856;57,0434188;2,896191;2097,65647;0,76485079;41,2958206;0,432;5943,9305;15,19392916;3063,184;0,137546261;0,642;0,3115;2368,94931;21,2209053;32,416108;11181,8847;2,62286084;71,2560488;4681,89988;11172,9402;2,18494318;2108,12083;158,275527;7,57077718;2981,87321;12,4097273;273,283632;334,04;32,8504;6,88;160,01;10,19;1,58441593;0,00324374;0,50746859;3308,18919;0,14592733;0,02947331;0,0108026;4,53140504;204,822845;114,75051;13,0507659;0,47494749;2,22960823;6,48194617;16,5732808;;;
61;Cas_Sat_1;Cas_Sat_1;Cas_Sat;Cas;Fagaceae;7;2,228169203;3;4,35993333;50,78526667;6;0,6261;0,2158;0,344673375;69,294;321,102873;0,3432;71,1829143;111,760929;13,7549242;0,05898672;6,71868166;204,514327;15893,5225;0,64033453;2440,59856;57,0434188;2,896191;2097,65647;0,76485079;41,2958206;0,432;5943,9305;15,19392916;3063,184;0,137546261;0,642;0,3115;2368,94931;21,2209053;32,416108;11181,8847;2,62286084;71,2560488;4681,89988;11172,9402;2,18494318;2108,12083;158,275527;7,57077718;2981,87321;12,4097273;273,283632;334,04;32,8504;6,88;160,01;10,19;1,58441593;0,00324374;0,50746859;3308,18919;0,14592733;0,02947331;0,0108026;4,53140504;204,822845;114,75051;13,0507659;0,47494749;2,22960823;6,48194617;16,5732808;;;
61;Cas_Sat_1;Cas_Sat_1;Cas_Sat;Cas;Fagaceae;7;2,228169203;3;4,35993333;50,78526667;7;0,4798;0,1527;0,318257607;60,005;392,9600524;0,3432;71,1829143;111,760929;13,7549242;0,05898672;6,71868166;204,514327;15893,5225;0,64033453;2440,59856;57,0434188;2,896191;2097,65647;0,76485079;41,2958206;0,432;5943,9305;15,19392916;3063,184;0,137546261;0,642;0,3115;2368,94931;21,2209053;32,416108;11181,8847;2,62286084;71,2560488;4681,89988;11172,9402;2,18494318;2108,12083;158,275527;7,57077718;2981,87321;12,4097273;273,283632;334,04;32,8504;6,88;160,01;10,19;1,58441593;0,00324374;0,50746859;3308,18919;0,14592733;0,02947331;0,0108026;4,53140504;204,822845;114,75051;13,0507659;0,47494749;2,22960823;6,48194617;16,5732808;;;
61;Cas_Sat_1;Cas_Sat_1;Cas_Sat;Cas;Fagaceae;7;2,228169203;3;4,35993333;50,78526667;8;0,4664;0,1431;0,306818182;53,814;376,0587002;0,3432;71,1829143;111,760929;13,7549242;0,05898672;6,71868166;204,514327;15893,5225;0,64033453;2440,59856;57,0434188;2,896191;2097,65647;0,76485079;41,2958206;0,432;5943,9305;15,19392916;3063,184;0,137546261;0,642;0,3115;2368,94931;21,2209053;32,416108;11181,8847;2,62286084;71,2560488;4681,89988;11172,9402;2,18494318;2108,12083;158,275527;7,57077718;2981,87321;12,4097273;273,283632;334,04;32,8504;6,88;160,01;10,19;1,58441593;0,00324374;0,50746859;3308,18919;0,14592733;0,02947331;0,0108026;4,53140504;204,822845;114,75051;13,0507659;0,47494749;2,22960823;6,48194617;16,5732808;;;
61;Cas_Sat_1;Cas_Sat_1;Cas_Sat;Cas;Fagaceae;7;2,228169203;3;4,35993333;50,78526667;9;0,3812;0,1234;0,323714586;48,837;395,7617504;0,3432;71,1829143;111,760929;13,7549242;0,05898672;6,71868166;204,514327;15893,5225;0,64033453;2440,59856;57,0434188;2,896191;2097,65647;0,76485079;41,2958206;0,432;5943,9305;15,19392916;3063,184;0,137546261;0,642;0,3115;2368,94931;21,2209053;32,416108;11181,8847;2,62286084;71,2560488;4681,89988;11172,9402;2,18494318;2108,12083;158,275527;7,57077718;2981,87321;12,4097273;273,283632;334,04;32,8504;6,88;160,01;10,19;1,58441593;0,00324374;0,50746859;3308,18919;0,14592733;0,02947331;0,0108026;4,53140504;204,822845;114,75051;13,0507659;0,47494749;2,22960823;6,48194617;16,5732808;;;
61;Cas_Sat_1;Cas_Sat_1;Cas_Sat;Cas;Fagaceae;7;2,228169203;3;4,35993333;50,78526667;10;0,6179;0,2172;0,35151319;64,751;298,1169429;0,3432;71,1829143;111,760929;13,7549242;0,05898672;6,71868166;204,514327;15893,5225;0,64033453;2440,59856;57,0434188;2,896191;2097,65647;0,76485079;41,2958206;0,432;5943,9305;15,19392916;3063,184;0,137546261;0,642;0,3115;2368,94931;21,2209053;32,416108;11181,8847;2,62286084;71,2560488;4681,89988;11172,9402;2,18494318;2108,12083;158,275527;7,57077718;2981,87321;12,4097273;273,283632;334,04;32,8504;6,88;160,01;10,19;1,58441593;0,00324374;0,50746859;3308,18919;0,14592733;0,02947331;0,0108026;4,53140504;204,822845;114,75051;13,0507659;0,47494749;2,22960823;6,48194617;16,5732808;;;
61;Cas_Sat_1;Cas_Sat_1;Cas_Sat;Cas;Fagaceae;7;2,228169203;3;4,35993333;50,78526667;11;0,6023;0,2059;0,341856218;64,339;312,4769305;0,3432;71,1829143;111,760929;13,7549242;0,05898672;6,71868166;204,514327;15893,5225;0,64033453;2440,59856;57,0434188;2,896191;2097,65647;0,76485079;41,2958206;0,432;5943,9305;15,19392916;3063,184;0,137546261;0,642;0,3115;2368,94931;21,2209053;32,416108;11181,8847;2,62286084;71,2560488;4681,89988;11172,9402;2,18494318;2108,12083;158,275527;7,57077718;2981,87321;12,4097273;273,283632;334,04;32,8504;6,88;160,01;10,19;1,58441593;0,00324374;0,50746859;3308,18919;0,14592733;0,02947331;0,0108026;4,53140504;204,822845;114,75051;13,0507659;0,47494749;2,22960823;6,48194617;16,5732808;;;
61;Cas_Sat_1;Cas_Sat_1;Cas_Sat;Cas;Fagaceae;7;2,228169203;3;4,35993333;50,78526667;12;0,5934;0,2039;0,343613077;66,986;328,5237862;0,3432;71,1829143;111,760929;13,7549242;0,05898672;6,71868166;204,514327;15893,5225;0,64033453;2440,59856;57,0434188;2,896191;2097,65647;0,76485079;41,2958206;0,432;5943,9305;15,19392916;3063,184;0,137546261;0,642;0,3115;2368,94931;21,2209053;32,416108;11181,8847;2,62286084;71,2560488;4681,89988;11172,9402;2,18494318;2108,12083;158,275527;7,57077718;2981,87321;12,4097273;273,283632;334,04;32,8504;6,88;160,01;10,19;1,58441593;0,00324374;0,50746859;3308,18919;0,14592733;0,02947331;0,0108026;4,53140504;204,822845;114,75051;13,0507659;0,47494749;2,22960823;6,48194617;16,5732808;;;
61;Cas_Sat_1;Cas_Sat_1;Cas_Sat;Cas;Fagaceae;7;2,228169203;3;4,35993333;50,78526667;13;0,5535;0,183;0,330623306;67,081;366,5628415;0,3432;71,1829143;111,760929;13,7549242;0,05898672;6,71868166;204,514327;15893,5225;0,64033453;2440,59856;57,0434188;2,896191;2097,65647;0,76485079;41,2958206;0,432;5943,9305;15,19392916;3063,184;0,137546261;0,642;0,3115;2368,94931;21,2209053;32,416108;11181,8847;2,62286084;71,2560488;4681,89988;11172,9402;2,18494318;2108,12083;158,275527;7,57077718;2981,87321;12,4097273;273,283632;334,04;32,8504;6,88;160,01;10,19;1,58441593;0,00324374;0,50746859;3308,18919;0,14592733;0,02947331;0,0108026;4,53140504;204,822845;114,75051;13,0507659;0,47494749;2,22960823;6,48194617;16,5732808;;;
61;Cas_Sat_1;Cas_Sat_1;Cas_Sat;Cas;Fagaceae;7;2,228169203;3;4,35993333;50,78526667;14;0,594;0,2034;0,342424242;70,994;349,0363815;0,3432;71,1829143;111,760929;13,7549242;0,05898672;6,71868166;204,514327;15893,5225;0,64033453;2440,59856;57,0434188;2,896191;2097,65647;0,76485079;41,2958206;0,432;5943,9305;15,19392916;3063,184;0,137546261;0,642;0,3115;2368,94931;21,2209053;32,416108;11181,8847;2,62286084;71,2560488;4681,89988;11172,9402;2,18494318;2108,12083;158,275527;7,57077718;2981,87321;12,4097273;273,283632;334,04;32,8504;6,88;160,01;10,19;1,58441593;0,00324374;0,50746859;3308,18919;0,14592733;0,02947331;0,0108026;4,53140504;204,822845;114,75051;13,0507659;0,47494749;2,22960823;6,48194617;16,5732808;;;
61;Cas_Sat_1;Cas_Sat_1;Cas_Sat;Cas;Fagaceae;7;2,228169203;3;4,35993333;50,78526667;15;0,5908;0,1819;0,30788761;69,544;382,319956;0,3432;71,1829143;111,760929;13,7549242;0,05898672;6,71868166;204,514327;15893,5225;0,64033453;2440,59856;57,0434188;2,896191;2097,65647;0,76485079;41,2958206;0,432;5943,9305;15,19392916;3063,184;0,137546261;0,642;0,3115;2368,94931;21,2209053;32,416108;11181,8847;2,62286084;71,2560488;4681,89988;11172,9402;2,18494318;2108,12083;158,275527;7,57077718;2981,87321;12,4097273;273,283632;334,04;32,8504;6,88;160,01;10,19;1,58441593;0,00324374;0,50746859;3308,18919;0,14592733;0,02947331;0,0108026;4,53140504;204,822845;114,75051;13,0507659;0,47494749;2,22960823;6,48194617;16,5732808;;;
61;Cas_Sat_1;Cas_Sat_1;Cas_Sat;Cas;Fagaceae;7;2,228169203;3;4,35993333;50,78526667;16;0,4489;0,1519;0,338382713;54,131;356,359447;0,3432;71,1829143;111,760929;13,7549242;0,05898672;6,71868166;204,514327;15893,5225;0,64033453;2440,59856;57,0434188;2,896191;2097,65647;0,76485079;41,2958206;0,432;5943,9305;15,19392916;3063,184;0,137546261;0,642;0,3115;2368,94931;21,2209053;32,416108;11181,8847;2,62286084;71,2560488;4681,89988;11172,9402;2,18494318;2108,12083;158,275527;7,57077718;2981,87321;12,4097273;273,283632;334,04;32,8504;6,88;160,01;10,19;1,58441593;0,00324374;0,50746859;3308,18919;0,14592733;0,02947331;0,0108026;4,53140504;204,822845;114,75051;13,0507659;0,47494749;2,22960823;6,48194617;16,5732808;;;
61;Cas_Sat_1;Cas_Sat_1;Cas_Sat;Cas;Fagaceae;7;2,228169203;3;4,35993333;50,78526667;17;0,5811;0,1997;0,343658579;71,207;356,5698548;0,3432;71,1829143;111,760929;13,7549242;0,05898672;6,71868166;204,514327;15893,5225;0,64033453;2440,59856;57,0434188;2,896191;2097,65647;0,76485079;41,2958206;0,432;5943,9305;15,19392916;3063,184;0,137546261;0,642;0,3115;2368,94931;21,2209053;32,416108;11181,8847;2,62286084;71,2560488;4681,89988;11172,9402;2,18494318;2108,12083;158,275527;7,57077718;2981,87321;12,4097273;273,283632;334,04;32,8504;6,88;160,01;10,19;1,58441593;0,00324374;0,50746859;3308,18919;0,14592733;0,02947331;0,0108026;4,53140504;204,822845;114,75051;13,0507659;0,47494749;2,22960823;6,48194617;16,5732808;;;
61;Cas_Sat_1;Cas_Sat_1;Cas_Sat;Cas;Fagaceae;7;2,228169203;3;4,35993333;50,78526667;18;0,8135;0,2951;0,362753534;84,834;287,4754321;0,3432;71,1829143;111,760929;13,7549242;0,05898672;6,71868166;204,514327;15893,5225;0,64033453;2440,59856;57,0434188;2,896191;2097,65647;0,76485079;41,2958206;0,432;5943,9305;15,19392916;3063,184;0,137546261;0,642;0,3115;2368,94931;21,2209053;32,416108;11181,8847;2,62286084;71,2560488;4681,89988;11172,9402;2,18494318;2108,12083;158,275527;7,57077718;2981,87321;12,4097273;273,283632;334,04;32,8504;6,88;160,01;10,19;1,58441593;0,00324374;0,50746859;3308,18919;0,14592733;0,02947331;0,0108026;4,53140504;204,822845;114,75051;13,0507659;0,47494749;2,22960823;6,48194617;16,5732808;;;
61;Cas_Sat_1;Cas_Sat_1;Cas_Sat;Cas;Fagaceae;7;2,228169203;3;4,35993333;50,78526667;19;0,5045;0,1686;0,33419227;59,664;353,8790036;0,3432;71,1829143;111,760929;13,7549242;0,05898672;6,71868166;204,514327;15893,5225;0,64033453;2440,59856;57,0434188;2,896191;2097,65647;0,76485079;41,2958206;0,432;5943,9305;15,19392916;3063,184;0,137546261;0,642;0,3115;2368,94931;21,2209053;32,416108;11181,8847;2,62286084;71,2560488;4681,89988;11172,9402;2,18494318;2108,12083;158,275527;7,57077718;2981,87321;12,4097273;273,283632;334,04;32,8504;6,88;160,01;10,19;1,58441593;0,00324374;0,50746859;3308,18919;0,14592733;0,02947331;0,0108026;4,53140504;204,822845;114,75051;13,0507659;0,47494749;2,22960823;6,48194617;16,5732808;;;
